
/home/hungthoik24/RISCVTutorial1/fpga/sw/cnn/build/main.elf:     file format elf32-littleriscv


Disassembly of section .text:

80000000 <_prog_start>:
  .section .text.init
  .option norvc
  .globl _prog_start
_prog_start:
  // perform boot if hart_0, otherwise sleep
  csrr s0, mhartid
80000000:	f1402473          	csrr	s0,mhartid
  bne s0, zero, _stop
80000004:	00041f63          	bnez	s0,80000022 <_stop>
  csrw mie, s2
80000008:	30491073          	csrw	mie,s2
  li sp, (PAYLOAD_DEST + 0x1F00)
8000000c:	80002137          	lui	sp,0x80002
80000010:	f0010113          	addi	sp,sp,-256 # 80001f00 <class_base_sectors+0x14b4>
  csrr a0, mhartid
80000014:	f1402573          	csrr	a0,mhartid
  call main
80000018:	237d                	jal	800005c6 <main>
  li s1, MEMORY_MEM_ADDR
8000001a:	800004b7          	lui	s1,0x80000
  jr s1
8000001e:	00048067          	jr	s1 # 80000000 <class_base_sectors+0xfffff5b4>

80000022 <_stop>:
_stop:
  wfi
80000022:	10500073          	wfi

80000026 <_loopback>:
_loopback:
  j _loopback
80000026:	0000006f          	j	80000026 <_loopback>

8000002a <kputc>:
  #define UART_CTRL_ADDR _UART_CTRL_ADDR(UART_NUM)
#endif
static volatile uint32_t * const uart = (void *)(UART_CTRL_ADDR);

static inline void kputc(char c)
{
8000002a:	7179                	addi	sp,sp,-48
8000002c:	d622                	sw	s0,44(sp)
8000002e:	1800                	addi	s0,sp,48
80000030:	87aa                	mv	a5,a0
80000032:	fcf40fa3          	sb	a5,-33(s0)
	volatile uint32_t *tx = &REG32(uart, UART_REG_TXFIFO);
80000036:	640007b7          	lui	a5,0x64000
8000003a:	fef42623          	sw	a5,-20(s0)
#ifdef __riscv_atomic
	int32_t r;
	do {
		__asm__ __volatile__ (
8000003e:	fec42703          	lw	a4,-20(s0)
80000042:	fdf44783          	lbu	a5,-33(s0)
80000046:	86be                	mv	a3,a5
80000048:	fec42783          	lw	a5,-20(s0)
8000004c:	40d727af          	amoor.w	a5,a3,(a4)
80000050:	fef42423          	sw	a5,-24(s0)
			"amoor.w %0, %2, %1\n"
			: "=r" (r), "+A" (*tx)
			: "r" (c));
	} while (r < 0);
80000054:	fe842783          	lw	a5,-24(s0)
80000058:	fe07c3e3          	bltz	a5,8000003e <kputc+0x14>
#else
	while ((int32_t)(*tx) < 0);
	*tx = c;
#endif
}
8000005c:	0001                	nop
8000005e:	0001                	nop
80000060:	5432                	lw	s0,44(sp)
80000062:	6145                	addi	sp,sp,48
80000064:	8082                	ret

80000066 <_kputs>:
#include <stdbool.h>

#include "kprintf.h"

static inline void _kputs(const char *s)
{
80000066:	7179                	addi	sp,sp,-48
80000068:	d606                	sw	ra,44(sp)
8000006a:	d422                	sw	s0,40(sp)
8000006c:	1800                	addi	s0,sp,48
8000006e:	fca42e23          	sw	a0,-36(s0)
	char c;
	for (; (c = *s) != '\0'; s++)
80000072:	a811                	j	80000086 <_kputs+0x20>
		kputc(c);
80000074:	fef44783          	lbu	a5,-17(s0)
80000078:	853e                	mv	a0,a5
8000007a:	3f45                	jal	8000002a <kputc>
	for (; (c = *s) != '\0'; s++)
8000007c:	fdc42783          	lw	a5,-36(s0)
80000080:	0785                	addi	a5,a5,1 # 64000001 <_prog_start-0x1bffffff>
80000082:	fcf42e23          	sw	a5,-36(s0)
80000086:	fdc42783          	lw	a5,-36(s0)
8000008a:	0007c783          	lbu	a5,0(a5)
8000008e:	fef407a3          	sb	a5,-17(s0)
80000092:	fef44783          	lbu	a5,-17(s0)
80000096:	fff9                	bnez	a5,80000074 <_kputs+0xe>
}
80000098:	0001                	nop
8000009a:	0001                	nop
8000009c:	50b2                	lw	ra,44(sp)
8000009e:	5422                	lw	s0,40(sp)
800000a0:	6145                	addi	sp,sp,48
800000a2:	8082                	ret

800000a4 <kputs>:

void kputs(const char *s)
{
800000a4:	1101                	addi	sp,sp,-32
800000a6:	ce06                	sw	ra,28(sp)
800000a8:	cc22                	sw	s0,24(sp)
800000aa:	1000                	addi	s0,sp,32
800000ac:	fea42623          	sw	a0,-20(s0)
	_kputs(s);
800000b0:	fec42503          	lw	a0,-20(s0)
800000b4:	3f4d                	jal	80000066 <_kputs>
	kputc('\r');
800000b6:	4535                	li	a0,13
800000b8:	3f8d                	jal	8000002a <kputc>
	kputc('\n');
800000ba:	4529                	li	a0,10
800000bc:	37bd                	jal	8000002a <kputc>
}
800000be:	0001                	nop
800000c0:	40f2                	lw	ra,28(sp)
800000c2:	4462                	lw	s0,24(sp)
800000c4:	6105                	addi	sp,sp,32
800000c6:	8082                	ret

800000c8 <kprintf>:

void kprintf(const char *fmt, ...)
{
800000c8:	7175                	addi	sp,sp,-144
800000ca:	d686                	sw	ra,108(sp)
800000cc:	d4a2                	sw	s0,104(sp)
800000ce:	1880                	addi	s0,sp,112
800000d0:	f8a42e23          	sw	a0,-100(s0)
800000d4:	c04c                	sw	a1,4(s0)
800000d6:	c410                	sw	a2,8(s0)
800000d8:	c454                	sw	a3,12(s0)
800000da:	c818                	sw	a4,16(s0)
800000dc:	c85c                	sw	a5,20(s0)
800000de:	01042c23          	sw	a6,24(s0)
800000e2:	01142e23          	sw	a7,28(s0)
	va_list vl;
	bool is_format, is_long, is_char;
	char c;

	va_start(vl, fmt);
800000e6:	02040793          	addi	a5,s0,32
800000ea:	f8f42c23          	sw	a5,-104(s0)
800000ee:	f9842783          	lw	a5,-104(s0)
800000f2:	1791                	addi	a5,a5,-28
800000f4:	fcf42623          	sw	a5,-52(s0)
	is_format = false;
800000f8:	fe0407a3          	sb	zero,-17(s0)
	is_long = false;
800000fc:	fe040723          	sb	zero,-18(s0)
	is_char = false;
80000100:	fe0406a3          	sb	zero,-19(s0)
	while ((c = *fmt++) != '\0') {
80000104:	a48d                	j	80000366 <kprintf+0x29e>
		if (is_format) {
80000106:	fef44783          	lbu	a5,-17(s0)
8000010a:	24078063          	beqz	a5,8000034a <kprintf+0x282>
			switch (c) {
8000010e:	fd744783          	lbu	a5,-41(s0)
80000112:	02500713          	li	a4,37
80000116:	20e78f63          	beq	a5,a4,80000334 <kprintf+0x26c>
8000011a:	02500713          	li	a4,37
8000011e:	20e7cf63          	blt	a5,a4,8000033c <kprintf+0x274>
80000122:	07800713          	li	a4,120
80000126:	20f74b63          	blt	a4,a5,8000033c <kprintf+0x274>
8000012a:	06300713          	li	a4,99
8000012e:	20e7c763          	blt	a5,a4,8000033c <kprintf+0x274>
80000132:	f9d78793          	addi	a5,a5,-99
80000136:	4755                	li	a4,21
80000138:	20f76263          	bltu	a4,a5,8000033c <kprintf+0x274>
8000013c:	00279713          	slli	a4,a5,0x2
80000140:	00001797          	auipc	a5,0x1
80000144:	8b478793          	addi	a5,a5,-1868 # 800009f4 <spi+0x10>
80000148:	97ba                	add	a5,a5,a4
8000014a:	4398                	lw	a4,0(a5)
8000014c:	00001797          	auipc	a5,0x1
80000150:	8a878793          	addi	a5,a5,-1880 # 800009f4 <spi+0x10>
80000154:	97ba                	add	a5,a5,a4
80000156:	8782                	jr	a5
			case 'l':
				is_long = true;
80000158:	4785                	li	a5,1
8000015a:	fef40723          	sb	a5,-18(s0)
				continue;
8000015e:	a421                	j	80000366 <kprintf+0x29e>
			case 'h':
				is_char = true;
80000160:	4785                	li	a5,1
80000162:	fef406a3          	sb	a5,-19(s0)
				continue;
80000166:	a401                	j	80000366 <kprintf+0x29e>
			case 'd':
			case 'u': {
				long n;
				if (is_long) {
80000168:	fee44783          	lbu	a5,-18(s0)
8000016c:	cb99                	beqz	a5,80000182 <kprintf+0xba>
					n = va_arg(vl, long);
8000016e:	fcc42783          	lw	a5,-52(s0)
80000172:	00478713          	addi	a4,a5,4
80000176:	fce42623          	sw	a4,-52(s0)
8000017a:	439c                	lw	a5,0(a5)
8000017c:	fef42423          	sw	a5,-24(s0)
80000180:	a811                	j	80000194 <kprintf+0xcc>
				} else {
					n = va_arg(vl, int);
80000182:	fcc42783          	lw	a5,-52(s0)
80000186:	00478713          	addi	a4,a5,4
8000018a:	fce42623          	sw	a4,-52(s0)
8000018e:	439c                	lw	a5,0(a5)
80000190:	fef42423          	sw	a5,-24(s0)
				}

				if (c == 'd' && n < 0) {
80000194:	fd744703          	lbu	a4,-41(s0)
80000198:	06400793          	li	a5,100
8000019c:	00f71f63          	bne	a4,a5,800001ba <kprintf+0xf2>
800001a0:	fe842783          	lw	a5,-24(s0)
800001a4:	0007db63          	bgez	a5,800001ba <kprintf+0xf2>
					kputc('-');
800001a8:	02d00513          	li	a0,45
800001ac:	3dbd                	jal	8000002a <kputc>
					n = -n;
800001ae:	fe842783          	lw	a5,-24(s0)
800001b2:	40f007b3          	neg	a5,a5
800001b6:	fef42423          	sw	a5,-24(s0)
				}

				if (n == 0) {
800001ba:	fe842783          	lw	a5,-24(s0)
800001be:	e789                	bnez	a5,800001c8 <kprintf+0x100>
					kputc('0');
800001c0:	03000513          	li	a0,48
800001c4:	359d                	jal	8000002a <kputc>
					break;
800001c6:	aa9d                	j	8000033c <kprintf+0x274>
				}

				char buf[32];
				int i = 0;
800001c8:	fe042223          	sw	zero,-28(s0)
				while (n > 0) {
800001cc:	a82d                	j	80000206 <kprintf+0x13e>
					buf[i++] = '0' + (n % 10);
800001ce:	fe842703          	lw	a4,-24(s0)
800001d2:	47a9                	li	a5,10
800001d4:	02f767b3          	rem	a5,a4,a5
800001d8:	0ff7f713          	zext.b	a4,a5
800001dc:	fe442783          	lw	a5,-28(s0)
800001e0:	00178693          	addi	a3,a5,1
800001e4:	fed42223          	sw	a3,-28(s0)
800001e8:	03070713          	addi	a4,a4,48
800001ec:	0ff77713          	zext.b	a4,a4
800001f0:	17c1                	addi	a5,a5,-16
800001f2:	97a2                	add	a5,a5,s0
800001f4:	fae78e23          	sb	a4,-68(a5)
					n /= 10;
800001f8:	fe842703          	lw	a4,-24(s0)
800001fc:	47a9                	li	a5,10
800001fe:	02f747b3          	div	a5,a4,a5
80000202:	fef42423          	sw	a5,-24(s0)
				while (n > 0) {
80000206:	fe842783          	lw	a5,-24(s0)
8000020a:	fcf042e3          	bgtz	a5,800001ce <kprintf+0x106>
				}
				while (i > 0) {
8000020e:	a831                	j	8000022a <kprintf+0x162>
					kputc(buf[--i]);
80000210:	fe442783          	lw	a5,-28(s0)
80000214:	17fd                	addi	a5,a5,-1
80000216:	fef42223          	sw	a5,-28(s0)
8000021a:	fe442783          	lw	a5,-28(s0)
8000021e:	17c1                	addi	a5,a5,-16
80000220:	97a2                	add	a5,a5,s0
80000222:	fbc7c783          	lbu	a5,-68(a5)
80000226:	853e                	mv	a0,a5
80000228:	3509                	jal	8000002a <kputc>
				while (i > 0) {
8000022a:	fe442783          	lw	a5,-28(s0)
8000022e:	fef041e3          	bgtz	a5,80000210 <kprintf+0x148>
				}
				break;
80000232:	a229                	j	8000033c <kprintf+0x274>
			}
			case 'x':
			case 'p': {
				unsigned long n;
				long i;
				if (is_long || c == 'p') {
80000234:	fee44783          	lbu	a5,-18(s0)
80000238:	e799                	bnez	a5,80000246 <kprintf+0x17e>
8000023a:	fd744703          	lbu	a4,-41(s0)
8000023e:	07000793          	li	a5,112
80000242:	00f71f63          	bne	a4,a5,80000260 <kprintf+0x198>
					n = va_arg(vl, unsigned long);
80000246:	fcc42783          	lw	a5,-52(s0)
8000024a:	00478713          	addi	a4,a5,4
8000024e:	fce42623          	sw	a4,-52(s0)
80000252:	439c                	lw	a5,0(a5)
80000254:	fef42023          	sw	a5,-32(s0)
					i = (sizeof(unsigned long) << 3) - 4;
80000258:	47f1                	li	a5,28
8000025a:	fcf42e23          	sw	a5,-36(s0)
8000025e:	a015                	j	80000282 <kprintf+0x1ba>
				} else {
					n = va_arg(vl, unsigned int);
80000260:	fcc42783          	lw	a5,-52(s0)
80000264:	00478713          	addi	a4,a5,4
80000268:	fce42623          	sw	a4,-52(s0)
8000026c:	439c                	lw	a5,0(a5)
8000026e:	fef42023          	sw	a5,-32(s0)
					i = is_char ? 4 : (sizeof(unsigned int) << 3) - 4;
80000272:	fed44783          	lbu	a5,-19(s0)
80000276:	c399                	beqz	a5,8000027c <kprintf+0x1b4>
80000278:	4791                	li	a5,4
8000027a:	a011                	j	8000027e <kprintf+0x1b6>
8000027c:	47f1                	li	a5,28
8000027e:	fcf42e23          	sw	a5,-36(s0)
				}
				if (c == 'p') {
80000282:	fd744703          	lbu	a4,-41(s0)
80000286:	07000793          	li	a5,112
8000028a:	04f71e63          	bne	a4,a5,800002e6 <kprintf+0x21e>
					_kputs("0x");
8000028e:	00000517          	auipc	a0,0x0
80000292:	75a50513          	addi	a0,a0,1882 # 800009e8 <spi+0x4>
80000296:	3bc1                	jal	80000066 <_kputs>
				}
				for (; i >= 0; i -= 4) {
80000298:	a0b9                	j	800002e6 <kprintf+0x21e>
					long d;
					d = (n >> i) & 0xF;
8000029a:	fdc42783          	lw	a5,-36(s0)
8000029e:	fe042703          	lw	a4,-32(s0)
800002a2:	00f757b3          	srl	a5,a4,a5
800002a6:	8bbd                	andi	a5,a5,15
800002a8:	fcf42823          	sw	a5,-48(s0)
					kputc(d < 10 ? '0' + d : 'a' + d - 10);
800002ac:	fd042703          	lw	a4,-48(s0)
800002b0:	47a5                	li	a5,9
800002b2:	00e7cb63          	blt	a5,a4,800002c8 <kprintf+0x200>
800002b6:	fd042783          	lw	a5,-48(s0)
800002ba:	0ff7f793          	zext.b	a5,a5
800002be:	03078793          	addi	a5,a5,48
800002c2:	0ff7f793          	zext.b	a5,a5
800002c6:	a809                	j	800002d8 <kprintf+0x210>
800002c8:	fd042783          	lw	a5,-48(s0)
800002cc:	0ff7f793          	zext.b	a5,a5
800002d0:	05778793          	addi	a5,a5,87
800002d4:	0ff7f793          	zext.b	a5,a5
800002d8:	853e                	mv	a0,a5
800002da:	3b81                	jal	8000002a <kputc>
				for (; i >= 0; i -= 4) {
800002dc:	fdc42783          	lw	a5,-36(s0)
800002e0:	17f1                	addi	a5,a5,-4
800002e2:	fcf42e23          	sw	a5,-36(s0)
800002e6:	fdc42783          	lw	a5,-36(s0)
800002ea:	fa07d8e3          	bgez	a5,8000029a <kprintf+0x1d2>
				}
				break;
800002ee:	a0b9                	j	8000033c <kprintf+0x274>
			}
			case 's': {
				const char *s = va_arg(vl, const char *);
800002f0:	fcc42783          	lw	a5,-52(s0)
800002f4:	00478713          	addi	a4,a5,4
800002f8:	fce42623          	sw	a4,-52(s0)
800002fc:	439c                	lw	a5,0(a5)
800002fe:	fcf42c23          	sw	a5,-40(s0)
				if (!s) s = "(null)";
80000302:	fd842783          	lw	a5,-40(s0)
80000306:	e799                	bnez	a5,80000314 <kprintf+0x24c>
80000308:	00000797          	auipc	a5,0x0
8000030c:	6e478793          	addi	a5,a5,1764 # 800009ec <spi+0x8>
80000310:	fcf42c23          	sw	a5,-40(s0)
				_kputs(s);
80000314:	fd842503          	lw	a0,-40(s0)
80000318:	33b9                	jal	80000066 <_kputs>
				break;
8000031a:	a00d                	j	8000033c <kprintf+0x274>
			}
			case 'c':
				kputc(va_arg(vl, int));
8000031c:	fcc42783          	lw	a5,-52(s0)
80000320:	00478713          	addi	a4,a5,4
80000324:	fce42623          	sw	a4,-52(s0)
80000328:	439c                	lw	a5,0(a5)
8000032a:	0ff7f793          	zext.b	a5,a5
8000032e:	853e                	mv	a0,a5
80000330:	39ed                	jal	8000002a <kputc>
				break;
80000332:	a029                	j	8000033c <kprintf+0x274>
			case '%':
				kputc('%');
80000334:	02500513          	li	a0,37
80000338:	39cd                	jal	8000002a <kputc>
				break;
8000033a:	0001                	nop
			}
			is_format = false;
8000033c:	fe0407a3          	sb	zero,-17(s0)
			is_long = false;
80000340:	fe040723          	sb	zero,-18(s0)
			is_char = false;
80000344:	fe0406a3          	sb	zero,-19(s0)
80000348:	a839                	j	80000366 <kprintf+0x29e>
		} else if (c == '%') {
8000034a:	fd744703          	lbu	a4,-41(s0)
8000034e:	02500793          	li	a5,37
80000352:	00f71663          	bne	a4,a5,8000035e <kprintf+0x296>
			is_format = true;
80000356:	4785                	li	a5,1
80000358:	fef407a3          	sb	a5,-17(s0)
8000035c:	a029                	j	80000366 <kprintf+0x29e>
		} else {
			kputc(c);
8000035e:	fd744783          	lbu	a5,-41(s0)
80000362:	853e                	mv	a0,a5
80000364:	31d9                	jal	8000002a <kputc>
	while ((c = *fmt++) != '\0') {
80000366:	f9c42783          	lw	a5,-100(s0)
8000036a:	00178713          	addi	a4,a5,1
8000036e:	f8e42e23          	sw	a4,-100(s0)
80000372:	0007c783          	lbu	a5,0(a5)
80000376:	fcf40ba3          	sb	a5,-41(s0)
8000037a:	fd744783          	lbu	a5,-41(s0)
8000037e:	d80794e3          	bnez	a5,80000106 <kprintf+0x3e>
		}
	}
	va_end(vl);
}
80000382:	0001                	nop
80000384:	0001                	nop
80000386:	50b6                	lw	ra,108(sp)
80000388:	5426                	lw	s0,104(sp)
8000038a:	6149                	addi	sp,sp,144
8000038c:	8082                	ret

8000038e <delay_cycles>:
    9692,  // Class 3: Normal
    10192, // Class 4: RBBB
    10692  // Class 5: PVC
};

static inline void delay_cycles(uint32_t cycles) {
8000038e:	7179                	addi	sp,sp,-48
80000390:	d622                	sw	s0,44(sp)
80000392:	1800                	addi	s0,sp,48
80000394:	fca42e23          	sw	a0,-36(s0)
    uint32_t start_val;
    __asm__ volatile ("csrr %0, mcycle" : "=r" (start_val));
80000398:	b00027f3          	csrr	a5,mcycle
8000039c:	fef42623          	sw	a5,-20(s0)
    while (1) {
        uint32_t current_val;
        __asm__ volatile ("csrr %0, mcycle" : "=r" (current_val));
800003a0:	b00027f3          	csrr	a5,mcycle
800003a4:	fef42423          	sw	a5,-24(s0)
        if ((current_val - start_val) >= cycles) break;
800003a8:	fe842703          	lw	a4,-24(s0)
800003ac:	fec42783          	lw	a5,-20(s0)
800003b0:	40f707b3          	sub	a5,a4,a5
800003b4:	fdc42703          	lw	a4,-36(s0)
800003b8:	00e7f363          	bgeu	a5,a4,800003be <delay_cycles+0x30>
    while (1) {
800003bc:	b7d5                	j	800003a0 <delay_cycles+0x12>
        if ((current_val - start_val) >= cycles) break;
800003be:	0001                	nop
    }
}
800003c0:	0001                	nop
800003c2:	5432                	lw	s0,44(sp)
800003c4:	6145                	addi	sp,sp,48
800003c6:	8082                	ret

800003c8 <sd_spi_xfer>:

static inline uint8_t sd_spi_xfer(uint8_t d) {
800003c8:	7179                	addi	sp,sp,-48
800003ca:	d622                	sw	s0,44(sp)
800003cc:	1800                	addi	s0,sp,48
800003ce:	87aa                	mv	a5,a0
800003d0:	fcf40fa3          	sb	a5,-33(s0)
    int32_t r;
    REG32(spi, SPI_REG_TXFIFO) = d;
800003d4:	640017b7          	lui	a5,0x64001
800003d8:	04878793          	addi	a5,a5,72 # 64001048 <_prog_start-0x1bffefb8>
800003dc:	fdf44703          	lbu	a4,-33(s0)
800003e0:	c398                	sw	a4,0(a5)
    do { r = REG32(spi, SPI_REG_RXFIFO); } while (r < 0);
800003e2:	640017b7          	lui	a5,0x64001
800003e6:	04c78793          	addi	a5,a5,76 # 6400104c <_prog_start-0x1bffefb4>
800003ea:	439c                	lw	a5,0(a5)
800003ec:	fef42623          	sw	a5,-20(s0)
800003f0:	fec42783          	lw	a5,-20(s0)
800003f4:	fe07c7e3          	bltz	a5,800003e2 <sd_spi_xfer+0x1a>
    return (uint8_t)r;
800003f8:	fec42783          	lw	a5,-20(s0)
800003fc:	0ff7f793          	zext.b	a5,a5
}
80000400:	853e                	mv	a0,a5
80000402:	5432                	lw	s0,44(sp)
80000404:	6145                	addi	sp,sp,48
80000406:	8082                	ret

80000408 <read_sd_sector>:

int read_sd_sector(uint32_t sector_addr, uint8_t *buffer) {
80000408:	7179                	addi	sp,sp,-48
8000040a:	d606                	sw	ra,44(sp)
8000040c:	d422                	sw	s0,40(sp)
8000040e:	d226                	sw	s1,36(sp)
80000410:	1800                	addi	s0,sp,48
80000412:	fca42e23          	sw	a0,-36(s0)
80000416:	fcb42c23          	sw	a1,-40(s0)
    REG32(spi, SPI_REG_CSMODE) = SPI_CSMODE_HOLD;
8000041a:	640017b7          	lui	a5,0x64001
8000041e:	07e1                	addi	a5,a5,24 # 64001018 <_prog_start-0x1bffefe8>
80000420:	4709                	li	a4,2
80000422:	c398                	sw	a4,0(a5)
    sd_spi_xfer(0xFF);
80000424:	0ff00513          	li	a0,255
80000428:	3745                	jal	800003c8 <sd_spi_xfer>

    sd_spi_xfer(0x51);
8000042a:	05100513          	li	a0,81
8000042e:	3f69                	jal	800003c8 <sd_spi_xfer>
    sd_spi_xfer(sector_addr >> 24); sd_spi_xfer(sector_addr >> 16);
80000430:	fdc42783          	lw	a5,-36(s0)
80000434:	83e1                	srli	a5,a5,0x18
80000436:	0ff7f793          	zext.b	a5,a5
8000043a:	853e                	mv	a0,a5
8000043c:	3771                	jal	800003c8 <sd_spi_xfer>
8000043e:	fdc42783          	lw	a5,-36(s0)
80000442:	83c1                	srli	a5,a5,0x10
80000444:	0ff7f793          	zext.b	a5,a5
80000448:	853e                	mv	a0,a5
8000044a:	3fbd                	jal	800003c8 <sd_spi_xfer>
    sd_spi_xfer(sector_addr >> 8);  sd_spi_xfer(sector_addr);
8000044c:	fdc42783          	lw	a5,-36(s0)
80000450:	83a1                	srli	a5,a5,0x8
80000452:	0ff7f793          	zext.b	a5,a5
80000456:	853e                	mv	a0,a5
80000458:	3f85                	jal	800003c8 <sd_spi_xfer>
8000045a:	fdc42783          	lw	a5,-36(s0)
8000045e:	0ff7f793          	zext.b	a5,a5
80000462:	853e                	mv	a0,a5
80000464:	3795                	jal	800003c8 <sd_spi_xfer>
    sd_spi_xfer(0xFF);
80000466:	0ff00513          	li	a0,255
8000046a:	3fb9                	jal	800003c8 <sd_spi_xfer>
    unsigned long n = 50000;
8000046c:	67b1                	lui	a5,0xc
8000046e:	35078793          	addi	a5,a5,848 # c350 <_prog_start-0x7fff3cb0>
80000472:	fef42623          	sw	a5,-20(s0)
    while ((sd_spi_xfer(0xFF) & 0x80) != 0) if (--n == 0) { REG32(spi, SPI_REG_CSMODE) = SPI_CSMODE_AUTO; return -1; }
80000476:	a005                	j	80000496 <read_sd_sector+0x8e>
80000478:	fec42783          	lw	a5,-20(s0)
8000047c:	17fd                	addi	a5,a5,-1
8000047e:	fef42623          	sw	a5,-20(s0)
80000482:	fec42783          	lw	a5,-20(s0)
80000486:	eb81                	bnez	a5,80000496 <read_sd_sector+0x8e>
80000488:	640017b7          	lui	a5,0x64001
8000048c:	07e1                	addi	a5,a5,24 # 64001018 <_prog_start-0x1bffefe8>
8000048e:	0007a023          	sw	zero,0(a5)
80000492:	57fd                	li	a5,-1
80000494:	a045                	j	80000534 <read_sd_sector+0x12c>
80000496:	0ff00513          	li	a0,255
8000049a:	373d                	jal	800003c8 <sd_spi_xfer>
8000049c:	87aa                	mv	a5,a0
8000049e:	07e2                	slli	a5,a5,0x18
800004a0:	87e1                	srai	a5,a5,0x18
800004a2:	fc07cbe3          	bltz	a5,80000478 <read_sd_sector+0x70>
    n = 50000;
800004a6:	67b1                	lui	a5,0xc
800004a8:	35078793          	addi	a5,a5,848 # c350 <_prog_start-0x7fff3cb0>
800004ac:	fef42623          	sw	a5,-20(s0)
    while (sd_spi_xfer(0xFF) != 0xFE) if (--n == 0) { REG32(spi, SPI_REG_CSMODE) = SPI_CSMODE_AUTO; return -2; }
800004b0:	a005                	j	800004d0 <read_sd_sector+0xc8>
800004b2:	fec42783          	lw	a5,-20(s0)
800004b6:	17fd                	addi	a5,a5,-1
800004b8:	fef42623          	sw	a5,-20(s0)
800004bc:	fec42783          	lw	a5,-20(s0)
800004c0:	eb81                	bnez	a5,800004d0 <read_sd_sector+0xc8>
800004c2:	640017b7          	lui	a5,0x64001
800004c6:	07e1                	addi	a5,a5,24 # 64001018 <_prog_start-0x1bffefe8>
800004c8:	0007a023          	sw	zero,0(a5)
800004cc:	57f9                	li	a5,-2
800004ce:	a09d                	j	80000534 <read_sd_sector+0x12c>
800004d0:	0ff00513          	li	a0,255
800004d4:	3dd5                	jal	800003c8 <sd_spi_xfer>
800004d6:	87aa                	mv	a5,a0
800004d8:	873e                	mv	a4,a5
800004da:	0fe00793          	li	a5,254
800004de:	fcf71ae3          	bne	a4,a5,800004b2 <read_sd_sector+0xaa>
    for (int i = 0; i < 512; i++) buffer[i] = sd_spi_xfer(0xFF);
800004e2:	fe042423          	sw	zero,-24(s0)
800004e6:	a015                	j	8000050a <read_sd_sector+0x102>
800004e8:	fe842783          	lw	a5,-24(s0)
800004ec:	fd842703          	lw	a4,-40(s0)
800004f0:	00f704b3          	add	s1,a4,a5
800004f4:	0ff00513          	li	a0,255
800004f8:	3dc1                	jal	800003c8 <sd_spi_xfer>
800004fa:	87aa                	mv	a5,a0
800004fc:	00f48023          	sb	a5,0(s1)
80000500:	fe842783          	lw	a5,-24(s0)
80000504:	0785                	addi	a5,a5,1
80000506:	fef42423          	sw	a5,-24(s0)
8000050a:	fe842703          	lw	a4,-24(s0)
8000050e:	1ff00793          	li	a5,511
80000512:	fce7dbe3          	bge	a5,a4,800004e8 <read_sd_sector+0xe0>
    sd_spi_xfer(0xFF); sd_spi_xfer(0xFF);
80000516:	0ff00513          	li	a0,255
8000051a:	357d                	jal	800003c8 <sd_spi_xfer>
8000051c:	0ff00513          	li	a0,255
80000520:	3565                	jal	800003c8 <sd_spi_xfer>

    REG32(spi, SPI_REG_CSMODE) = SPI_CSMODE_AUTO;
80000522:	640017b7          	lui	a5,0x64001
80000526:	07e1                	addi	a5,a5,24 # 64001018 <_prog_start-0x1bffefe8>
80000528:	0007a023          	sw	zero,0(a5)
    sd_spi_xfer(0xFF);
8000052c:	0ff00513          	li	a0,255
80000530:	3d61                	jal	800003c8 <sd_spi_xfer>
    return 0;
80000532:	4781                	li	a5,0
}
80000534:	853e                	mv	a0,a5
80000536:	50b2                	lw	ra,44(sp)
80000538:	5422                	lw	s0,40(sp)
8000053a:	5492                	lw	s1,36(sp)
8000053c:	6145                	addi	sp,sp,48
8000053e:	8082                	ret

80000540 <print_heartbeat_info>:

void print_heartbeat_info(uint8_t label) {
80000540:	1101                	addi	sp,sp,-32
80000542:	ce06                	sw	ra,28(sp)
80000544:	cc22                	sw	s0,24(sp)
80000546:	1000                	addi	s0,sp,32
80000548:	87aa                	mv	a5,a0
8000054a:	fef407a3          	sb	a5,-17(s0)
    switch(label) {
8000054e:	fef44783          	lbu	a5,-17(s0)
80000552:	4711                	li	a4,4
80000554:	04f76e63          	bltu	a4,a5,800005b0 <print_heartbeat_info+0x70>
80000558:	00279713          	slli	a4,a5,0x2
8000055c:	00000797          	auipc	a5,0x0
80000560:	53478793          	addi	a5,a5,1332 # 80000a90 <class_base_sectors+0x44>
80000564:	97ba                	add	a5,a5,a4
80000566:	4398                	lw	a4,0(a5)
80000568:	00000797          	auipc	a5,0x0
8000056c:	52878793          	addi	a5,a5,1320 # 80000a90 <class_base_sectors+0x44>
80000570:	97ba                	add	a5,a5,a4
80000572:	8782                	jr	a5
        case 0: kprintf("Paced"); break;
80000574:	00000517          	auipc	a0,0x0
80000578:	4f050513          	addi	a0,a0,1264 # 80000a64 <class_base_sectors+0x18>
8000057c:	36b1                	jal	800000c8 <kprintf>
8000057e:	a83d                	j	800005bc <print_heartbeat_info+0x7c>
        case 1: kprintf("Atrial"); break;
80000580:	00000517          	auipc	a0,0x0
80000584:	4ec50513          	addi	a0,a0,1260 # 80000a6c <class_base_sectors+0x20>
80000588:	3681                	jal	800000c8 <kprintf>
8000058a:	a80d                	j	800005bc <print_heartbeat_info+0x7c>
        case 2: kprintf("LBBB"); break;
8000058c:	00000517          	auipc	a0,0x0
80000590:	4e850513          	addi	a0,a0,1256 # 80000a74 <class_base_sectors+0x28>
80000594:	3e15                	jal	800000c8 <kprintf>
80000596:	a01d                	j	800005bc <print_heartbeat_info+0x7c>
        case 3: kprintf("Normal"); break;
80000598:	00000517          	auipc	a0,0x0
8000059c:	4e450513          	addi	a0,a0,1252 # 80000a7c <class_base_sectors+0x30>
800005a0:	3625                	jal	800000c8 <kprintf>
800005a2:	a829                	j	800005bc <print_heartbeat_info+0x7c>
        case 4: kprintf("RBBB"); break;
800005a4:	00000517          	auipc	a0,0x0
800005a8:	4e050513          	addi	a0,a0,1248 # 80000a84 <class_base_sectors+0x38>
800005ac:	3e31                	jal	800000c8 <kprintf>
800005ae:	a039                	j	800005bc <print_heartbeat_info+0x7c>
        default: kprintf("PVC"); break;
800005b0:	00000517          	auipc	a0,0x0
800005b4:	4dc50513          	addi	a0,a0,1244 # 80000a8c <class_base_sectors+0x40>
800005b8:	3e01                	jal	800000c8 <kprintf>
800005ba:	0001                	nop
    }
}
800005bc:	0001                	nop
800005be:	40f2                	lw	ra,28(sp)
800005c0:	4462                	lw	s0,24(sp)
800005c2:	6105                	addi	sp,sp,32
800005c4:	8082                	ret

800005c6 <main>:

int main(int hartid, char **argv) {
800005c6:	81010113          	addi	sp,sp,-2032
800005ca:	7e112623          	sw	ra,2028(sp)
800005ce:	7e812423          	sw	s0,2024(sp)
800005d2:	7f010413          	addi	s0,sp,2032
800005d6:	d7010113          	addi	sp,sp,-656
800005da:	77fd                	lui	a5,0xfffff
800005dc:	17c1                	addi	a5,a5,-16 # ffffeff0 <class_base_sectors+0x7fffe5a4>
800005de:	97a2                	add	a5,a5,s0
800005e0:	58a7ae23          	sw	a0,1436(a5)
800005e4:	77fd                	lui	a5,0xfffff
800005e6:	17c1                	addi	a5,a5,-16 # ffffeff0 <class_base_sectors+0x7fffe5a4>
800005e8:	97a2                	add	a5,a5,s0
800005ea:	58b7ac23          	sw	a1,1432(a5)
    REG32(uart, UART_REG_TXCTRL) = UART_TXEN;
800005ee:	640007b7          	lui	a5,0x64000
800005f2:	07a1                	addi	a5,a5,8 # 64000008 <_prog_start-0x1bfffff8>
800005f4:	4705                	li	a4,1
800005f6:	c398                	sw	a4,0(a5)
    
    kprintf("\n[C-TB] >>> STARTING FULL 6-CLASS CNN TESTBENCH <<< \r\n");
800005f8:	00000517          	auipc	a0,0x0
800005fc:	4ac50513          	addi	a0,a0,1196 # 80000aa4 <class_base_sectors+0x58>
80000600:	34e1                	jal	800000c8 <kprintf>

    // Reset CNN ban đầu
    REG32(cnn_base, CNN_RESET_OFFSET) = 1;
80000602:	064007b7          	lui	a5,0x6400
80000606:	4705                	li	a4,1
80000608:	c398                	sw	a4,0(a5)
    REG32(cnn_base, CNN_RESET_OFFSET) = 0;
8000060a:	064007b7          	lui	a5,0x6400
8000060e:	0007a023          	sw	zero,0(a5) # 6400000 <_prog_start-0x79c00000>
    delay_cycles(120);
80000612:	07800513          	li	a0,120
80000616:	3ba5                	jal	8000038e <delay_cycles>

    // 1. Đọc trọng số từ thẻ SD (4 sectors từ sector 4096 cho 458 weights)
    uint8_t weight_buffer[2048];
    for (int s = 0; s < 4; s++) {
80000618:	fe042623          	sw	zero,-20(s0)
8000061c:	a881                	j	8000066c <main+0xa6>
        int err = read_sd_sector(START_SECTOR_WEIGHTS + s, &weight_buffer[s * 512]);
8000061e:	fec42703          	lw	a4,-20(s0)
80000622:	6785                	lui	a5,0x1
80000624:	97ba                	add	a5,a5,a4
80000626:	86be                	mv	a3,a5
80000628:	fec42783          	lw	a5,-20(s0)
8000062c:	07a6                	slli	a5,a5,0x9
8000062e:	777d                	lui	a4,0xfffff
80000630:	7a870713          	addi	a4,a4,1960 # fffff7a8 <class_base_sectors+0x7fffed5c>
80000634:	1741                	addi	a4,a4,-16
80000636:	9722                	add	a4,a4,s0
80000638:	97ba                	add	a5,a5,a4
8000063a:	85be                	mv	a1,a5
8000063c:	8536                	mv	a0,a3
8000063e:	33e9                	jal	80000408 <read_sd_sector>
80000640:	f8a42c23          	sw	a0,-104(s0)
        if (err != 0) {
80000644:	f9842783          	lw	a5,-104(s0)
80000648:	cf89                	beqz	a5,80000662 <main+0x9c>
            kprintf("[ERROR] SD Weight Read Fail at sector %d\r\n", START_SECTOR_WEIGHTS + s);
8000064a:	fec42703          	lw	a4,-20(s0)
8000064e:	6785                	lui	a5,0x1
80000650:	97ba                	add	a5,a5,a4
80000652:	85be                	mv	a1,a5
80000654:	00000517          	auipc	a0,0x0
80000658:	48850513          	addi	a0,a0,1160 # 80000adc <class_base_sectors+0x90>
8000065c:	34b5                	jal	800000c8 <kprintf>
            while(1);
8000065e:	0001                	nop
80000660:	bffd                	j	8000065e <main+0x98>
    for (int s = 0; s < 4; s++) {
80000662:	fec42783          	lw	a5,-20(s0)
80000666:	0785                	addi	a5,a5,1 # 1001 <_prog_start-0x7fffefff>
80000668:	fef42623          	sw	a5,-20(s0)
8000066c:	fec42703          	lw	a4,-20(s0)
80000670:	478d                	li	a5,3
80000672:	fae7d6e3          	bge	a5,a4,8000061e <main+0x58>
        }
    }
    uint32_t *weights_32 = (uint32_t*)weight_buffer;
80000676:	77fd                	lui	a5,0xfffff
80000678:	7a878793          	addi	a5,a5,1960 # fffff7a8 <class_base_sectors+0x7fffed5c>
8000067c:	17c1                	addi	a5,a5,-16
8000067e:	97a2                	add	a5,a5,s0
80000680:	fcf42423          	sw	a5,-56(s0)

    kprintf("[C-TB] Step 1: Loading weights...\r\n");
80000684:	00000517          	auipc	a0,0x0
80000688:	48450513          	addi	a0,a0,1156 # 80000b08 <class_base_sectors+0xbc>
8000068c:	3c35                	jal	800000c8 <kprintf>
    REG32(cnn_base, CNN_CONFIG_MODE_OFFSET) = 1;
8000068e:	064007b7          	lui	a5,0x6400
80000692:	0791                	addi	a5,a5,4 # 6400004 <_prog_start-0x79bffffc>
80000694:	4705                	li	a4,1
80000696:	c398                	sw	a4,0(a5)

    for (int w = 0; w < 458; w++) {
80000698:	fe042423          	sw	zero,-24(s0)
8000069c:	a83d                	j	800006da <main+0x114>
        REG32(cnn_base, CNN_WEIGHT_DATA_OFFSET) = weights_32[w] & 0x000FFFFF;
8000069e:	fe842783          	lw	a5,-24(s0)
800006a2:	078a                	slli	a5,a5,0x2
800006a4:	fc842703          	lw	a4,-56(s0)
800006a8:	97ba                	add	a5,a5,a4
800006aa:	4394                	lw	a3,0(a5)
800006ac:	064007b7          	lui	a5,0x6400
800006b0:	07b1                	addi	a5,a5,12 # 640000c <_prog_start-0x79bffff4>
800006b2:	00100737          	lui	a4,0x100
800006b6:	177d                	addi	a4,a4,-1 # fffff <_prog_start-0x7ff00001>
800006b8:	8f75                	and	a4,a4,a3
800006ba:	c398                	sw	a4,0(a5)
        REG32(cnn_base, CNN_WEIGHT_VALID_OFFSET) = 1;
800006bc:	064007b7          	lui	a5,0x6400
800006c0:	07a1                	addi	a5,a5,8 # 6400008 <_prog_start-0x79bffff8>
800006c2:	4705                	li	a4,1
800006c4:	c398                	sw	a4,0(a5)
        REG32(cnn_base, CNN_WEIGHT_VALID_OFFSET) = 0;
800006c6:	064007b7          	lui	a5,0x6400
800006ca:	07a1                	addi	a5,a5,8 # 6400008 <_prog_start-0x79bffff8>
800006cc:	0007a023          	sw	zero,0(a5)
    for (int w = 0; w < 458; w++) {
800006d0:	fe842783          	lw	a5,-24(s0)
800006d4:	0785                	addi	a5,a5,1
800006d6:	fef42423          	sw	a5,-24(s0)
800006da:	fe842703          	lw	a4,-24(s0)
800006de:	1c900793          	li	a5,457
800006e2:	fae7dee3          	bge	a5,a4,8000069e <main+0xd8>
    }
    
    REG32(cnn_base, CNN_CONFIG_MODE_OFFSET) = 0;
800006e6:	064007b7          	lui	a5,0x6400
800006ea:	0791                	addi	a5,a5,4 # 6400004 <_prog_start-0x79bffffc>
800006ec:	0007a023          	sw	zero,0(a5)
    kprintf("[C-TB] Weight loading finished.\r\n");
800006f0:	00000517          	auipc	a0,0x0
800006f4:	43c50513          	addi	a0,a0,1084 # 80000b2c <class_base_sectors+0xe0>
800006f8:	3ac1                	jal	800000c8 <kprintf>
    delay_cycles(20);
800006fa:	4551                	li	a0,20
800006fc:	3949                	jal	8000038e <delay_cycles>

    int total_pass_global = 0;
800006fe:	fe042223          	sw	zero,-28(s0)
    int total_samples_global = NUM_CLASSES * SAMPLES_PER_CLASS;
80000702:	6785                	lui	a5,0x1
80000704:	bb878793          	addi	a5,a5,-1096 # bb8 <_prog_start-0x7ffff448>
80000708:	fcf42223          	sw	a5,-60(s0)

    // Duyệt qua từng Class (Từ 0 đến 5)
    for (int class_idx = 0; class_idx < NUM_CLASSES; class_idx++) {
8000070c:	fe042023          	sw	zero,-32(s0)
80000710:	a411                	j	80000914 <main+0x34e>
        int pass_count = 0;
80000712:	fc042e23          	sw	zero,-36(s0)
        int fail_count = 0;
80000716:	fc042c23          	sw	zero,-40(s0)

        kprintf("\r\n[C-TB] ===== EVALUATING CLASS %d: ", class_idx);
8000071a:	fe042583          	lw	a1,-32(s0)
8000071e:	00000517          	auipc	a0,0x0
80000722:	43250513          	addi	a0,a0,1074 # 80000b50 <class_base_sectors+0x104>
80000726:	324d                	jal	800000c8 <kprintf>
        print_heartbeat_info(class_idx);
80000728:	fe042783          	lw	a5,-32(s0)
8000072c:	0ff7f793          	zext.b	a5,a5
80000730:	853e                	mv	a0,a5
80000732:	3539                	jal	80000540 <print_heartbeat_info>
        kprintf(" =====\r\n");
80000734:	00000517          	auipc	a0,0x0
80000738:	44450513          	addi	a0,a0,1092 # 80000b78 <class_base_sectors+0x12c>
8000073c:	3271                	jal	800000c8 <kprintf>

        for (int s_idx = 0; s_idx < SAMPLES_PER_CLASS; s_idx++) {
8000073e:	fc042a23          	sw	zero,-44(s0)
80000742:	a29d                	j	800008a8 <main+0x2e2>
            uint8_t sector_buffer[512];
            
            uint32_t target_sector = class_base_sectors[class_idx] + s_idx;
80000744:	00000717          	auipc	a4,0x0
80000748:	30870713          	addi	a4,a4,776 # 80000a4c <class_base_sectors>
8000074c:	fe042783          	lw	a5,-32(s0)
80000750:	078a                	slli	a5,a5,0x2
80000752:	97ba                	add	a5,a5,a4
80000754:	4398                	lw	a4,0(a5)
80000756:	fd442783          	lw	a5,-44(s0)
8000075a:	97ba                	add	a5,a5,a4
8000075c:	faf42823          	sw	a5,-80(s0)

            int sd_err = read_sd_sector(target_sector, sector_buffer);
80000760:	77fd                	lui	a5,0xfffff
80000762:	5a878793          	addi	a5,a5,1448 # fffff5a8 <class_base_sectors+0x7fffeb5c>
80000766:	17c1                	addi	a5,a5,-16
80000768:	97a2                	add	a5,a5,s0
8000076a:	85be                	mv	a1,a5
8000076c:	fb042503          	lw	a0,-80(s0)
80000770:	3961                	jal	80000408 <read_sd_sector>
80000772:	faa42623          	sw	a0,-84(s0)
            if (sd_err != 0) {
80000776:	fac42783          	lw	a5,-84(s0)
8000077a:	cf89                	beqz	a5,80000794 <main+0x1ce>
                kprintf("[ERROR] SD read fail at sector %d (Class %d, Sample %d)\r\n", target_sector, class_idx, s_idx);
8000077c:	fd442683          	lw	a3,-44(s0)
80000780:	fe042603          	lw	a2,-32(s0)
80000784:	fb042583          	lw	a1,-80(s0)
80000788:	00000517          	auipc	a0,0x0
8000078c:	3fc50513          	addi	a0,a0,1020 # 80000b84 <class_base_sectors+0x138>
80000790:	3a25                	jal	800000c8 <kprintf>
80000792:	a231                	j	8000089e <main+0x2d8>
                continue;
            }

            // Kích hoạt tín hiệu Start Inference
            REG32(cnn_base, CNN_START_INFER_OFFSET) = 1;
80000794:	064007b7          	lui	a5,0x6400
80000798:	07e1                	addi	a5,a5,24 # 6400018 <_prog_start-0x79bfffe8>
8000079a:	4705                	li	a4,1
8000079c:	c398                	sw	a4,0(a5)
            REG32(cnn_base, CNN_START_INFER_OFFSET) = 0;
8000079e:	064007b7          	lui	a5,0x6400
800007a2:	07e1                	addi	a5,a5,24 # 6400018 <_prog_start-0x79bfffe8>
800007a4:	0007a023          	sw	zero,0(a5)
            delay_cycles(120);
800007a8:	07800513          	li	a0,120
800007ac:	36cd                	jal	8000038e <delay_cycles>

            // Gửi đúng 200 mẫu ECG thực tế (bỏ qua byte đệm thừa)
            for (int i = 0; i < 200; i++) {
800007ae:	fc042823          	sw	zero,-48(s0)
800007b2:	a0b9                	j	80000800 <main+0x23a>
                int8_t raw_val = (int8_t)sector_buffer[i];
800007b4:	77fd                	lui	a5,0xfffff
800007b6:	17c1                	addi	a5,a5,-16 # ffffeff0 <class_base_sectors+0x7fffe5a4>
800007b8:	00878733          	add	a4,a5,s0
800007bc:	fd042783          	lw	a5,-48(s0)
800007c0:	97ba                	add	a5,a5,a4
800007c2:	5a87c783          	lbu	a5,1448(a5)
800007c6:	faf40123          	sb	a5,-94(s0)
                uint32_t sample_data = ((uint32_t)((int32_t)raw_val)) & 0xFF;
800007ca:	fa240783          	lb	a5,-94(s0)
800007ce:	0ff7f793          	zext.b	a5,a5
800007d2:	f8f42e23          	sw	a5,-100(s0)
                REG32(cnn_base, CNN_ECG_DATA_OFFSET) = sample_data;
800007d6:	064007b7          	lui	a5,0x6400
800007da:	07d1                	addi	a5,a5,20 # 6400014 <_prog_start-0x79bfffec>
800007dc:	f9c42703          	lw	a4,-100(s0)
800007e0:	c398                	sw	a4,0(a5)
                REG32(cnn_base, CNN_ECG_VALID_OFFSET) = 1;
800007e2:	064007b7          	lui	a5,0x6400
800007e6:	07c1                	addi	a5,a5,16 # 6400010 <_prog_start-0x79bffff0>
800007e8:	4705                	li	a4,1
800007ea:	c398                	sw	a4,0(a5)
                REG32(cnn_base, CNN_ECG_VALID_OFFSET) = 0;
800007ec:	064007b7          	lui	a5,0x6400
800007f0:	07c1                	addi	a5,a5,16 # 6400010 <_prog_start-0x79bffff0>
800007f2:	0007a023          	sw	zero,0(a5)
            for (int i = 0; i < 200; i++) {
800007f6:	fd042783          	lw	a5,-48(s0)
800007fa:	0785                	addi	a5,a5,1
800007fc:	fcf42823          	sw	a5,-48(s0)
80000800:	fd042703          	lw	a4,-48(s0)
80000804:	0c700793          	li	a5,199
80000808:	fae7d6e3          	bge	a5,a4,800007b4 <main+0x1ee>
            }

            uint32_t timeout = 0;
8000080c:	fc042623          	sw	zero,-52(s0)
            uint32_t done_status = 0;
80000810:	fa042423          	sw	zero,-88(s0)
            while (1) {
                done_status = REG32(cnn_base, CNN_DONE_OFFSET) & 0x1;
80000814:	064007b7          	lui	a5,0x6400
80000818:	02078793          	addi	a5,a5,32 # 6400020 <_prog_start-0x79bfffe0>
8000081c:	439c                	lw	a5,0(a5)
8000081e:	8b85                	andi	a5,a5,1
80000820:	faf42423          	sw	a5,-88(s0)
                if (done_status == 1) {
80000824:	fa842703          	lw	a4,-88(s0)
80000828:	4785                	li	a5,1
8000082a:	02f70963          	beq	a4,a5,8000085c <main+0x296>
                    break;
                }
                timeout++;
8000082e:	fcc42783          	lw	a5,-52(s0)
80000832:	0785                	addi	a5,a5,1
80000834:	fcf42623          	sw	a5,-52(s0)
                if (timeout > 500000) {
80000838:	fcc42703          	lw	a4,-52(s0)
8000083c:	0007a7b7          	lui	a5,0x7a
80000840:	12078793          	addi	a5,a5,288 # 7a120 <_prog_start-0x7ff85ee0>
80000844:	fce7f8e3          	bgeu	a5,a4,80000814 <main+0x24e>
                    kprintf("[ERROR] CNN Inference Timeout! (Class %d, Sample %d)\r\n", class_idx, s_idx);
80000848:	fd442603          	lw	a2,-44(s0)
8000084c:	fe042583          	lw	a1,-32(s0)
80000850:	00000517          	auipc	a0,0x0
80000854:	37050513          	addi	a0,a0,880 # 80000bc0 <class_base_sectors+0x174>
80000858:	3885                	jal	800000c8 <kprintf>
                    break;
8000085a:	a011                	j	8000085e <main+0x298>
                    break;
8000085c:	0001                	nop
                }
            }
            
            uint32_t classification_result = REG32(cnn_base, CNN_CLASS_OFFSET);
8000085e:	064007b7          	lui	a5,0x6400
80000862:	07f1                	addi	a5,a5,28 # 640001c <_prog_start-0x79bfffe4>
80000864:	439c                	lw	a5,0(a5)
80000866:	faf42223          	sw	a5,-92(s0)
            uint8_t predicted_label = (uint8_t)(classification_result & 0x07);
8000086a:	fa442783          	lw	a5,-92(s0)
8000086e:	0ff7f793          	zext.b	a5,a5
80000872:	8b9d                	andi	a5,a5,7
80000874:	faf401a3          	sb	a5,-93(s0)

            if (predicted_label == (uint8_t)class_idx) {
80000878:	fe042783          	lw	a5,-32(s0)
8000087c:	0ff7f793          	zext.b	a5,a5
80000880:	fa344703          	lbu	a4,-93(s0)
80000884:	00f71863          	bne	a4,a5,80000894 <main+0x2ce>
                pass_count++;
80000888:	fdc42783          	lw	a5,-36(s0)
8000088c:	0785                	addi	a5,a5,1
8000088e:	fcf42e23          	sw	a5,-36(s0)
80000892:	a031                	j	8000089e <main+0x2d8>
            } else {
                fail_count++;
80000894:	fd842783          	lw	a5,-40(s0)
80000898:	0785                	addi	a5,a5,1
8000089a:	fcf42c23          	sw	a5,-40(s0)
        for (int s_idx = 0; s_idx < SAMPLES_PER_CLASS; s_idx++) {
8000089e:	fd442783          	lw	a5,-44(s0)
800008a2:	0785                	addi	a5,a5,1
800008a4:	fcf42a23          	sw	a5,-44(s0)
800008a8:	fd442703          	lw	a4,-44(s0)
800008ac:	1f300793          	li	a5,499
800008b0:	e8e7dae3          	bge	a5,a4,80000744 <main+0x17e>
            }
        }

        total_pass_global += pass_count;
800008b4:	fe442703          	lw	a4,-28(s0)
800008b8:	fdc42783          	lw	a5,-36(s0)
800008bc:	97ba                	add	a5,a5,a4
800008be:	fef42223          	sw	a5,-28(s0)
        
        int class_acc_int = (pass_count * 100) / SAMPLES_PER_CLASS;
800008c2:	fdc42703          	lw	a4,-36(s0)
800008c6:	4795                	li	a5,5
800008c8:	02f747b3          	div	a5,a4,a5
800008cc:	faf42c23          	sw	a5,-72(s0)
        int class_acc_frac = ((pass_count * 10000) / SAMPLES_PER_CLASS) % 100;
800008d0:	fdc42703          	lw	a4,-36(s0)
800008d4:	87ba                	mv	a5,a4
800008d6:	078a                	slli	a5,a5,0x2
800008d8:	97ba                	add	a5,a5,a4
800008da:	078a                	slli	a5,a5,0x2
800008dc:	873e                	mv	a4,a5
800008de:	06400793          	li	a5,100
800008e2:	02f767b3          	rem	a5,a4,a5
800008e6:	faf42a23          	sw	a5,-76(s0)
        
        kprintf("[C-TB] Class %d Result: PASS=%d FAIL=%d ACCURACY=%d.%02d%%\r\n", 
800008ea:	fb442783          	lw	a5,-76(s0)
800008ee:	fb842703          	lw	a4,-72(s0)
800008f2:	fd842683          	lw	a3,-40(s0)
800008f6:	fdc42603          	lw	a2,-36(s0)
800008fa:	fe042583          	lw	a1,-32(s0)
800008fe:	00000517          	auipc	a0,0x0
80000902:	2fa50513          	addi	a0,a0,762 # 80000bf8 <class_base_sectors+0x1ac>
80000906:	fc2ff0ef          	jal	ra,800000c8 <kprintf>
    for (int class_idx = 0; class_idx < NUM_CLASSES; class_idx++) {
8000090a:	fe042783          	lw	a5,-32(s0)
8000090e:	0785                	addi	a5,a5,1
80000910:	fef42023          	sw	a5,-32(s0)
80000914:	fe042703          	lw	a4,-32(s0)
80000918:	4795                	li	a5,5
8000091a:	dee7dce3          	bge	a5,a4,80000712 <main+0x14c>
                class_idx, pass_count, fail_count, class_acc_int, class_acc_frac);
    }

    int total_acc_int = (total_pass_global * 100) / total_samples_global;
8000091e:	fe442703          	lw	a4,-28(s0)
80000922:	06400793          	li	a5,100
80000926:	02f70733          	mul	a4,a4,a5
8000092a:	fc442783          	lw	a5,-60(s0)
8000092e:	02f747b3          	div	a5,a4,a5
80000932:	fcf42023          	sw	a5,-64(s0)
    int total_acc_frac = ((total_pass_global * 10000) / total_samples_global) % 100;
80000936:	fe442703          	lw	a4,-28(s0)
8000093a:	6789                	lui	a5,0x2
8000093c:	71078793          	addi	a5,a5,1808 # 2710 <_prog_start-0x7fffd8f0>
80000940:	02f70733          	mul	a4,a4,a5
80000944:	fc442783          	lw	a5,-60(s0)
80000948:	02f74733          	div	a4,a4,a5
8000094c:	06400793          	li	a5,100
80000950:	02f767b3          	rem	a5,a4,a5
80000954:	faf42e23          	sw	a5,-68(s0)

    kprintf("\r\n[C-TB] ========================================================\r\n");
80000958:	00000517          	auipc	a0,0x0
8000095c:	2e050513          	addi	a0,a0,736 # 80000c38 <class_base_sectors+0x1ec>
80000960:	f68ff0ef          	jal	ra,800000c8 <kprintf>
    kprintf("[C-TB] FINAL SYSTEM REPORT (%d samples/class):\r\n", SAMPLES_PER_CLASS);
80000964:	1f400593          	li	a1,500
80000968:	00000517          	auipc	a0,0x0
8000096c:	31450513          	addi	a0,a0,788 # 80000c7c <class_base_sectors+0x230>
80000970:	f58ff0ef          	jal	ra,800000c8 <kprintf>
    kprintf("[C-TB] AVERAGE ACCURACY (6 CLASSES): %d.%02d%%\r\n", total_acc_int, total_acc_frac);
80000974:	fbc42603          	lw	a2,-68(s0)
80000978:	fc042583          	lw	a1,-64(s0)
8000097c:	00000517          	auipc	a0,0x0
80000980:	33450513          	addi	a0,a0,820 # 80000cb0 <class_base_sectors+0x264>
80000984:	f44ff0ef          	jal	ra,800000c8 <kprintf>
    kprintf("[C-TB] ========================================================\r\n");
80000988:	00000517          	auipc	a0,0x0
8000098c:	35c50513          	addi	a0,a0,860 # 80000ce4 <class_base_sectors+0x298>
80000990:	f38ff0ef          	jal	ra,800000c8 <kprintf>

    while(1);
80000994:	0001                	nop
80000996:	bffd                	j	80000994 <main+0x3ce>
	...

Disassembly of section .srodata:

800009d8 <uart>:
static volatile uint32_t * const uart = (void *)(UART_CTRL_ADDR);
800009d8:	0000                	unimp
800009da:	6400                	.2byte	0x6400

800009dc <uart>:
800009dc:	0000                	unimp
800009de:	6400                	.2byte	0x6400

800009e0 <cnn_base>:
static volatile uint32_t * const cnn_base = (void *)(CNN_CTRL_ADDR);
800009e0:	0000                	unimp
800009e2:	0640                	addi	s0,sp,772

800009e4 <spi>:
static volatile uint32_t * const spi      = (void *)(SPI_CTRL_ADDR);
800009e4:	1000                	addi	s0,sp,32
800009e6:	6400                	.2byte	0x6400

Disassembly of section .rodata:

800009e8 <class_base_sectors-0x64>:
800009e8:	7830                	.2byte	0x7830
800009ea:	0000                	unimp
800009ec:	6e28                	.2byte	0x6e28
800009ee:	6c75                	lui	s8,0x1d
800009f0:	296c                	.2byte	0x296c
800009f2:	0000                	unimp
800009f4:	f928                	.2byte	0xf928
800009f6:	ffff                	.2byte	0xffff
800009f8:	f774                	.2byte	0xf774
800009fa:	ffff                	.2byte	0xffff
800009fc:	f948                	.2byte	0xf948
800009fe:	ffff                	.2byte	0xffff
80000a00:	f948                	.2byte	0xf948
80000a02:	ffff                	.2byte	0xffff
80000a04:	f948                	.2byte	0xf948
80000a06:	ffff                	.2byte	0xffff
80000a08:	f76c                	.2byte	0xf76c
80000a0a:	ffff                	.2byte	0xffff
80000a0c:	f948                	.2byte	0xf948
80000a0e:	ffff                	.2byte	0xffff
80000a10:	f948                	.2byte	0xf948
80000a12:	ffff                	.2byte	0xffff
80000a14:	f948                	.2byte	0xf948
80000a16:	ffff                	.2byte	0xffff
80000a18:	f764                	.2byte	0xf764
80000a1a:	ffff                	.2byte	0xffff
80000a1c:	f948                	.2byte	0xf948
80000a1e:	ffff                	.2byte	0xffff
80000a20:	f948                	.2byte	0xf948
80000a22:	ffff                	.2byte	0xffff
80000a24:	f948                	.2byte	0xf948
80000a26:	ffff                	.2byte	0xffff
80000a28:	f840                	.2byte	0xf840
80000a2a:	ffff                	.2byte	0xffff
80000a2c:	f948                	.2byte	0xf948
80000a2e:	ffff                	.2byte	0xffff
80000a30:	f948                	.2byte	0xf948
80000a32:	ffff                	.2byte	0xffff
80000a34:	f8fc                	.2byte	0xf8fc
80000a36:	ffff                	.2byte	0xffff
80000a38:	f948                	.2byte	0xf948
80000a3a:	ffff                	.2byte	0xffff
80000a3c:	f774                	.2byte	0xf774
80000a3e:	ffff                	.2byte	0xffff
80000a40:	f948                	.2byte	0xf948
80000a42:	ffff                	.2byte	0xffff
80000a44:	f948                	.2byte	0xf948
80000a46:	ffff                	.2byte	0xffff
80000a48:	f840                	.2byte	0xf840
80000a4a:	ffff                	.2byte	0xffff

80000a4c <class_base_sectors>:
const uint32_t class_base_sectors[NUM_CLASSES] = {
80000a4c:	2000                	.2byte	0x2000
80000a4e:	0000                	unimp
80000a50:	21f4                	.2byte	0x21f4
80000a52:	0000                	unimp
80000a54:	23e8                	.2byte	0x23e8
80000a56:	0000                	unimp
80000a58:	25dc                	.2byte	0x25dc
80000a5a:	0000                	unimp
80000a5c:	27d0                	.2byte	0x27d0
80000a5e:	0000                	unimp
80000a60:	29c4                	.2byte	0x29c4
80000a62:	0000                	unimp
80000a64:	6150                	.2byte	0x6150
80000a66:	00646563          	bltu	s0,t1,80000a70 <class_base_sectors+0x24>
80000a6a:	0000                	unimp
80000a6c:	7441                	lui	s0,0xffff0
80000a6e:	6972                	.2byte	0x6972
80000a70:	6c61                	lui	s8,0x18
80000a72:	0000                	unimp
80000a74:	424c                	lw	a1,4(a2)
80000a76:	4242                	lw	tp,16(sp)
80000a78:	0000                	unimp
80000a7a:	0000                	unimp
80000a7c:	6f4e                	.2byte	0x6f4e
80000a7e:	6d72                	.2byte	0x6d72
80000a80:	6c61                	lui	s8,0x18
80000a82:	0000                	unimp
80000a84:	4252                	lw	tp,20(sp)
80000a86:	4242                	lw	tp,16(sp)
80000a88:	0000                	unimp
80000a8a:	0000                	unimp
80000a8c:	5650                	lw	a2,44(a2)
80000a8e:	fae40043          	.4byte	0xfae40043
80000a92:	ffff                	.2byte	0xffff
80000a94:	faf0                	.2byte	0xfaf0
80000a96:	ffff                	.2byte	0xffff
80000a98:	fafc                	.2byte	0xfafc
80000a9a:	ffff                	.2byte	0xffff
80000a9c:	fb08                	.2byte	0xfb08
80000a9e:	ffff                	.2byte	0xffff
80000aa0:	fb14                	.2byte	0xfb14
80000aa2:	ffff                	.2byte	0xffff
80000aa4:	5b0a                	lw	s6,160(sp)
80000aa6:	42542d43          	.4byte	0x42542d43
80000aaa:	205d                	jal	80000b50 <class_base_sectors+0x104>
80000aac:	3e3e                	.2byte	0x3e3e
80000aae:	203e                	.2byte	0x203e
80000ab0:	52415453          	.4byte	0x52415453
80000ab4:	4954                	lw	a3,20(a0)
80000ab6:	474e                	lw	a4,208(sp)
80000ab8:	4620                	lw	s0,72(a2)
80000aba:	4c55                	li	s8,21
80000abc:	204c                	.2byte	0x204c
80000abe:	2d36                	.2byte	0x2d36
80000ac0:	53414c43          	.4byte	0x53414c43
80000ac4:	4e432053          	.4byte	0x4e432053
80000ac8:	204e                	.2byte	0x204e
80000aca:	4554                	lw	a3,12(a0)
80000acc:	45425453          	.4byte	0x45425453
80000ad0:	434e                	lw	t1,208(sp)
80000ad2:	2048                	.2byte	0x2048
80000ad4:	3c3c                	.2byte	0x3c3c
80000ad6:	203c                	.2byte	0x203c
80000ad8:	0a0d                	addi	s4,s4,3
80000ada:	0000                	unimp
80000adc:	5252455b          	.4byte	0x5252455b
80000ae0:	205d524f          	.4byte	0x205d524f
80000ae4:	57204453          	.4byte	0x57204453
80000ae8:	6965                	lui	s2,0x19
80000aea:	20746867          	.4byte	0x20746867
80000aee:	6552                	.2byte	0x6552
80000af0:	6461                	lui	s0,0x18
80000af2:	4620                	lw	s0,72(a2)
80000af4:	6961                	lui	s2,0x18
80000af6:	206c                	.2byte	0x206c
80000af8:	7461                	lui	s0,0xffff8
80000afa:	7320                	.2byte	0x7320
80000afc:	6365                	lui	t1,0x19
80000afe:	6f74                	.2byte	0x6f74
80000b00:	2072                	.2byte	0x2072
80000b02:	6425                	lui	s0,0x9
80000b04:	0a0d                	addi	s4,s4,3
80000b06:	0000                	unimp
80000b08:	542d435b          	.4byte	0x542d435b
80000b0c:	5d42                	lw	s10,48(sp)
80000b0e:	5320                	lw	s0,96(a4)
80000b10:	6574                	.2byte	0x6574
80000b12:	2070                	.2byte	0x2070
80000b14:	3a31                	jal	80000430 <read_sd_sector+0x28>
80000b16:	4c20                	lw	s0,88(s0)
80000b18:	6964616f          	jal	sp,800471ae <class_base_sectors+0x46762>
80000b1c:	676e                	.2byte	0x676e
80000b1e:	7720                	.2byte	0x7720
80000b20:	6965                	lui	s2,0x19
80000b22:	73746867          	.4byte	0x73746867
80000b26:	2e2e                	.2byte	0x2e2e
80000b28:	0d2e                	slli	s10,s10,0xb
80000b2a:	000a                	c.slli	zero,0x2
80000b2c:	542d435b          	.4byte	0x542d435b
80000b30:	5d42                	lw	s10,48(sp)
80000b32:	5720                	lw	s0,104(a4)
80000b34:	6965                	lui	s2,0x19
80000b36:	20746867          	.4byte	0x20746867
80000b3a:	6f6c                	.2byte	0x6f6c
80000b3c:	6461                	lui	s0,0x18
80000b3e:	6e69                	lui	t3,0x1a
80000b40:	69662067          	.4byte	0x69662067
80000b44:	696e                	.2byte	0x696e
80000b46:	64656873          	csrrsi	a6,0x646,10
80000b4a:	0d2e                	slli	s10,s10,0xb
80000b4c:	000a                	c.slli	zero,0x2
80000b4e:	0000                	unimp
80000b50:	0a0d                	addi	s4,s4,3
80000b52:	542d435b          	.4byte	0x542d435b
80000b56:	5d42                	lw	s10,48(sp)
80000b58:	3d20                	.2byte	0x3d20
80000b5a:	3d3d                	jal	80000998 <main+0x3d2>
80000b5c:	3d3d                	jal	8000099a <main+0x3d4>
80000b5e:	4520                	lw	s0,72(a0)
80000b60:	4156                	lw	sp,84(sp)
80000b62:	554c                	lw	a1,44(a0)
80000b64:	5441                	li	s0,-16
80000b66:	4e49                	li	t3,18
80000b68:	4c432047          	.4byte	0x4c432047
80000b6c:	5341                	li	t1,-16
80000b6e:	64252053          	.4byte	0x64252053
80000b72:	203a                	.2byte	0x203a
80000b74:	0000                	unimp
80000b76:	0000                	unimp
80000b78:	3d20                	.2byte	0x3d20
80000b7a:	3d3d                	jal	800009b8 <main+0x3f2>
80000b7c:	3d3d                	jal	800009ba <main+0x3f4>
80000b7e:	0a0d                	addi	s4,s4,3
80000b80:	0000                	unimp
80000b82:	0000                	unimp
80000b84:	5252455b          	.4byte	0x5252455b
80000b88:	205d524f          	.4byte	0x205d524f
80000b8c:	72204453          	.4byte	0x72204453
80000b90:	6165                	addi	sp,sp,112
80000b92:	2064                	.2byte	0x2064
80000b94:	6166                	.2byte	0x6166
80000b96:	6c69                	lui	s8,0x1a
80000b98:	6120                	.2byte	0x6120
80000b9a:	2074                	.2byte	0x2074
80000b9c:	74636573          	csrrsi	a0,0x746,6
80000ba0:	2520726f          	jal	tp,80007df2 <class_base_sectors+0x73a6>
80000ba4:	2064                	.2byte	0x2064
80000ba6:	4328                	lw	a0,64(a4)
80000ba8:	616c                	.2byte	0x616c
80000baa:	25207373          	csrrci	t1,0x252,0
80000bae:	2c64                	.2byte	0x2c64
80000bb0:	5320                	lw	s0,96(a4)
80000bb2:	6d61                	lui	s10,0x18
80000bb4:	6c70                	.2byte	0x6c70
80000bb6:	2065                	jal	80000c5e <class_base_sectors+0x212>
80000bb8:	6425                	lui	s0,0x9
80000bba:	0d29                	addi	s10,s10,10 # 1800a <_prog_start-0x7ffe7ff6>
80000bbc:	000a                	c.slli	zero,0x2
80000bbe:	0000                	unimp
80000bc0:	5252455b          	.4byte	0x5252455b
80000bc4:	205d524f          	.4byte	0x205d524f
80000bc8:	204e4e43          	.4byte	0x204e4e43
80000bcc:	6e49                	lui	t3,0x12
80000bce:	6566                	.2byte	0x6566
80000bd0:	6572                	.2byte	0x6572
80000bd2:	636e                	.2byte	0x636e
80000bd4:	2065                	jal	80000c7c <class_base_sectors+0x230>
80000bd6:	6954                	.2byte	0x6954
80000bd8:	656d                	lui	a0,0x1b
80000bda:	2174756f          	jal	a0,800485f0 <class_base_sectors+0x47ba4>
80000bde:	2820                	.2byte	0x2820
80000be0:	73616c43          	.4byte	0x73616c43
80000be4:	64252073          	csrs	0x642,a0
80000be8:	202c                	.2byte	0x202c
80000bea:	706d6153          	.4byte	0x706d6153
80000bee:	656c                	.2byte	0x656c
80000bf0:	2520                	.2byte	0x2520
80000bf2:	2964                	.2byte	0x2964
80000bf4:	0a0d                	addi	s4,s4,3
80000bf6:	0000                	unimp
80000bf8:	542d435b          	.4byte	0x542d435b
80000bfc:	5d42                	lw	s10,48(sp)
80000bfe:	4320                	lw	s0,64(a4)
80000c00:	616c                	.2byte	0x616c
80000c02:	25207373          	csrrci	t1,0x252,0
80000c06:	2064                	.2byte	0x2064
80000c08:	6552                	.2byte	0x6552
80000c0a:	746c7573          	csrrci	a0,0x746,24
80000c0e:	203a                	.2byte	0x203a
80000c10:	4150                	lw	a2,4(a0)
80000c12:	253d5353          	.4byte	0x253d5353
80000c16:	2064                	.2byte	0x2064
80000c18:	4146                	lw	sp,80(sp)
80000c1a:	4c49                	li	s8,18
80000c1c:	253d                	jal	8000124a <class_base_sectors+0x7fe>
80000c1e:	2064                	.2byte	0x2064
80000c20:	4341                	li	t1,16
80000c22:	41525543          	.4byte	0x41525543
80000c26:	253d5943          	.4byte	0x253d5943
80000c2a:	2e64                	.2byte	0x2e64
80000c2c:	3025                	jal	80000454 <read_sd_sector+0x4c>
80000c2e:	6432                	.2byte	0x6432
80000c30:	2525                	jal	80001258 <class_base_sectors+0x80c>
80000c32:	0a0d                	addi	s4,s4,3
80000c34:	0000                	unimp
80000c36:	0000                	unimp
80000c38:	0a0d                	addi	s4,s4,3
80000c3a:	542d435b          	.4byte	0x542d435b
80000c3e:	5d42                	lw	s10,48(sp)
80000c40:	3d20                	.2byte	0x3d20
80000c42:	3d3d                	jal	80000a80 <class_base_sectors+0x34>
80000c44:	3d3d                	jal	80000a82 <class_base_sectors+0x36>
80000c46:	3d3d                	jal	80000a84 <class_base_sectors+0x38>
80000c48:	3d3d                	jal	80000a86 <class_base_sectors+0x3a>
80000c4a:	3d3d                	jal	80000a88 <class_base_sectors+0x3c>
80000c4c:	3d3d                	jal	80000a8a <class_base_sectors+0x3e>
80000c4e:	3d3d                	jal	80000a8c <class_base_sectors+0x40>
80000c50:	3d3d                	jal	80000a8e <class_base_sectors+0x42>
80000c52:	3d3d                	jal	80000a90 <class_base_sectors+0x44>
80000c54:	3d3d                	jal	80000a92 <class_base_sectors+0x46>
80000c56:	3d3d                	jal	80000a94 <class_base_sectors+0x48>
80000c58:	3d3d                	jal	80000a96 <class_base_sectors+0x4a>
80000c5a:	3d3d                	jal	80000a98 <class_base_sectors+0x4c>
80000c5c:	3d3d                	jal	80000a9a <class_base_sectors+0x4e>
80000c5e:	3d3d                	jal	80000a9c <class_base_sectors+0x50>
80000c60:	3d3d                	jal	80000a9e <class_base_sectors+0x52>
80000c62:	3d3d                	jal	80000aa0 <class_base_sectors+0x54>
80000c64:	3d3d                	jal	80000aa2 <class_base_sectors+0x56>
80000c66:	3d3d                	jal	80000aa4 <class_base_sectors+0x58>
80000c68:	3d3d                	jal	80000aa6 <class_base_sectors+0x5a>
80000c6a:	3d3d                	jal	80000aa8 <class_base_sectors+0x5c>
80000c6c:	3d3d                	jal	80000aaa <class_base_sectors+0x5e>
80000c6e:	3d3d                	jal	80000aac <class_base_sectors+0x60>
80000c70:	3d3d                	jal	80000aae <class_base_sectors+0x62>
80000c72:	3d3d                	jal	80000ab0 <class_base_sectors+0x64>
80000c74:	3d3d                	jal	80000ab2 <class_base_sectors+0x66>
80000c76:	3d3d                	jal	80000ab4 <class_base_sectors+0x68>
80000c78:	0d3d                	addi	s10,s10,15
80000c7a:	000a                	c.slli	zero,0x2
80000c7c:	542d435b          	.4byte	0x542d435b
80000c80:	5d42                	lw	s10,48(sp)
80000c82:	4620                	lw	s0,72(a2)
80000c84:	4e49                	li	t3,18
80000c86:	4c41                	li	s8,16
80000c88:	5320                	lw	s0,96(a4)
80000c8a:	5359                	li	t1,-10
80000c8c:	4554                	lw	a3,12(a0)
80000c8e:	204d                	jal	80000d30 <class_base_sectors+0x2e4>
80000c90:	4552                	lw	a0,20(sp)
80000c92:	4f50                	lw	a2,28(a4)
80000c94:	5452                	lw	s0,52(sp)
80000c96:	2820                	.2byte	0x2820
80000c98:	6425                	lui	s0,0x9
80000c9a:	7320                	.2byte	0x7320
80000c9c:	6d61                	lui	s10,0x18
80000c9e:	6c70                	.2byte	0x6c70
80000ca0:	7365                	lui	t1,0xffff9
80000ca2:	616c632f          	.4byte	0x616c632f
80000ca6:	3a297373          	csrrci	t1,pmpcfg2,18
80000caa:	0a0d                	addi	s4,s4,3
80000cac:	0000                	unimp
80000cae:	0000                	unimp
80000cb0:	542d435b          	.4byte	0x542d435b
80000cb4:	5d42                	lw	s10,48(sp)
80000cb6:	4120                	lw	s0,64(a0)
80000cb8:	4556                	lw	a0,84(sp)
80000cba:	4152                	lw	sp,20(sp)
80000cbc:	41204547          	.4byte	0x41204547
80000cc0:	52554343          	.4byte	0x52554343
80000cc4:	4341                	li	t1,16
80000cc6:	2059                	jal	80000d4c <class_base_sectors+0x300>
80000cc8:	3628                	.2byte	0x3628
80000cca:	4320                	lw	s0,64(a4)
80000ccc:	414c                	lw	a1,4(a0)
80000cce:	53455353          	.4byte	0x53455353
80000cd2:	3a29                	jal	800005ec <main+0x26>
80000cd4:	2520                	.2byte	0x2520
80000cd6:	2e64                	.2byte	0x2e64
80000cd8:	3025                	jal	80000500 <read_sd_sector+0xf8>
80000cda:	6432                	.2byte	0x6432
80000cdc:	2525                	jal	80001304 <class_base_sectors+0x8b8>
80000cde:	0a0d                	addi	s4,s4,3
80000ce0:	0000                	unimp
80000ce2:	0000                	unimp
80000ce4:	542d435b          	.4byte	0x542d435b
80000ce8:	5d42                	lw	s10,48(sp)
80000cea:	3d20                	.2byte	0x3d20
80000cec:	3d3d                	jal	80000b2a <class_base_sectors+0xde>
80000cee:	3d3d                	jal	80000b2c <class_base_sectors+0xe0>
80000cf0:	3d3d                	jal	80000b2e <class_base_sectors+0xe2>
80000cf2:	3d3d                	jal	80000b30 <class_base_sectors+0xe4>
80000cf4:	3d3d                	jal	80000b32 <class_base_sectors+0xe6>
80000cf6:	3d3d                	jal	80000b34 <class_base_sectors+0xe8>
80000cf8:	3d3d                	jal	80000b36 <class_base_sectors+0xea>
80000cfa:	3d3d                	jal	80000b38 <class_base_sectors+0xec>
80000cfc:	3d3d                	jal	80000b3a <class_base_sectors+0xee>
80000cfe:	3d3d                	jal	80000b3c <class_base_sectors+0xf0>
80000d00:	3d3d                	jal	80000b3e <class_base_sectors+0xf2>
80000d02:	3d3d                	jal	80000b40 <class_base_sectors+0xf4>
80000d04:	3d3d                	jal	80000b42 <class_base_sectors+0xf6>
80000d06:	3d3d                	jal	80000b44 <class_base_sectors+0xf8>
80000d08:	3d3d                	jal	80000b46 <class_base_sectors+0xfa>
80000d0a:	3d3d                	jal	80000b48 <class_base_sectors+0xfc>
80000d0c:	3d3d                	jal	80000b4a <class_base_sectors+0xfe>
80000d0e:	3d3d                	jal	80000b4c <class_base_sectors+0x100>
80000d10:	3d3d                	jal	80000b4e <class_base_sectors+0x102>
80000d12:	3d3d                	jal	80000b50 <class_base_sectors+0x104>
80000d14:	3d3d                	jal	80000b52 <class_base_sectors+0x106>
80000d16:	3d3d                	jal	80000b54 <class_base_sectors+0x108>
80000d18:	3d3d                	jal	80000b56 <class_base_sectors+0x10a>
80000d1a:	3d3d                	jal	80000b58 <class_base_sectors+0x10c>
80000d1c:	3d3d                	jal	80000b5a <class_base_sectors+0x10e>
80000d1e:	3d3d                	jal	80000b5c <class_base_sectors+0x110>
80000d20:	3d3d                	jal	80000b5e <class_base_sectors+0x112>
80000d22:	0d3d                	addi	s10,s10,15 # 1800f <_prog_start-0x7ffe7ff1>
80000d24:	000a                	c.slli	zero,0x2

Disassembly of section .riscv.attributes:

00000000 <.riscv.attributes>:
   0:	2e41                	jal	390 <_prog_start-0x7ffffc70>
   2:	0000                	unimp
   4:	7200                	.2byte	0x7200
   6:	7369                	lui	t1,0xffffa
   8:	01007663          	bgeu	zero,a6,14 <_prog_start-0x7fffffec>
   c:	0024                	addi	s1,sp,8
   e:	0000                	unimp
  10:	1004                	addi	s1,sp,32
  12:	7205                	lui	tp,0xfffe1
  14:	3376                	.2byte	0x3376
  16:	6932                	.2byte	0x6932
  18:	7032                	.2byte	0x7032
  1a:	5f30                	lw	a2,120(a4)
  1c:	326d                	jal	fffff9c6 <class_base_sectors+0x7fffef7a>
  1e:	3070                	.2byte	0x3070
  20:	615f 7032 5f30      	.byte	0x5f, 0x61, 0x32, 0x70, 0x30, 0x5f
  26:	30703263          	.4byte	0x30703263
  2a:	0800                	addi	s0,sp,16
  2c:	0a01                	addi	s4,s4,0
  2e:	0b              	Address 0x000000000000002e is out of bounds.


Disassembly of section .comment:

00000000 <.comment>:
   0:	3a434347          	.4byte	0x3a434347
   4:	2820                	.2byte	0x2820
   6:	65653267          	.4byte	0x65653267
   a:	6535                	lui	a0,0xd
   c:	3334                	.2byte	0x3334
   e:	3030                	.2byte	0x3030
  10:	3831                	jal	fffff82c <class_base_sectors+0x7fffede0>
  12:	2029                	jal	1c <_prog_start-0x7fffffe4>
  14:	3231                	jal	fffff920 <class_base_sectors+0x7fffeed4>
  16:	322e                	.2byte	0x322e
  18:	302e                	.2byte	0x302e
	...

Disassembly of section .debug_line:

00000000 <.debug_line>:
   0:	007c                	addi	a5,sp,12
   2:	0000                	unimp
   4:	0005                	c.nop	1
   6:	0004                	.2byte	0x4
   8:	002e                	c.slli	zero,0xb
   a:	0000                	unimp
   c:	0101                	addi	sp,sp,0
   e:	fb01                	bnez	a4,ffffff1e <class_base_sectors+0x7ffff4d2>
  10:	0d0e                	slli	s10,s10,0x3
  12:	0100                	addi	s0,sp,128
  14:	0101                	addi	sp,sp,0
  16:	0001                	nop
  18:	0000                	unimp
  1a:	0001                	nop
  1c:	0100                	addi	s0,sp,128
  1e:	0101                	addi	sp,sp,0
  20:	021f 0000 0000      	.byte	0x1f, 0x02, 0x00, 0x00, 0x00, 0x00
  26:	002d                	c.nop	11
  28:	0000                	unimp
  2a:	0102                	c.slli64	sp
  2c:	021f 020f 005e      	.byte	0x1f, 0x02, 0x0f, 0x02, 0x5e, 0x00
  32:	0000                	unimp
  34:	5e01                	li	t3,-32
  36:	0000                	unimp
  38:	0100                	addi	s0,sp,128
  3a:	0500                	addi	s0,sp,640
  3c:	0002                	c.slli64	zero
  3e:	0000                	unimp
  40:	0380                	addi	s0,sp,448
  42:	010a                	slli	sp,sp,0x2
  44:	04090103          	lb	sp,64(s2) # 19040 <_prog_start-0x7ffe6fc0>
  48:	0100                	addi	s0,sp,128
  4a:	04090103          	lb	sp,64(s2)
  4e:	0100                	addi	s0,sp,128
  50:	04090103          	lb	sp,64(s2)
  54:	0100                	addi	s0,sp,128
  56:	08090103          	lb	sp,128(s2)
  5a:	0100                	addi	s0,sp,128
  5c:	04090103          	lb	sp,64(s2)
  60:	0100                	addi	s0,sp,128
  62:	02090103          	lb	sp,32(s2)
  66:	0100                	addi	s0,sp,128
  68:	04090103          	lb	sp,64(s2)
  6c:	0100                	addi	s0,sp,128
  6e:	04090203          	lb	tp,64(s2)
  72:	0100                	addi	s0,sp,128
  74:	04090203          	lb	tp,64(s2)
  78:	0100                	addi	s0,sp,128
  7a:	0409                	addi	s0,s0,2 # 9002 <_prog_start-0x7fff6ffe>
  7c:	0000                	unimp
  7e:	0101                	addi	sp,sp,0
  80:	0394                	addi	a3,sp,448
  82:	0000                	unimp
  84:	0005                	c.nop	1
  86:	0004                	.2byte	0x4
  88:	0052                	c.slli	zero,0x14
  8a:	0000                	unimp
  8c:	0101                	addi	sp,sp,0
  8e:	fb01                	bnez	a4,ffffff9e <class_base_sectors+0x7ffff552>
  90:	0d0e                	slli	s10,s10,0x3
  92:	0100                	addi	s0,sp,128
  94:	0101                	addi	sp,sp,0
  96:	0001                	nop
  98:	0000                	unimp
  9a:	0001                	nop
  9c:	0100                	addi	s0,sp,128
  9e:	0101                	addi	sp,sp,0
  a0:	061f 0000 0000      	.byte	0x1f, 0x06, 0x00, 0x00, 0x00, 0x00
  a6:	002d                	c.nop	11
  a8:	0000                	unimp
  aa:	00a0                	addi	s0,sp,72
  ac:	0000                	unimp
  ae:	00d5                	addi	ra,ra,21
  b0:	0000                	unimp
  b2:	00000137          	lui	sp,0x0
  b6:	0192                	slli	gp,gp,0x4
  b8:	0000                	unimp
  ba:	0102                	c.slli64	sp
  bc:	021f 060f 0096      	.byte	0x1f, 0x02, 0x0f, 0x06, 0x96, 0x00
  c2:	0000                	unimp
  c4:	e901                	bnez	a0,d4 <_prog_start-0x7fffff2c>
  c6:	0001                	nop
  c8:	0200                	addi	s0,sp,256
  ca:	0096                	slli	ra,ra,0x5
  cc:	0000                	unimp
  ce:	f301                	bnez	a4,ffffffce <class_base_sectors+0x7ffff582>
  d0:	0001                	nop
  d2:	0300                	addi	s0,sp,384
  d4:	01fc                	addi	a5,sp,204
  d6:	0000                	unimp
  d8:	0d04                	addi	s1,sp,656
  da:	0002                	c.slli64	zero
  dc:	0500                	addi	s0,sp,640
  de:	0105                	addi	sp,sp,1 # 1 <_prog_start-0x7fffffff>
  e0:	0500                	addi	s0,sp,640
  e2:	2a02                	.2byte	0x2a02
  e4:	0000                	unimp
  e6:	0380                	addi	s0,sp,448
  e8:	0115                	addi	sp,sp,5
  ea:	1505                	addi	a0,a0,-31 # cfe1 <_prog_start-0x7fff301f>
  ec:	0c090103          	lb	sp,192(s2)
  f0:	0100                	addi	s0,sp,128
  f2:	0305                	addi	t1,t1,1 # ffffa001 <class_base_sectors+0x7fff95b5>
  f4:	0200                	addi	s0,sp,256
  f6:	0104                	addi	s1,sp,128
  f8:	08090403          	lb	s0,128(s2)
  fc:	0100                	addi	s0,sp,128
  fe:	0d05                	addi	s10,s10,1
 100:	0200                	addi	s0,sp,256
 102:	0104                	addi	s1,sp,128
 104:	16090403          	lb	s0,352(s2)
 108:	0100                	addi	s0,sp,128
 10a:	0105                	addi	sp,sp,1
 10c:	08090503          	lb	a0,128(s2)
 110:	0100                	addi	s0,sp,128
 112:	0204                	addi	s1,sp,256
 114:	0a096503          	.4byte	0xa096503
 118:	0100                	addi	s0,sp,128
 11a:	0205                	addi	tp,tp,1 # fffe1001 <class_base_sectors+0x7ffe05b5>
 11c:	0c090203          	lb	tp,192(s2)
 120:	0100                	addi	s0,sp,128
 122:	0305                	addi	t1,t1,1
 124:	0200                	addi	s0,sp,256
 126:	0204                	addi	s1,sp,256
 128:	02090103          	lb	sp,32(s2)
 12c:	0100                	addi	s0,sp,128
 12e:	1c05                	addi	s8,s8,-31 # 19fe1 <_prog_start-0x7ffe601f>
 130:	0200                	addi	s0,sp,256
 132:	0204                	addi	s1,sp,256
 134:	08097f03          	.4byte	0x8097f03
 138:	0100                	addi	s0,sp,128
 13a:	0c05                	addi	s8,s8,1
 13c:	0200                	addi	s0,sp,256
 13e:	0104                	addi	s1,sp,128
 140:	0a090003          	lb	zero,160(s2)
 144:	0100                	addi	s0,sp,128
 146:	1205                	addi	tp,tp,-31 # ffffffe1 <class_base_sectors+0x7ffff595>
 148:	0200                	addi	s0,sp,256
 14a:	0104                	addi	s1,sp,128
 14c:	0c090003          	lb	zero,192(s2)
 150:	0100                	addi	s0,sp,128
 152:	0105                	addi	sp,sp,1
 154:	06090203          	lb	tp,96(s2)
 158:	0100                	addi	s0,sp,128
 15a:	0c090303          	lb	t1,192(s2)
 15e:	0100                	addi	s0,sp,128
 160:	0205                	addi	tp,tp,1 # 1 <_prog_start-0x7fffffff>
 162:	0c090103          	lb	sp,192(s2)
 166:	0100                	addi	s0,sp,128
 168:	06090103          	lb	sp,96(s2)
 16c:	0100                	addi	s0,sp,128
 16e:	04090103          	lb	sp,64(s2)
 172:	0100                	addi	s0,sp,128
 174:	0105                	addi	sp,sp,1
 176:	04090103          	lb	sp,64(s2)
 17a:	0100                	addi	s0,sp,128
 17c:	0a090303          	lb	t1,160(s2)
 180:	0100                	addi	s0,sp,128
 182:	0205                	addi	tp,tp,1 # 1 <_prog_start-0x7fffffff>
 184:	1e090503          	lb	a0,480(s2)
 188:	0100                	addi	s0,sp,128
 18a:	0c05                	addi	s8,s8,1
 18c:	12090103          	lb	sp,288(s2)
 190:	0100                	addi	s0,sp,128
 192:	0a05                	addi	s4,s4,1
 194:	04090103          	lb	sp,64(s2)
 198:	0100                	addi	s0,sp,128
 19a:	04090103          	lb	sp,64(s2)
 19e:	0100                	addi	s0,sp,128
 1a0:	0805                	addi	a6,a6,1
 1a2:	04090103          	lb	sp,64(s2)
 1a6:	0100                	addi	s0,sp,128
 1a8:	0605                	addi	a2,a2,1
 1aa:	02090103          	lb	sp,32(s2)
 1ae:	0100                	addi	s0,sp,128
 1b0:	0405                	addi	s0,s0,1
 1b2:	08090103          	lb	sp,128(s2)
 1b6:	0100                	addi	s0,sp,128
 1b8:	0d05                	addi	s10,s10,1
 1ba:	0200                	addi	s0,sp,256
 1bc:	0204                	addi	s1,sp,256
 1be:	4a090203          	lb	tp,1184(s2)
 1c2:	0100                	addi	s0,sp,128
 1c4:	0505                	addi	a0,a0,1
 1c6:	0200                	addi	s0,sp,256
 1c8:	0204                	addi	s1,sp,256
 1ca:	06090103          	lb	sp,96(s2)
 1ce:	0100                	addi	s0,sp,128
 1d0:	0d05                	addi	s10,s10,1
 1d2:	0200                	addi	s0,sp,256
 1d4:	0104                	addi	s1,sp,128
 1d6:	02090203          	lb	tp,32(s2)
 1da:	0100                	addi	s0,sp,128
 1dc:	0505                	addi	a0,a0,1
 1de:	0200                	addi	s0,sp,256
 1e0:	0104                	addi	s1,sp,128
 1e2:	06090103          	lb	sp,96(s2)
 1e6:	0100                	addi	s0,sp,128
 1e8:	0805                	addi	a6,a6,1
 1ea:	02090403          	lb	s0,32(s2)
 1ee:	0100                	addi	s0,sp,128
 1f0:	06090103          	lb	sp,96(s2)
 1f4:	0100                	addi	s0,sp,128
 1f6:	14090203          	lb	tp,320(s2)
 1fa:	0100                	addi	s0,sp,128
 1fc:	12090303          	lb	t1,288(s2)
 200:	0100                	addi	s0,sp,128
 202:	1205                	addi	tp,tp,-31 # ffffffe1 <class_base_sectors+0x7ffff595>
 204:	0200                	addi	s0,sp,256
 206:	0104                	addi	s1,sp,128
 208:	0c090003          	lb	zero,192(s2)
 20c:	0100                	addi	s0,sp,128
 20e:	0605                	addi	a2,a2,1
 210:	08090103          	lb	sp,128(s2)
 214:	0100                	addi	s0,sp,128
 216:	0805                	addi	a6,a6,1
 218:	06090103          	lb	sp,96(s2)
 21c:	0100                	addi	s0,sp,128
 21e:	0c090303          	lb	t1,192(s2)
 222:	0100                	addi	s0,sp,128
 224:	0605                	addi	a2,a2,1
 226:	06090103          	lb	sp,96(s2)
 22a:	0100                	addi	s0,sp,128
 22c:	06090103          	lb	sp,96(s2)
 230:	0100                	addi	s0,sp,128
 232:	0905                	addi	s2,s2,1
 234:	02090403          	lb	s0,32(s2)
 238:	0100                	addi	s0,sp,128
 23a:	0b05                	addi	s6,s6,1
 23c:	04090103          	lb	sp,64(s2)
 240:	0100                	addi	s0,sp,128
 242:	1a05                	addi	s4,s4,-31
 244:	02090103          	lb	sp,32(s2)
 248:	0100                	addi	s0,sp,128
 24a:	1505                	addi	a0,a0,-31
 24c:	0a090003          	lb	zero,160(s2)
 250:	0100                	addi	s0,sp,128
 252:	0b05                	addi	s6,s6,1
 254:	04090003          	lb	zero,64(s2)
 258:	0100                	addi	s0,sp,128
 25a:	1505                	addi	a0,a0,-31
 25c:	0c090003          	lb	zero,192(s2)
 260:	0100                	addi	s0,sp,128
 262:	0f05                	addi	t5,t5,1
 264:	08090003          	lb	zero,128(s2)
 268:	0100                	addi	s0,sp,128
 26a:	0805                	addi	a6,a6,1
 26c:	08090103          	lb	sp,128(s2)
 270:	0100                	addi	s0,sp,128
 272:	0e05                	addi	t3,t3,1 # 12001 <_prog_start-0x7ffedfff>
 274:	0e097e03          	.4byte	0xe097e03
 278:	0100                	addi	s0,sp,128
 27a:	0b05                	addi	s6,s6,1
 27c:	08090403          	lb	s0,128(s2)
 280:	0100                	addi	s0,sp,128
 282:	0605                	addi	a2,a2,1
 284:	02090103          	lb	sp,32(s2)
 288:	0100                	addi	s0,sp,128
 28a:	0e05                	addi	t3,t3,1
 28c:	1a097f03          	.4byte	0x1a097f03
 290:	0100                	addi	s0,sp,128
 292:	0505                	addi	a0,a0,1
 294:	08090303          	lb	t1,128(s2)
 298:	0100                	addi	s0,sp,128
 29a:	0805                	addi	a6,a6,1
 29c:	02090603          	lb	a2,32(s2)
 2a0:	0100                	addi	s0,sp,128
 2a2:	1105                	addi	sp,sp,-31
 2a4:	0200                	addi	s0,sp,256
 2a6:	0104                	addi	s1,sp,128
 2a8:	06090003          	lb	zero,96(s2)
 2ac:	0100                	addi	s0,sp,128
 2ae:	0805                	addi	a6,a6,1
 2b0:	0c090103          	lb	sp,192(s2)
 2b4:	0100                	addi	s0,sp,128
 2b6:	12090103          	lb	sp,288(s2)
 2ba:	0100                	addi	s0,sp,128
 2bc:	08090203          	lb	tp,128(s2)
 2c0:	0100                	addi	s0,sp,128
 2c2:	1605                	addi	a2,a2,-31
 2c4:	12090103          	lb	sp,288(s2)
 2c8:	0100                	addi	s0,sp,128
 2ca:	0200                	addi	s0,sp,256
 2cc:	0104                	addi	s1,sp,128
 2ce:	0306                	slli	t1,t1,0x1
 2d0:	0900                	addi	s0,sp,144
 2d2:	0006                	c.slli	zero,0x1
 2d4:	0001                	nop
 2d6:	0402                	c.slli64	s0
 2d8:	0302                	c.slli64	t1
 2da:	0900                	addi	s0,sp,144
 2dc:	0004                	.2byte	0x4
 2de:	0501                	addi	a0,a0,0
 2e0:	0008                	.2byte	0x8
 2e2:	0402                	c.slli64	s0
 2e4:	0604                	addi	s1,sp,768
 2e6:	02090003          	lb	zero,32(s2)
 2ea:	0100                	addi	s0,sp,128
 2ec:	04090203          	lb	tp,64(s2)
 2f0:	0100                	addi	s0,sp,128
 2f2:	0605                	addi	a2,a2,1
 2f4:	0c090103          	lb	sp,192(s2)
 2f8:	0100                	addi	s0,sp,128
 2fa:	0505                	addi	a0,a0,1
 2fc:	0a090203          	lb	tp,160(s2)
 300:	0100                	addi	s0,sp,128
 302:	0d05                	addi	s10,s10,1
 304:	02090203          	lb	tp,32(s2)
 308:	0100                	addi	s0,sp,128
 30a:	0805                	addi	a6,a6,1
 30c:	0c090003          	lb	zero,192(s2)
 310:	0100                	addi	s0,sp,128
 312:	0605                	addi	a2,a2,1
 314:	06090103          	lb	sp,96(s2)
 318:	0100                	addi	s0,sp,128
 31a:	1905                	addi	s2,s2,-31
 31c:	0200                	addi	s0,sp,256
 31e:	0104                	addi	s1,sp,128
 320:	0a090003          	lb	zero,160(s2)
 324:	0100                	addi	s0,sp,128
 326:	0605                	addi	a2,a2,1
 328:	0200                	addi	s0,sp,256
 32a:	0104                	addi	s1,sp,128
 32c:	08090003          	lb	zero,128(s2)
 330:	0100                	addi	s0,sp,128
 332:	2705                	jal	a52 <_prog_start-0x7ffff5ae>
 334:	0200                	addi	s0,sp,256
 336:	0204                	addi	s1,sp,256
 338:	0a090003          	lb	zero,160(s2)
 33c:	0100                	addi	s0,sp,128
 33e:	0605                	addi	a2,a2,1
 340:	0200                	addi	s0,sp,256
 342:	0204                	addi	s1,sp,256
 344:	08090003          	lb	zero,128(s2)
 348:	0100                	addi	s0,sp,128
 34a:	0200                	addi	s0,sp,256
 34c:	0404                	addi	s1,sp,512
 34e:	0306                	slli	t1,t1,0x1
 350:	0900                	addi	s0,sp,144
 352:	0008                	.2byte	0x8
 354:	0501                	addi	a0,a0,0
 356:	0016                	c.slli	zero,0x5
 358:	0402                	c.slli64	s0
 35a:	0604                	addi	s1,sp,768
 35c:	04097d03          	.4byte	0x4097d03
 360:	0100                	addi	s0,sp,128
 362:	0e05                	addi	t3,t3,1
 364:	0200                	addi	s0,sp,256
 366:	0104                	addi	s1,sp,128
 368:	0a090003          	lb	zero,160(s2)
 36c:	0100                	addi	s0,sp,128
 36e:	0505                	addi	a0,a0,1
 370:	08090503          	lb	a0,128(s2)
 374:	0100                	addi	s0,sp,128
 376:	1105                	addi	sp,sp,-31
 378:	02090303          	lb	t1,32(s2)
 37c:	0100                	addi	s0,sp,128
 37e:	0805                	addi	a6,a6,1
 380:	12090103          	lb	sp,288(s2)
 384:	0100                	addi	s0,sp,128
 386:	0f05                	addi	t5,t5,1
 388:	0200                	addi	s0,sp,256
 38a:	0104                	addi	s1,sp,128
 38c:	06090003          	lb	zero,96(s2)
 390:	0100                	addi	s0,sp,128
 392:	0505                	addi	a0,a0,1
 394:	0c090103          	lb	sp,192(s2)
 398:	0100                	addi	s0,sp,128
 39a:	06090103          	lb	sp,96(s2)
 39e:	0100                	addi	s0,sp,128
 3a0:	0b05                	addi	s6,s6,1
 3a2:	02090303          	lb	t1,32(s2)
 3a6:	0100                	addi	s0,sp,128
 3a8:	0505                	addi	a0,a0,1
 3aa:	0e090003          	lb	zero,224(s2)
 3ae:	0100                	addi	s0,sp,128
 3b0:	08090103          	lb	sp,128(s2)
 3b4:	0100                	addi	s0,sp,128
 3b6:	02090203          	lb	tp,32(s2)
 3ba:	0100                	addi	s0,sp,128
 3bc:	06090103          	lb	sp,96(s2)
 3c0:	0100                	addi	s0,sp,128
 3c2:	0e05                	addi	t3,t3,1
 3c4:	02090203          	lb	tp,32(s2)
 3c8:	0100                	addi	s0,sp,128
 3ca:	0c05                	addi	s8,s8,1
 3cc:	04090103          	lb	sp,64(s2)
 3d0:	0100                	addi	s0,sp,128
 3d2:	04090103          	lb	sp,64(s2)
 3d6:	0100                	addi	s0,sp,128
 3d8:	0d05                	addi	s10,s10,1
 3da:	06090103          	lb	sp,96(s2)
 3de:	0100                	addi	s0,sp,128
 3e0:	0e05                	addi	t3,t3,1
 3e2:	0c090103          	lb	sp,192(s2)
 3e6:	0100                	addi	s0,sp,128
 3e8:	0405                	addi	s0,s0,1
 3ea:	08090203          	lb	tp,128(s2)
 3ee:	0100                	addi	s0,sp,128
 3f0:	1205                	addi	tp,tp,-31 # ffffffe1 <class_base_sectors+0x7ffff595>
 3f2:	097fb103          	.4byte	0x97fb103
 3f6:	0008                	.2byte	0x8
 3f8:	0501                	addi	a0,a0,0
 3fa:	030c                	addi	a1,sp,384
 3fc:	0900                	addi	s0,sp,144
 3fe:	000c                	.2byte	0xc
 400:	0501                	addi	a0,a0,0
 402:	0316                	slli	t1,t1,0x5
 404:	0900                	addi	s0,sp,144
 406:	0008                	.2byte	0x8
 408:	0501                	addi	a0,a0,0
 40a:	0301                	addi	t1,t1,0
 40c:	080900d3          	.4byte	0x80900d3
 410:	0100                	addi	s0,sp,128
 412:	0c09                	addi	s8,s8,2
 414:	0000                	unimp
 416:	0101                	addi	sp,sp,0
 418:	06f6                	slli	a3,a3,0x1d
 41a:	0000                	unimp
 41c:	0005                	c.nop	1
 41e:	0004                	.2byte	0x4
 420:	0049                	c.nop	18
 422:	0000                	unimp
 424:	0101                	addi	sp,sp,0
 426:	fb01                	bnez	a4,336 <_prog_start-0x7ffffcca>
 428:	0d0e                	slli	s10,s10,0x3
 42a:	0100                	addi	s0,sp,128
 42c:	0101                	addi	sp,sp,0
 42e:	0001                	nop
 430:	0000                	unimp
 432:	0001                	nop
 434:	0100                	addi	s0,sp,128
 436:	0101                	addi	sp,sp,0
 438:	051f 0000 0000      	.byte	0x1f, 0x05, 0x00, 0x00, 0x00, 0x00
 43e:	002d                	c.nop	11
 440:	0000                	unimp
 442:	00000137          	lui	sp,0x0
 446:	0192                	slli	gp,gp,0x4
 448:	0000                	unimp
 44a:	00a0                	addi	s0,sp,72
 44c:	0000                	unimp
 44e:	0102                	c.slli64	sp
 450:	021f 050f 0248      	.byte	0x1f, 0x02, 0x0f, 0x05, 0x48, 0x02
 456:	0000                	unimp
 458:	4801                	li	a6,0
 45a:	0002                	c.slli64	zero
 45c:	0100                	addi	s0,sp,128
 45e:	01fc                	addi	a5,sp,204
 460:	0000                	unimp
 462:	0d02                	c.slli64	s10
 464:	0002                	c.slli64	zero
 466:	0300                	addi	s0,sp,384
 468:	01e9                	addi	gp,gp,26
 46a:	0000                	unimp
 46c:	0504                	addi	s1,sp,640
 46e:	0032                	c.slli	zero,0xc
 470:	0205                	addi	tp,tp,1 # 1 <_prog_start-0x7fffffff>
 472:	038e                	slli	t2,t2,0x3
 474:	8000                	.2byte	0x8000
 476:	05012303          	lw	t1,80(sp) # 50 <_prog_start-0x7fffffb0>
 47a:	0305                	addi	t1,t1,1
 47c:	0902                	c.slli64	s2
 47e:	000a                	c.slli	zero,0x2
 480:	0501                	addi	a0,a0,0
 482:	0309                	addi	t1,t1,2
 484:	00080903          	lb	s2,0(a6)
 488:	0501                	addi	a0,a0,0
 48a:	031a                	slli	t1,t1,0x6
 48c:	0901                	addi	s2,s2,0
 48e:	0008                	.2byte	0x8
 490:	0501                	addi	a0,a0,0
 492:	030c                	addi	a1,sp,384
 494:	0900                	addi	s0,sp,144
 496:	000c                	.2byte	0xc
 498:	0501                	addi	a0,a0,0
 49a:	097d030f          	.4byte	0x97d030f
 49e:	0008                	.2byte	0x8
 4a0:	0501                	addi	a0,a0,0
 4a2:	0332                	slli	t1,t1,0xc
 4a4:	00020903          	lb	s2,0(tp) # 0 <_prog_start-0x80000000>
 4a8:	0501                	addi	a0,a0,0
 4aa:	0301                	addi	t1,t1,0
 4ac:	0902                	c.slli64	s2
 4ae:	0002                	c.slli64	zero
 4b0:	0501                	addi	a0,a0,0
 4b2:	032e                	slli	t1,t1,0xb
 4b4:	0902                	c.slli64	s2
 4b6:	0008                	.2byte	0x8
 4b8:	0501                	addi	a0,a0,0
 4ba:	0305                	addi	t1,t1,1
 4bc:	0902                	c.slli64	s2
 4be:	000c                	.2byte	0xc
 4c0:	0501                	addi	a0,a0,0
 4c2:	0320                	addi	s0,sp,392
 4c4:	0900                	addi	s0,sp,144
 4c6:	0008                	.2byte	0x8
 4c8:	0501                	addi	a0,a0,0
 4ca:	000e                	c.slli	zero,0x3
 4cc:	0402                	c.slli64	s0
 4ce:	0301                	addi	t1,t1,0
 4d0:	0901                	addi	s2,s2,0
 4d2:	0006                	c.slli	zero,0x1
 4d4:	0501                	addi	a0,a0,0
 4d6:	000c                	.2byte	0xc
 4d8:	0402                	c.slli64	s0
 4da:	0301                	addi	t1,t1,0
 4dc:	0900                	addi	s0,sp,144
 4de:	000a                	c.slli	zero,0x2
 4e0:	0501                	addi	a0,a0,0
 4e2:	0035                	c.nop	13
 4e4:	0402                	c.slli64	s0
 4e6:	0301                	addi	t1,t1,0
 4e8:	0900                	addi	s0,sp,144
 4ea:	0004                	.2byte	0x4
 4ec:	0501                	addi	a0,a0,0
 4ee:	030c                	addi	a1,sp,384
 4f0:	0901                	addi	s2,s2,0
 4f2:	0008                	.2byte	0x8
 4f4:	0501                	addi	a0,a0,0
 4f6:	0301                	addi	t1,t1,0
 4f8:	0901                	addi	s2,s2,0
 4fa:	0008                	.2byte	0x8
 4fc:	0501                	addi	a0,a0,0
 4fe:	0902033b          	.4byte	0x902033b
 502:	0008                	.2byte	0x8
 504:	0501                	addi	a0,a0,0
 506:	0305                	addi	t1,t1,1
 508:	0901                	addi	s2,s2,0
 50a:	0012                	c.slli	zero,0x4
 50c:	0501                	addi	a0,a0,0
 50e:	0320                	addi	s0,sp,392
 510:	0900                	addi	s0,sp,144
 512:	0006                	c.slli	zero,0x1
 514:	0501                	addi	a0,a0,0
 516:	0305                	addi	t1,t1,1
 518:	0901                	addi	s2,s2,0
 51a:	0004                	.2byte	0x4
 51c:	0301                	addi	t1,t1,0
 51e:	0902                	c.slli64	s2
 520:	0006                	c.slli	zero,0x1
 522:	0501                	addi	a0,a0,0
 524:	031d                	addi	t1,t1,7
 526:	0901                	addi	s2,s2,0
 528:	0006                	c.slli	zero,0x1
 52a:	0501                	addi	a0,a0,0
 52c:	0305                	addi	t1,t1,1
 52e:	0900                	addi	s0,sp,144
 530:	0006                	c.slli	zero,0x1
 532:	0501                	addi	a0,a0,0
 534:	033d                	addi	t1,t1,15
 536:	0900                	addi	s0,sp,144
 538:	0008                	.2byte	0x8
 53a:	0501                	addi	a0,a0,0
 53c:	0325                	addi	t1,t1,9
 53e:	0900                	addi	s0,sp,144
 540:	0006                	c.slli	zero,0x1
 542:	0501                	addi	a0,a0,0
 544:	031d                	addi	t1,t1,7
 546:	0901                	addi	s2,s2,0
 548:	0008                	.2byte	0x8
 54a:	0501                	addi	a0,a0,0
 54c:	0305                	addi	t1,t1,1
 54e:	0900                	addi	s0,sp,144
 550:	0006                	c.slli	zero,0x1
 552:	0501                	addi	a0,a0,0
 554:	0325                	addi	t1,t1,9
 556:	0900                	addi	s0,sp,144
 558:	0008                	.2byte	0x8
 55a:	0501                	addi	a0,a0,0
 55c:	0305                	addi	t1,t1,1
 55e:	0901                	addi	s2,s2,0
 560:	000c                	.2byte	0xc
 562:	0501                	addi	a0,a0,0
 564:	09010313          	addi	t1,sp,144
 568:	0006                	c.slli	zero,0x1
 56a:	0501                	addi	a0,a0,0
 56c:	0901030b          	.4byte	0x901030b
 570:	000a                	c.slli	zero,0x2
 572:	0501                	addi	a0,a0,0
 574:	0030                	addi	a2,sp,8
 576:	0402                	c.slli64	s0
 578:	09000303          	lb	t1,144(zero) # 90 <_prog_start-0x7fffff70>
 57c:	0002                	c.slli64	zero
 57e:	0501                	addi	a0,a0,0
 580:	003d                	c.nop	15
 582:	0402                	c.slli64	s0
 584:	0301                	addi	t1,t1,0
 586:	0900                	addi	s0,sp,144
 588:	0010                	.2byte	0x10
 58a:	0501                	addi	a0,a0,0
 58c:	0058                	addi	a4,sp,4
 58e:	0402                	c.slli64	s0
 590:	0301                	addi	t1,t1,0
 592:	0900                	addi	s0,sp,144
 594:	0006                	c.slli	zero,0x1
 596:	0501                	addi	a0,a0,0
 598:	0072                	c.slli	zero,0x1c
 59a:	0402                	c.slli64	s0
 59c:	0301                	addi	t1,t1,0
 59e:	0900                	addi	s0,sp,144
 5a0:	0004                	.2byte	0x4
 5a2:	0501                	addi	a0,a0,0
 5a4:	000d                	c.nop	3
 5a6:	0402                	c.slli64	s0
 5a8:	0302                	c.slli64	t1
 5aa:	0900                	addi	s0,sp,144
 5ac:	0004                	.2byte	0x4
 5ae:	0501                	addi	a0,a0,0
 5b0:	04020027          	.4byte	0x4020027
 5b4:	0302                	c.slli64	t1
 5b6:	0900                	addi	s0,sp,144
 5b8:	0008                	.2byte	0x8
 5ba:	0501                	addi	a0,a0,0
 5bc:	09010307          	.4byte	0x9010307
 5c0:	0008                	.2byte	0x8
 5c2:	0501                	addi	a0,a0,0
 5c4:	0901030b          	.4byte	0x901030b
 5c8:	000a                	c.slli	zero,0x2
 5ca:	0501                	addi	a0,a0,0
 5cc:	002a                	c.slli	zero,0xa
 5ce:	0402                	c.slli64	s0
 5d0:	09000303          	lb	t1,144(zero) # 90 <_prog_start-0x7fffff70>
 5d4:	0002                	c.slli64	zero
 5d6:	0501                	addi	a0,a0,0
 5d8:	04020037          	lui	zero,0x4020
 5dc:	0301                	addi	t1,t1,0
 5de:	0900                	addi	s0,sp,144
 5e0:	0010                	.2byte	0x10
 5e2:	0501                	addi	a0,a0,0
 5e4:	0052                	c.slli	zero,0x14
 5e6:	0402                	c.slli64	s0
 5e8:	0301                	addi	t1,t1,0
 5ea:	0900                	addi	s0,sp,144
 5ec:	0006                	c.slli	zero,0x1
 5ee:	0501                	addi	a0,a0,0
 5f0:	006c                	addi	a1,sp,12
 5f2:	0402                	c.slli64	s0
 5f4:	0301                	addi	t1,t1,0
 5f6:	0900                	addi	s0,sp,144
 5f8:	0004                	.2byte	0x4
 5fa:	0501                	addi	a0,a0,0
 5fc:	000c                	.2byte	0xc
 5fe:	0402                	c.slli64	s0
 600:	0302                	c.slli64	t1
 602:	0900                	addi	s0,sp,144
 604:	0004                	.2byte	0x4
 606:	0501                	addi	a0,a0,0
 608:	001e                	c.slli	zero,0x7
 60a:	0402                	c.slli64	s0
 60c:	0302                	c.slli64	t1
 60e:	0900                	addi	s0,sp,144
 610:	000a                	c.slli	zero,0x2
 612:	0501                	addi	a0,a0,0
 614:	030e                	slli	t1,t1,0x3
 616:	0901                	addi	s2,s2,0
 618:	0008                	.2byte	0x8
 61a:	0501                	addi	a0,a0,0
 61c:	0305                	addi	t1,t1,1
 61e:	0900                	addi	s0,sp,144
 620:	0004                	.2byte	0x4
 622:	0501                	addi	a0,a0,0
 624:	0029                	c.nop	10
 626:	0402                	c.slli64	s0
 628:	09000303          	lb	t1,144(zero) # 90 <_prog_start-0x7fffff70>
 62c:	0002                	c.slli64	zero
 62e:	0501                	addi	a0,a0,0
 630:	0402002f          	.4byte	0x402002f
 634:	09000303          	lb	t1,144(zero) # 90 <_prog_start-0x7fffff70>
 638:	000c                	.2byte	0xc
 63a:	0501                	addi	a0,a0,0
 63c:	002d                	c.nop	11
 63e:	0402                	c.slli64	s0
 640:	09000303          	lb	t1,144(zero) # 90 <_prog_start-0x7fffff70>
 644:	0008                	.2byte	0x8
 646:	0501                	addi	a0,a0,0
 648:	001f 0402 0303      	.byte	0x1f, 0x00, 0x02, 0x04, 0x03, 0x03
 64e:	0900                	addi	s0,sp,144
 650:	0004                	.2byte	0x4
 652:	0501                	addi	a0,a0,0
 654:	04020017          	auipc	zero,0x4020
 658:	0301                	addi	t1,t1,0
 65a:	0900                	addi	s0,sp,144
 65c:	000a                	c.slli	zero,0x2
 65e:	0501                	addi	a0,a0,0
 660:	0305                	addi	t1,t1,1
 662:	0901                	addi	s2,s2,0
 664:	000c                	.2byte	0xc
 666:	0501                	addi	a0,a0,0
 668:	0318                	addi	a4,sp,384
 66a:	0900                	addi	s0,sp,144
 66c:	0006                	c.slli	zero,0x1
 66e:	0501                	addi	a0,a0,0
 670:	0305                	addi	t1,t1,1
 672:	0902                	c.slli64	s2
 674:	0006                	c.slli	zero,0x1
 676:	0501                	addi	a0,a0,0
 678:	0320                	addi	s0,sp,392
 67a:	0900                	addi	s0,sp,144
 67c:	0006                	c.slli	zero,0x1
 67e:	0501                	addi	a0,a0,0
 680:	0305                	addi	t1,t1,1
 682:	0901                	addi	s2,s2,0
 684:	0004                	.2byte	0x4
 686:	0501                	addi	a0,a0,0
 688:	030c                	addi	a1,sp,384
 68a:	0901                	addi	s2,s2,0
 68c:	0006                	c.slli	zero,0x1
 68e:	0501                	addi	a0,a0,0
 690:	0301                	addi	t1,t1,0
 692:	0901                	addi	s2,s2,0
 694:	0002                	c.slli64	zero
 696:	0501                	addi	a0,a0,0
 698:	032a                	slli	t1,t1,0xa
 69a:	0902                	c.slli64	s2
 69c:	000c                	.2byte	0xc
 69e:	0501                	addi	a0,a0,0
 6a0:	0305                	addi	t1,t1,1
 6a2:	0901                	addi	s2,s2,0
 6a4:	000e                	c.slli	zero,0x3
 6a6:	0501                	addi	a0,a0,0
 6a8:	0311                	addi	t1,t1,4
 6aa:	0901                	addi	s2,s2,0
 6ac:	0026                	c.slli	zero,0x9
 6ae:	0501                	addi	a0,a0,0
 6b0:	09000323          	sb	a6,134(zero) # 86 <_prog_start-0x7fffff7a>
 6b4:	000a                	c.slli	zero,0x2
 6b6:	0501                	addi	a0,a0,0
 6b8:	0311                	addi	t1,t1,4
 6ba:	0901                	addi	s2,s2,0
 6bc:	0002                	c.slli64	zero
 6be:	0501                	addi	a0,a0,0
 6c0:	0324                	addi	s1,sp,392
 6c2:	0900                	addi	s0,sp,144
 6c4:	000a                	c.slli	zero,0x2
 6c6:	0501                	addi	a0,a0,0
 6c8:	0311                	addi	t1,t1,4
 6ca:	0901                	addi	s2,s2,0
 6cc:	0002                	c.slli64	zero
 6ce:	0501                	addi	a0,a0,0
 6d0:	0322                	slli	t1,t1,0x8
 6d2:	0900                	addi	s0,sp,144
 6d4:	000a                	c.slli	zero,0x2
 6d6:	0501                	addi	a0,a0,0
 6d8:	0311                	addi	t1,t1,4
 6da:	0901                	addi	s2,s2,0
 6dc:	0002                	c.slli64	zero
 6de:	0501                	addi	a0,a0,0
 6e0:	0324                	addi	s1,sp,392
 6e2:	0900                	addi	s0,sp,144
 6e4:	000a                	c.slli	zero,0x2
 6e6:	0501                	addi	a0,a0,0
 6e8:	0311                	addi	t1,t1,4
 6ea:	0901                	addi	s2,s2,0
 6ec:	0002                	c.slli64	zero
 6ee:	0501                	addi	a0,a0,0
 6f0:	0322                	slli	t1,t1,0x8
 6f2:	0900                	addi	s0,sp,144
 6f4:	000a                	c.slli	zero,0x2
 6f6:	0501                	addi	a0,a0,0
 6f8:	0312                	slli	t1,t1,0x4
 6fa:	0901                	addi	s2,s2,0
 6fc:	0002                	c.slli64	zero
 6fe:	0501                	addi	a0,a0,0
 700:	0322                	slli	t1,t1,0x8
 702:	0900                	addi	s0,sp,144
 704:	000a                	c.slli	zero,0x2
 706:	0501                	addi	a0,a0,0
 708:	0301                	addi	t1,t1,0
 70a:	0902                	c.slli64	s2
 70c:	0002                	c.slli64	zero
 70e:	0501                	addi	a0,a0,0
 710:	09020323          	sb	a6,134(tp) # 86 <_prog_start-0x7fffff7a>
 714:	000a                	c.slli	zero,0x2
 716:	0501                	addi	a0,a0,0
 718:	0305                	addi	t1,t1,1
 71a:	0901                	addi	s2,s2,0
 71c:	0028                	addi	a0,sp,8
 71e:	0501                	addi	a0,a0,0
 720:	0322                	slli	t1,t1,0x8
 722:	0900                	addi	s0,sp,144
 724:	0006                	c.slli	zero,0x1
 726:	0501                	addi	a0,a0,0
 728:	0305                	addi	t1,t1,1
 72a:	0902                	c.slli64	s2
 72c:	0004                	.2byte	0x4
 72e:	0301                	addi	t1,t1,0
 730:	000a0903          	lb	s2,0(s4)
 734:	0501                	addi	a0,a0,0
 736:	09000327          	.4byte	0x9000327
 73a:	0004                	.2byte	0x4
 73c:	0501                	addi	a0,a0,0
 73e:	0305                	addi	t1,t1,1
 740:	0901                	addi	s2,s2,0
 742:	0004                	.2byte	0x4
 744:	0501                	addi	a0,a0,0
 746:	09000327          	.4byte	0x9000327
 74a:	0004                	.2byte	0x4
 74c:	0501                	addi	a0,a0,0
 74e:	0305                	addi	t1,t1,1
 750:	0901                	addi	s2,s2,0
 752:	0004                	.2byte	0x4
 754:	0501                	addi	a0,a0,0
 756:	030e                	slli	t1,t1,0x3
 758:	0904                	addi	s1,sp,144
 75a:	0006                	c.slli	zero,0x1
 75c:	0501                	addi	a0,a0,0
 75e:	0305                	addi	t1,t1,1
 760:	0900                	addi	s0,sp,144
 762:	0004                	.2byte	0x4
 764:	0501                	addi	a0,a0,0
 766:	09010337          	lui	t1,0x9010
 76a:	0002                	c.slli64	zero
 76c:	0501                	addi	a0,a0,0
 76e:	09000313          	li	t1,144
 772:	0008                	.2byte	0x8
 774:	0501                	addi	a0,a0,0
 776:	034d                	addi	t1,t1,19 # 9010013 <_prog_start-0x76feffed>
 778:	0900                	addi	s0,sp,144
 77a:	0002                	c.slli64	zero
 77c:	0501                	addi	a0,a0,0
 77e:	09000313          	li	t1,144
 782:	0006                	c.slli	zero,0x1
 784:	0501                	addi	a0,a0,0
 786:	030c                	addi	a1,sp,384
 788:	0901                	addi	s2,s2,0
 78a:	0016                	c.slli	zero,0x5
 78c:	0501                	addi	a0,a0,0
 78e:	030d                	addi	t1,t1,3
 790:	0901                	addi	s2,s2,0
 792:	0006                	c.slli	zero,0x1
 794:	0501                	addi	a0,a0,0
 796:	0012                	c.slli	zero,0x4
 798:	0402                	c.slli64	s0
 79a:	0301                	addi	t1,t1,0
 79c:	0901                	addi	s2,s2,0
 79e:	0014                	.2byte	0x14
 7a0:	0501                	addi	a0,a0,0
 7a2:	001d                	c.nop	7
 7a4:	0402                	c.slli64	s0
 7a6:	0302                	c.slli64	t1
 7a8:	097c                	addi	a5,sp,156
 7aa:	0004                	.2byte	0x4
 7ac:	0501                	addi	a0,a0,0
 7ae:	04020017          	auipc	zero,0x4020
 7b2:	0301                	addi	t1,t1,0
 7b4:	0900                	addi	s0,sp,144
 7b6:	000a                	c.slli	zero,0x2
 7b8:	0501                	addi	a0,a0,0
 7ba:	0907030f          	.4byte	0x907030f
 7be:	000a                	c.slli	zero,0x2
 7c0:	0501                	addi	a0,a0,0
 7c2:	0305                	addi	t1,t1,1
 7c4:	0902                	c.slli64	s2
 7c6:	000e                	c.slli	zero,0x3
 7c8:	0301                	addi	t1,t1,0
 7ca:	0901                	addi	s2,s2,0
 7cc:	000a                	c.slli	zero,0x2
 7ce:	0501                	addi	a0,a0,0
 7d0:	032d                	addi	t1,t1,11
 7d2:	0900                	addi	s0,sp,144
 7d4:	0006                	c.slli	zero,0x1
 7d6:	0501                	addi	a0,a0,0
 7d8:	030e                	slli	t1,t1,0x3
 7da:	0902                	c.slli64	s2
 7dc:	0004                	.2byte	0x4
 7de:	0501                	addi	a0,a0,0
 7e0:	0305                	addi	t1,t1,1
 7e2:	0900                	addi	s0,sp,144
 7e4:	0004                	.2byte	0x4
 7e6:	0501                	addi	a0,a0,0
 7e8:	003d                	c.nop	15
 7ea:	0402                	c.slli64	s0
 7ec:	09010303          	lb	t1,144(sp)
 7f0:	0002                	c.slli64	zero
 7f2:	0501                	addi	a0,a0,0
 7f4:	0009                	c.nop	2
 7f6:	0402                	c.slli64	s0
 7f8:	09000303          	lb	t1,144(zero) # 90 <_prog_start-0x7fffff70>
 7fc:	000e                	c.slli	zero,0x3
 7fe:	0501                	addi	a0,a0,0
 800:	0041                	c.nop	16
 802:	0402                	c.slli64	s0
 804:	09000303          	lb	t1,144(zero) # 90 <_prog_start-0x7fffff70>
 808:	0006                	c.slli	zero,0x1
 80a:	0501                	addi	a0,a0,0
 80c:	0031                	c.nop	12
 80e:	0402                	c.slli64	s0
 810:	09000303          	lb	t1,144(zero) # 90 <_prog_start-0x7fffff70>
 814:	0008                	.2byte	0x8
 816:	0501                	addi	a0,a0,0
 818:	0009                	c.nop	2
 81a:	0402                	c.slli64	s0
 81c:	09010303          	lb	t1,144(sp)
 820:	0002                	c.slli64	zero
 822:	0501                	addi	a0,a0,0
 824:	0032                	c.slli	zero,0xc
 826:	0402                	c.slli64	s0
 828:	09000303          	lb	t1,144(zero) # 90 <_prog_start-0x7fffff70>
 82c:	0006                	c.slli	zero,0x1
 82e:	0501                	addi	a0,a0,0
 830:	0009                	c.nop	2
 832:	0402                	c.slli64	s0
 834:	09010303          	lb	t1,144(sp)
 838:	0004                	.2byte	0x4
 83a:	0501                	addi	a0,a0,0
 83c:	0032                	c.slli	zero,0xc
 83e:	0402                	c.slli64	s0
 840:	09000303          	lb	t1,144(zero) # 90 <_prog_start-0x7fffff70>
 844:	0006                	c.slli	zero,0x1
 846:	0501                	addi	a0,a0,0
 848:	001f 0402 0303      	.byte	0x1f, 0x00, 0x02, 0x04, 0x03, 0x03
 84e:	097d                	addi	s2,s2,31
 850:	0004                	.2byte	0x4
 852:	0501                	addi	a0,a0,0
 854:	04020017          	auipc	zero,0x4020
 858:	0301                	addi	t1,t1,0
 85a:	0900                	addi	s0,sp,144
 85c:	000a                	c.slli	zero,0x2
 85e:	0501                	addi	a0,a0,0
 860:	0305                	addi	t1,t1,1
 862:	0906                	slli	s2,s2,0x1
 864:	000c                	.2byte	0xc
 866:	0501                	addi	a0,a0,0
 868:	032d                	addi	t1,t1,11
 86a:	0900                	addi	s0,sp,144
 86c:	0006                	c.slli	zero,0x1
 86e:	0501                	addi	a0,a0,0
 870:	0305                	addi	t1,t1,1
 872:	0901                	addi	s2,s2,0
 874:	0004                	.2byte	0x4
 876:	0301                	addi	t1,t1,0
 878:	0901                	addi	s2,s2,0
 87a:	000a                	c.slli	zero,0x2
 87c:	0501                	addi	a0,a0,0
 87e:	0309                	addi	t1,t1,2
 880:	0902                	c.slli64	s2
 882:	0004                	.2byte	0x4
 884:	0301                	addi	t1,t1,0
 886:	0901                	addi	s2,s2,0
 888:	0004                	.2byte	0x4
 88a:	0501                	addi	a0,a0,0
 88c:	030e                	slli	t1,t1,0x3
 88e:	000a0903          	lb	s2,0(s4)
 892:	0501                	addi	a0,a0,0
 894:	0305                	addi	t1,t1,1
 896:	0900                	addi	s0,sp,144
 898:	0004                	.2byte	0x4
 89a:	0501                	addi	a0,a0,0
 89c:	030d                	addi	t1,t1,3
 89e:	0901                	addi	s2,s2,0
 8a0:	0002                	c.slli64	zero
 8a2:	0301                	addi	t1,t1,0
 8a4:	0901                	addi	s2,s2,0
 8a6:	0004                	.2byte	0x4
 8a8:	0501                	addi	a0,a0,0
 8aa:	0309                	addi	t1,t1,2
 8ac:	0902                	c.slli64	s2
 8ae:	0004                	.2byte	0x4
 8b0:	0301                	addi	t1,t1,0
 8b2:	0901                	addi	s2,s2,0
 8b4:	000e                	c.slli	zero,0x3
 8b6:	0301                	addi	t1,t1,0
 8b8:	0901                	addi	s2,s2,0
 8ba:	000c                	.2byte	0xc
 8bc:	0501                	addi	a0,a0,0
 8be:	0312                	slli	t1,t1,0x4
 8c0:	0902                	c.slli64	s2
 8c2:	000a                	c.slli	zero,0x2
 8c4:	0501                	addi	a0,a0,0
 8c6:	0309                	addi	t1,t1,2
 8c8:	0900                	addi	s0,sp,144
 8ca:	0004                	.2byte	0x4
 8cc:	0501                	addi	a0,a0,0
 8ce:	0338                	addi	a4,sp,392
 8d0:	00020903          	lb	s2,0(tp) # 0 <_prog_start-0x80000000>
 8d4:	0501                	addi	a0,a0,0
 8d6:	0344                	addi	s1,sp,388
 8d8:	0900                	addi	s0,sp,144
 8da:	0012                	c.slli	zero,0x4
 8dc:	0501                	addi	a0,a0,0
 8de:	0316                	slli	t1,t1,0x5
 8e0:	0900                	addi	s0,sp,144
 8e2:	0004                	.2byte	0x4
 8e4:	0501                	addi	a0,a0,0
 8e6:	031a                	slli	t1,t1,0x6
 8e8:	0902                	c.slli64	s2
 8ea:	0006                	c.slli	zero,0x1
 8ec:	0501                	addi	a0,a0,0
 8ee:	0310                	addi	a2,sp,384
 8f0:	0901                	addi	s2,s2,0
 8f2:	0016                	c.slli	zero,0x5
 8f4:	0501                	addi	a0,a0,0
 8f6:	0011                	c.nop	4
 8f8:	0402                	c.slli64	s0
 8fa:	0301                	addi	t1,t1,0
 8fc:	0901                	addi	s2,s2,0
 8fe:	0006                	c.slli	zero,0x1
 900:	0501                	addi	a0,a0,0
 902:	030d                	addi	t1,t1,3
 904:	0905                	addi	s2,s2,1
 906:	0018                	.2byte	0x18
 908:	0501                	addi	a0,a0,0
 90a:	0335                	addi	t1,t1,13
 90c:	0900                	addi	s0,sp,144
 90e:	0006                	c.slli	zero,0x1
 910:	0501                	addi	a0,a0,0
 912:	030d                	addi	t1,t1,3
 914:	0901                	addi	s2,s2,0
 916:	0004                	.2byte	0x4
 918:	0501                	addi	a0,a0,0
 91a:	0335                	addi	t1,t1,13
 91c:	0900                	addi	s0,sp,144
 91e:	0006                	c.slli	zero,0x1
 920:	0501                	addi	a0,a0,0
 922:	030d                	addi	t1,t1,3
 924:	0901                	addi	s2,s2,0
 926:	0004                	.2byte	0x4
 928:	0501                	addi	a0,a0,0
 92a:	0316                	slli	t1,t1,0x5
 92c:	00060903          	lb	s2,0(a2)
 930:	0501                	addi	a0,a0,0
 932:	030d                	addi	t1,t1,3
 934:	0900                	addi	s0,sp,144
 936:	0004                	.2byte	0x4
 938:	0501                	addi	a0,a0,0
 93a:	04020037          	lui	zero,0x4020
 93e:	09010303          	lb	t1,144(sp)
 942:	0002                	c.slli64	zero
 944:	0501                	addi	a0,a0,0
 946:	0018                	.2byte	0x18
 948:	0402                	c.slli64	s0
 94a:	09000303          	lb	t1,144(zero) # 90 <_prog_start-0x7fffff70>
 94e:	0012                	c.slli	zero,0x4
 950:	0501                	addi	a0,a0,0
 952:	0029                	c.nop	10
 954:	0402                	c.slli64	s0
 956:	09010303          	lb	t1,144(sp)
 95a:	0004                	.2byte	0x4
 95c:	0501                	addi	a0,a0,0
 95e:	001a                	c.slli	zero,0x6
 960:	0402                	c.slli64	s0
 962:	09000303          	lb	t1,144(zero) # 90 <_prog_start-0x7fffff70>
 966:	0004                	.2byte	0x4
 968:	0501                	addi	a0,a0,0
 96a:	0011                	c.nop	4
 96c:	0402                	c.slli64	s0
 96e:	09010303          	lb	t1,144(sp)
 972:	0008                	.2byte	0x8
 974:	0501                	addi	a0,a0,0
 976:	0036                	c.slli	zero,0xd
 978:	0402                	c.slli64	s0
 97a:	09000303          	lb	t1,144(zero) # 90 <_prog_start-0x7fffff70>
 97e:	0006                	c.slli	zero,0x1
 980:	0501                	addi	a0,a0,0
 982:	0011                	c.nop	4
 984:	0402                	c.slli64	s0
 986:	09010303          	lb	t1,144(sp)
 98a:	0006                	c.slli	zero,0x1
 98c:	0501                	addi	a0,a0,0
 98e:	04020037          	lui	zero,0x4020
 992:	09000303          	lb	t1,144(zero) # 90 <_prog_start-0x7fffff70>
 996:	0006                	c.slli	zero,0x1
 998:	0501                	addi	a0,a0,0
 99a:	0011                	c.nop	4
 99c:	0402                	c.slli64	s0
 99e:	09010303          	lb	t1,144(sp)
 9a2:	0004                	.2byte	0x4
 9a4:	0501                	addi	a0,a0,0
 9a6:	04020037          	lui	zero,0x4020
 9aa:	09000303          	lb	t1,144(zero) # 90 <_prog_start-0x7fffff70>
 9ae:	0006                	c.slli	zero,0x1
 9b0:	0501                	addi	a0,a0,0
 9b2:	04020027          	.4byte	0x4020027
 9b6:	097b0303          	lb	t1,151(s6)
 9ba:	0004                	.2byte	0x4
 9bc:	0501                	addi	a0,a0,0
 9be:	001f 0402 0301      	.byte	0x1f, 0x00, 0x02, 0x04, 0x01, 0x03
 9c4:	0900                	addi	s0,sp,144
 9c6:	000a                	c.slli	zero,0x2
 9c8:	0501                	addi	a0,a0,0
 9ca:	0316                	slli	t1,t1,0x5
 9cc:	0908                	addi	a0,sp,144
 9ce:	000c                	.2byte	0xc
 9d0:	0301                	addi	t1,t1,0
 9d2:	0901                	addi	s2,s2,0
 9d4:	0004                	.2byte	0x4
 9d6:	0501                	addi	a0,a0,0
 9d8:	031f 0902 0004      	.byte	0x1f, 0x03, 0x02, 0x09, 0x04, 0x00
 9de:	0501                	addi	a0,a0,0
 9e0:	031d                	addi	t1,t1,7
 9e2:	0900                	addi	s0,sp,144
 9e4:	000a                	c.slli	zero,0x2
 9e6:	0501                	addi	a0,a0,0
 9e8:	0314                	addi	a3,sp,384
 9ea:	0901                	addi	s2,s2,0
 9ec:	0006                	c.slli	zero,0x1
 9ee:	0501                	addi	a0,a0,0
 9f0:	0318                	addi	a4,sp,384
 9f2:	000a0903          	lb	s2,0(s4)
 9f6:	0501                	addi	a0,a0,0
 9f8:	0314                	addi	a3,sp,384
 9fa:	0901                	addi	s2,s2,0
 9fc:	000a                	c.slli	zero,0x2
 9fe:	0501                	addi	a0,a0,0
 a00:	0315                	addi	t1,t1,5
 a02:	0901                	addi	s2,s2,0
 a04:	0010                	.2byte	0x10
 a06:	0301                	addi	t1,t1,0
 a08:	0901                	addi	s2,s2,0
 a0a:	0012                	c.slli	zero,0x4
 a0c:	0301                	addi	t1,t1,0
 a0e:	0002097b          	.4byte	0x2097b
 a12:	0501                	addi	a0,a0,0
 a14:	032e                	slli	t1,t1,0xb
 a16:	0909                	addi	s2,s2,2
 a18:	0002                	c.slli64	zero
 a1a:	0501                	addi	a0,a0,0
 a1c:	0316                	slli	t1,t1,0x5
 a1e:	0900                	addi	s0,sp,144
 a20:	0006                	c.slli	zero,0x1
 a22:	0501                	addi	a0,a0,0
 a24:	09010327          	.4byte	0x9010327
 a28:	0006                	c.slli	zero,0x1
 a2a:	0501                	addi	a0,a0,0
 a2c:	0315                	addi	t1,t1,5
 a2e:	0900                	addi	s0,sp,144
 a30:	0008                	.2byte	0x8
 a32:	0501                	addi	a0,a0,0
 a34:	0324                	addi	s1,sp,392
 a36:	0902                	c.slli64	s2
 a38:	0006                	c.slli	zero,0x1
 a3a:	0501                	addi	a0,a0,0
 a3c:	0310                	addi	a2,sp,384
 a3e:	0900                	addi	s0,sp,144
 a40:	0008                	.2byte	0x8
 a42:	0501                	addi	a0,a0,0
 a44:	0901031b          	.4byte	0x901031b
 a48:	0008                	.2byte	0x8
 a4a:	0301                	addi	t1,t1,0
 a4c:	0902                	c.slli64	s2
 a4e:	000c                	.2byte	0xc
 a50:	0501                	addi	a0,a0,0
 a52:	003d                	c.nop	15
 a54:	0402                	c.slli64	s0
 a56:	0302                	c.slli64	t1
 a58:	000a0953          	.4byte	0xa0953
 a5c:	0501                	addi	a0,a0,0
 a5e:	04020023          	sb	zero,64(tp) # 40 <_prog_start-0x7fffffc0>
 a62:	0301                	addi	t1,t1,0
 a64:	0900                	addi	s0,sp,144
 a66:	000a                	c.slli	zero,0x2
 a68:	0501                	addi	a0,a0,0
 a6a:	0402001b          	.4byte	0x402001b
 a6e:	0302                	c.slli64	t1
 a70:	0931                	addi	s2,s2,12
 a72:	000c                	.2byte	0xc
 a74:	0501                	addi	a0,a0,0
 a76:	000d                	c.nop	3
 a78:	0402                	c.slli64	s0
 a7a:	0302                	c.slli64	t1
 a7c:	0902                	c.slli64	s2
 a7e:	000e                	c.slli	zero,0x3
 a80:	0501                	addi	a0,a0,0
 a82:	0034                	addi	a3,sp,8
 a84:	0402                	c.slli64	s0
 a86:	0302                	c.slli64	t1
 a88:	0901                	addi	s2,s2,0
 a8a:	000e                	c.slli	zero,0x3
 a8c:	0501                	addi	a0,a0,0
 a8e:	000d                	c.nop	3
 a90:	0402                	c.slli64	s0
 a92:	0302                	c.slli64	t1
 a94:	0900                	addi	s0,sp,144
 a96:	000e                	c.slli	zero,0x3
 a98:	0501                	addi	a0,a0,0
 a9a:	0009                	c.nop	2
 a9c:	0402                	c.slli64	s0
 a9e:	0302                	c.slli64	t1
 aa0:	0902                	c.slli64	s2
 aa2:	000c                	.2byte	0xc
 aa4:	0501                	addi	a0,a0,0
 aa6:	0402003f 09420302 	.8byte	0x94203020402003f
 aae:	0020                	addi	s0,sp,8
 ab0:	0501                	addi	a0,a0,0
 ab2:	04020027          	.4byte	0x4020027
 ab6:	0301                	addi	t1,t1,0
 ab8:	0900                	addi	s0,sp,144
 aba:	000a                	c.slli	zero,0x2
 abc:	0501                	addi	a0,a0,0
 abe:	032c                	addi	a1,sp,392
 ac0:	00c2                	slli	ra,ra,0x10
 ac2:	0a09                	addi	s4,s4,2
 ac4:	0100                	addi	s0,sp,128
 ac6:	0905                	addi	s2,s2,1
 ac8:	0c090003          	lb	zero,192(s2)
 acc:	0100                	addi	s0,sp,128
 ace:	2e05                	jal	dfe <_prog_start-0x7ffff202>
 ad0:	0c090103          	lb	sp,192(s2)
 ad4:	0100                	addi	s0,sp,128
 ad6:	3705                	jal	9f6 <_prog_start-0x7ffff60a>
 ad8:	0e090003          	lb	zero,224(s2)
 adc:	0100                	addi	s0,sp,128
 ade:	0905                	addi	s2,s2,1
 ae0:	08090003          	lb	zero,128(s2)
 ae4:	0100                	addi	s0,sp,128
 ae6:	0505                	addi	a0,a0,1
 ae8:	0c090203          	lb	tp,192(s2)
 aec:	0100                	addi	s0,sp,128
 aee:	0c090103          	lb	sp,192(s2)
 af2:	0100                	addi	s0,sp,128
 af4:	10090103          	lb	sp,256(s2)
 af8:	0100                	addi	s0,sp,128
 afa:	14090103          	lb	sp,320(s2)
 afe:	0100                	addi	s0,sp,128
 b00:	0a05                	addi	s4,s4,1
 b02:	0200                	addi	s0,sp,256
 b04:	0204                	addi	s1,sp,256
 b06:	0c090203          	lb	tp,192(s2)
 b0a:	0100                	addi	s0,sp,128
 b0c:	0409                	addi	s0,s0,2
 b0e:	0000                	unimp
 b10:	0101                	addi	sp,sp,0

Disassembly of section .debug_line_str:

00000000 <.debug_line_str>:
   0:	6d6f682f          	.4byte	0x6d6f682f
   4:	2f65                	jal	7bc <_prog_start-0x7ffff844>
   6:	7568                	.2byte	0x7568
   8:	676e                	.2byte	0x676e
   a:	6874                	.2byte	0x6874
   c:	326b696f          	jal	s2,b6332 <_prog_start-0x7ff49cce>
  10:	2f34                	.2byte	0x2f34
  12:	4952                	lw	s2,20(sp)
  14:	54564353          	.4byte	0x54564353
  18:	7475                	lui	s0,0xffffd
  1a:	6169726f          	jal	tp,97630 <_prog_start-0x7ff689d0>
  1e:	316c                	.2byte	0x316c
  20:	6770662f          	.4byte	0x6770662f
  24:	2f61                	jal	7bc <_prog_start-0x7ffff844>
  26:	632f7773          	csrrci	a4,0x632,30
  2a:	6e6e                	.2byte	0x6e6e
  2c:	2f00                	.2byte	0x2f00
  2e:	6f68                	.2byte	0x6f68
  30:	656d                	lui	a0,0x1b
  32:	6e75682f          	.4byte	0x6e75682f
  36:	6f687467          	.4byte	0x6f687467
  3a:	6b69                	lui	s6,0x1a
  3c:	3432                	.2byte	0x3432
  3e:	5349522f          	.4byte	0x5349522f
  42:	75545643          	.4byte	0x75545643
  46:	6f74                	.2byte	0x6f74
  48:	6972                	.2byte	0x6972
  4a:	6c61                	lui	s8,0x18
  4c:	2f31                	jal	768 <_prog_start-0x7ffff898>
  4e:	7066                	.2byte	0x7066
  50:	732f6167          	.4byte	0x732f6167
  54:	6e632f77          	.4byte	0x6e632f77
  58:	2f6e                	.2byte	0x2f6e
  5a:	00637273          	csrrci	tp,0x6,6
  5e:	30747263          	bgeu	s0,t2,362 <_prog_start-0x7ffffc9e>
  62:	532e                	lw	t1,232(sp)
  64:	2f00                	.2byte	0x2f00
  66:	6f68                	.2byte	0x6f68
  68:	656d                	lui	a0,0x1b
  6a:	6e75682f          	.4byte	0x6e75682f
  6e:	6f687467          	.4byte	0x6f687467
  72:	6b69                	lui	s6,0x1a
  74:	3432                	.2byte	0x3432
  76:	5349522f          	.4byte	0x5349522f
  7a:	75545643          	.4byte	0x75545643
  7e:	6f74                	.2byte	0x6f74
  80:	6972                	.2byte	0x6972
  82:	6c61                	lui	s8,0x18
  84:	2f31                	jal	7a0 <_prog_start-0x7ffff860>
  86:	7066                	.2byte	0x7066
  88:	732f6167          	.4byte	0x732f6167
  8c:	6e632f77          	.4byte	0x6e632f77
  90:	2f6e                	.2byte	0x2f6e
  92:	2f637273          	csrrci	tp,0x2f6,6
  96:	6972706b          	.4byte	0x6972706b
  9a:	746e                	.2byte	0x746e
  9c:	2e66                	.2byte	0x2e66
  9e:	682f0063          	beq	t5,sp,71e <_prog_start-0x7ffff8e2>
  a2:	2f656d6f          	jal	s10,56398 <_prog_start-0x7ffa9c68>
  a6:	7568                	.2byte	0x7568
  a8:	676e                	.2byte	0x676e
  aa:	6874                	.2byte	0x6874
  ac:	326b696f          	jal	s2,b63d2 <_prog_start-0x7ff49c2e>
  b0:	2f34                	.2byte	0x2f34
  b2:	4952                	lw	s2,20(sp)
  b4:	54564353          	.4byte	0x54564353
  b8:	7475                	lui	s0,0xffffd
  ba:	6169726f          	jal	tp,976d0 <_prog_start-0x7ff68930>
  be:	316c                	.2byte	0x316c
  c0:	6770662f          	.4byte	0x6770662f
  c4:	2f61                	jal	85c <_prog_start-0x7ffff7a4>
  c6:	632f7773          	csrrci	a4,0x632,30
  ca:	6e6e                	.2byte	0x6e6e
  cc:	636e692f          	.4byte	0x636e692f
  d0:	756c                	.2byte	0x756c
  d2:	6564                	.2byte	0x6564
  d4:	2f00                	.2byte	0x2f00
  d6:	6f68                	.2byte	0x6f68
  d8:	656d                	lui	a0,0x1b
  da:	6e75682f          	.4byte	0x6e75682f
  de:	6f687467          	.4byte	0x6f687467
  e2:	6b69                	lui	s6,0x1a
  e4:	3432                	.2byte	0x3432
  e6:	5349522f          	.4byte	0x5349522f
  ea:	75545643          	.4byte	0x75545643
  ee:	6f74                	.2byte	0x6f74
  f0:	6972                	.2byte	0x6972
  f2:	6c61                	lui	s8,0x18
  f4:	6f632e2f          	.4byte	0x6f632e2f
  f8:	646e                	.2byte	0x646e
  fa:	2d61                	jal	792 <_prog_start-0x7ffff86e>
  fc:	6e65                	lui	t3,0x19
  fe:	2f76                	.2byte	0x2f76
 100:	6972                	.2byte	0x6972
 102:	2d766373          	csrrsi	t1,0x2d7,12
 106:	6f74                	.2byte	0x6f74
 108:	2f736c6f          	jal	s8,36bfe <_prog_start-0x7ffc9402>
 10c:	696c                	.2byte	0x696c
 10e:	2f62                	.2byte	0x2f62
 110:	2f636367          	.4byte	0x2f636367
 114:	6972                	.2byte	0x6972
 116:	36766373          	csrrsi	t1,0x367,12
 11a:	2d34                	.2byte	0x2d34
 11c:	6e75                	lui	t3,0x1d
 11e:	776f6e6b          	.4byte	0x776f6e6b
 122:	2d6e                	.2byte	0x2d6e
 124:	6c65                	lui	s8,0x19
 126:	2f66                	.2byte	0x2f66
 128:	3231                	jal	fffffa34 <class_base_sectors+0x7fffefe8>
 12a:	322e                	.2byte	0x322e
 12c:	302e                	.2byte	0x302e
 12e:	636e692f          	.4byte	0x636e692f
 132:	756c                	.2byte	0x756c
 134:	6564                	.2byte	0x6564
 136:	2f00                	.2byte	0x2f00
 138:	6f68                	.2byte	0x6f68
 13a:	656d                	lui	a0,0x1b
 13c:	6e75682f          	.4byte	0x6e75682f
 140:	6f687467          	.4byte	0x6f687467
 144:	6b69                	lui	s6,0x1a
 146:	3432                	.2byte	0x3432
 148:	5349522f          	.4byte	0x5349522f
 14c:	75545643          	.4byte	0x75545643
 150:	6f74                	.2byte	0x6f74
 152:	6972                	.2byte	0x6972
 154:	6c61                	lui	s8,0x18
 156:	6f632e2f          	.4byte	0x6f632e2f
 15a:	646e                	.2byte	0x646e
 15c:	2d61                	jal	7f4 <_prog_start-0x7ffff80c>
 15e:	6e65                	lui	t3,0x19
 160:	2f76                	.2byte	0x2f76
 162:	6972                	.2byte	0x6972
 164:	2d766373          	csrrsi	t1,0x2d7,12
 168:	6f74                	.2byte	0x6f74
 16a:	2f736c6f          	jal	s8,36c60 <_prog_start-0x7ffc93a0>
 16e:	6972                	.2byte	0x6972
 170:	36766373          	csrrsi	t1,0x367,12
 174:	2d34                	.2byte	0x2d34
 176:	6e75                	lui	t3,0x1d
 178:	776f6e6b          	.4byte	0x776f6e6b
 17c:	2d6e                	.2byte	0x2d6e
 17e:	6c65                	lui	s8,0x19
 180:	2f66                	.2byte	0x2f66
 182:	6e69                	lui	t3,0x1a
 184:	64756c63          	bltu	a0,t2,7dc <_prog_start-0x7ffff824>
 188:	2f65                	jal	940 <_prog_start-0x7ffff6c0>
 18a:	616d                	addi	sp,sp,240
 18c:	6e696863          	bltu	s2,t1,87c <_prog_start-0x7ffff784>
 190:	0065                	c.nop	25
 192:	6d6f682f          	.4byte	0x6d6f682f
 196:	2f65                	jal	94e <_prog_start-0x7ffff6b2>
 198:	7568                	.2byte	0x7568
 19a:	676e                	.2byte	0x676e
 19c:	6874                	.2byte	0x6874
 19e:	326b696f          	jal	s2,b64c4 <_prog_start-0x7ff49b3c>
 1a2:	2f34                	.2byte	0x2f34
 1a4:	4952                	lw	s2,20(sp)
 1a6:	54564353          	.4byte	0x54564353
 1aa:	7475                	lui	s0,0xffffd
 1ac:	6169726f          	jal	tp,977c2 <_prog_start-0x7ff6883e>
 1b0:	2f6c                	.2byte	0x2f6c
 1b2:	632e                	.2byte	0x632e
 1b4:	61646e6f          	jal	t3,467ca <_prog_start-0x7ffb9836>
 1b8:	652d                	lui	a0,0xb
 1ba:	766e                	.2byte	0x766e
 1bc:	7369722f          	.4byte	0x7369722f
 1c0:	742d7663          	bgeu	s10,sp,90c <_prog_start-0x7ffff6f4>
 1c4:	736c6f6f          	jal	t5,c68fa <_prog_start-0x7ff39706>
 1c8:	7369722f          	.4byte	0x7369722f
 1cc:	34367663          	bgeu	a2,gp,518 <_prog_start-0x7ffffae8>
 1d0:	752d                	lui	a0,0xfffeb
 1d2:	6b6e                	.2byte	0x6b6e
 1d4:	6f6e                	.2byte	0x6f6e
 1d6:	652d6e77          	.4byte	0x652d6e77
 1da:	666c                	.2byte	0x666c
 1dc:	636e692f          	.4byte	0x636e692f
 1e0:	756c                	.2byte	0x756c
 1e2:	6564                	.2byte	0x6564
 1e4:	7379732f          	.4byte	0x7379732f
 1e8:	6b00                	.2byte	0x6b00
 1ea:	7270                	.2byte	0x7270
 1ec:	6e69                	lui	t3,0x1a
 1ee:	6674                	.2byte	0x6674
 1f0:	682e                	.2byte	0x682e
 1f2:	7300                	.2byte	0x7300
 1f4:	6474                	.2byte	0x6474
 1f6:	7261                	lui	tp,0xffff8
 1f8:	00682e67          	.4byte	0x682e67
 1fc:	645f 6665 7561      	.byte	0x5f, 0x64, 0x65, 0x66, 0x61, 0x75
 202:	746c                	.2byte	0x746c
 204:	745f 7079 7365      	.byte	0x5f, 0x74, 0x79, 0x70, 0x65, 0x73
 20a:	682e                	.2byte	0x682e
 20c:	5f00                	lw	s0,56(a4)
 20e:	69647473          	csrrci	s0,0x696,8
 212:	746e                	.2byte	0x746e
 214:	682e                	.2byte	0x682e
 216:	2f00                	.2byte	0x2f00
 218:	6f68                	.2byte	0x6f68
 21a:	656d                	lui	a0,0x1b
 21c:	6e75682f          	.4byte	0x6e75682f
 220:	6f687467          	.4byte	0x6f687467
 224:	6b69                	lui	s6,0x1a
 226:	3432                	.2byte	0x3432
 228:	5349522f          	.4byte	0x5349522f
 22c:	75545643          	.4byte	0x75545643
 230:	6f74                	.2byte	0x6f74
 232:	6972                	.2byte	0x6972
 234:	6c61                	lui	s8,0x18
 236:	2f31                	jal	952 <_prog_start-0x7ffff6ae>
 238:	7066                	.2byte	0x7066
 23a:	732f6167          	.4byte	0x732f6167
 23e:	6e632f77          	.4byte	0x6e632f77
 242:	2f6e                	.2byte	0x2f6e
 244:	2f637273          	csrrci	tp,0x2f6,6
 248:	616d                	addi	sp,sp,240
 24a:	6e69                	lui	t3,0x1a
 24c:	632e                	.2byte	0x632e
	...

Disassembly of section .debug_info:

00000000 <.debug_info>:
   0:	0020                	addi	s0,sp,8
   2:	0000                	unimp
   4:	0005                	c.nop	1
   6:	0401                	addi	s0,s0,0 # ffffd000 <class_base_sectors+0x7fffc5b4>
   8:	0000                	unimp
   a:	0000                	unimp
   c:	0001                	nop
   e:	0000                	unimp
  10:	0000                	unimp
  12:	0000                	unimp
  14:	3080                	.2byte	0x3080
  16:	0000                	unimp
  18:	0000                	unimp
  1a:	0038                	addi	a4,sp,8
  1c:	0000                	unimp
  1e:	0065                	c.nop	25
  20:	0000                	unimp
  22:	8001                	c.srli64	s0
  24:	0000028f          	.4byte	0x28f
  28:	0005                	c.nop	1
  2a:	0401                	addi	s0,s0,0
  2c:	0014                	.2byte	0x14
  2e:	0000                	unimp
  30:	0001150b          	.4byte	0x1150b
  34:	1d00                	addi	s0,sp,688
  36:	0065                	c.nop	25
  38:	0000                	unimp
  3a:	0000                	unimp
  3c:	0000                	unimp
  3e:	002a                	c.slli	zero,0xa
  40:	8000                	.2byte	0x8000
  42:	0364                	addi	s1,sp,396
  44:	0000                	unimp
  46:	0080                	addi	s0,sp,64
  48:	0000                	unimp
  4a:	0000ab03          	lw	s6,0(ra)
  4e:	0300                	addi	s0,sp,384
  50:	1b28                	addi	a0,sp,440
  52:	0032                	c.slli	zero,0xc
  54:	0000                	unimp
  56:	040c                	addi	a1,sp,512
  58:	0079                	c.nop	30
  5a:	0000                	unimp
  5c:	0000b203          	.4byte	0xb203
  60:	0300                	addi	s0,sp,384
  62:	00261863          	bne	a2,sp,72 <_prog_start-0x7fffff8e>
  66:	0000                	unimp
  68:	0102                	c.slli64	sp
  6a:	bc06                	.2byte	0xbc06
  6c:	0000                	unimp
  6e:	0200                	addi	s0,sp,256
  70:	0801                	addi	a6,a6,0
  72:	00ba                	slli	ra,ra,0xe
  74:	0000                	unimp
  76:	0202                	c.slli64	tp
  78:	8b05                	andi	a4,a4,1
  7a:	0001                	nop
  7c:	0200                	addi	s0,sp,256
  7e:	0702                	c.slli64	a4
  80:	00c8                	addi	a0,sp,68
  82:	0000                	unimp
  84:	00009103          	lh	sp,0(ra)
  88:	0400                	addi	s0,sp,512
  8a:	184d                	addi	a6,a6,-13
  8c:	006c                	addi	a1,sp,12
  8e:	0000                	unimp
  90:	0402                	c.slli64	s0
  92:	0c05                	addi	s8,s8,1 # 18001 <_prog_start-0x7ffe7fff>
  94:	0001                	nop
  96:	0300                	addi	s0,sp,384
  98:	000000db          	.4byte	0xdb
  9c:	4f04                	lw	s1,24(a4)
  9e:	7f19                	lui	t5,0xfffe6
  a0:	0000                	unimp
  a2:	0200                	addi	s0,sp,256
  a4:	0704                	addi	s1,sp,896
  a6:	00f5                	addi	ra,ra,29
  a8:	0000                	unimp
  aa:	0802                	c.slli64	a6
  ac:	0705                	addi	a4,a4,1
  ae:	0001                	nop
  b0:	0200                	addi	s0,sp,256
  b2:	0708                	addi	a0,sp,896
  b4:	00f0                	addi	a2,sp,76
  b6:	0000                	unimp
  b8:	040d                	addi	s0,s0,3
  ba:	6905                	lui	s2,0x1
  bc:	746e                	.2byte	0x746e
  be:	0200                	addi	s0,sp,256
  c0:	0704                	addi	s1,sp,896
  c2:	00fa                	slli	ra,ra,0x1e
  c4:	0000                	unimp
  c6:	00009303          	lh	t1,0(ra)
  ca:	0500                	addi	s0,sp,640
  cc:	132c                	addi	a1,sp,424
  ce:	0060                	addi	s0,sp,12
  d0:	0000                	unimp
  d2:	0000dd03          	lhu	s10,0(ra)
  d6:	0500                	addi	s0,sp,640
  d8:	1430                	addi	a2,sp,552
  da:	00000073          	ecall
  de:	ae0e                	.2byte	0xae0e
  e0:	0000                	unimp
  e2:	0400                	addi	s0,sp,512
  e4:	019c                	addi	a5,sp,192
  e6:	0000                	unimp
  e8:	1301                	addi	t1,t1,-32
  ea:	d622                	sw	s0,44(sp)
  ec:	0000                	unimp
  ee:	0500                	addi	s0,sp,640
  f0:	0009d803          	lhu	a6,0(s3)
  f4:	0680                	addi	s0,sp,832
  f6:	00ba                	slli	ra,ra,0xe
  f8:	0000                	unimp
  fa:	0000d107          	.4byte	0xd107
  fe:	0800                	addi	s0,sp,16
 100:	000000a3          	sb	zero,1(zero) # 1 <_prog_start-0x7fffffff>
 104:	c816                	sw	t0,16(sp)
 106:	0000                	unimp
 108:	c680                	sw	s0,8(a3)
 10a:	0002                	c.slli64	zero
 10c:	0100                	addi	s0,sp,128
 10e:	dc9c                	sw	a5,56(s1)
 110:	0001                	nop
 112:	0500                	addi	s0,sp,640
 114:	6d66                	.2byte	0x6d66
 116:	0074                	addi	a3,sp,12
 118:	1602                	slli	a2,a2,0x20
 11a:	dc1a                	sw	t1,56(sp)
 11c:	0001                	nop
 11e:	0300                	addi	s0,sp,384
 120:	fc91                	bnez	s1,3c <_prog_start-0x7fffffc4>
 122:	0f7e                	slli	t5,t5,0x1f
 124:	7601                	lui	a2,0xfffe0
 126:	006c                	addi	a1,sp,12
 128:	1802                	slli	a6,a6,0x20
 12a:	380a                	.2byte	0x380a
 12c:	0000                	unimp
 12e:	0300                	addi	s0,sp,384
 130:	ac91                	j	384 <_prog_start-0x7ffffc7c>
 132:	047f                	.2byte	0x47f
 134:	00e6                	slli	ra,ra,0x19
 136:	0000                	unimp
 138:	1902                	slli	s2,s2,0x20
 13a:	0001ed07          	.4byte	0x1ed07
 13e:	0200                	addi	s0,sp,256
 140:	4f91                	li	t6,4
 142:	9b04                	.2byte	0x9b04
 144:	0000                	unimp
 146:	0200                	addi	s0,sp,256
 148:	1219                	addi	tp,tp,-26 # ffff7fe6 <class_base_sectors+0x7fff759a>
 14a:	01ed                	addi	gp,gp,27
 14c:	0000                	unimp
 14e:	9102                	jalr	sp
 150:	044e                	slli	s0,s0,0x13
 152:	0071                	c.nop	28
 154:	0000                	unimp
 156:	1902                	slli	s2,s2,0x20
 158:	0001ed1b          	.4byte	0x1ed1b
 15c:	0200                	addi	s0,sp,256
 15e:	4d91                	li	s11,4
 160:	6301                	.2byte	0x6301
 162:	0200                	addi	s0,sp,256
 164:	071a                	slli	a4,a4,0x6
 166:	01e1                	addi	gp,gp,24
 168:	0000                	unimp
 16a:	7fb79103          	lh	sp,2043(a5)
 16e:	6809                	lui	a6,0x2
 170:	0001                	nop
 172:	cc80                	sw	s0,24(s1)
 174:	0000                	unimp
 176:	8200                	.2byte	0x8200
 178:	0001                	nop
 17a:	0100                	addi	s0,sp,128
 17c:	006e                	c.slli	zero,0x1b
 17e:	2b02                	.2byte	0x2b02
 180:	6c0a                	.2byte	0x6c0a
 182:	0000                	unimp
 184:	0200                	addi	s0,sp,256
 186:	4891                	li	a7,4
 188:	6201                	.2byte	0x6201
 18a:	6675                	lui	a2,0x1d
 18c:	0200                	addi	s0,sp,256
 18e:	0a3c                	addi	a5,sp,280
 190:	01f4                	addi	a3,sp,204
 192:	0000                	unimp
 194:	7f8c9103          	lh	sp,2040(s9)
 198:	6901                	.2byte	0x6901
 19a:	0200                	addi	s0,sp,256
 19c:	093d                	addi	s2,s2,15 # 100f <_prog_start-0x7fffeff1>
 19e:	0094                	addi	a3,sp,64
 1a0:	0000                	unimp
 1a2:	9102                	jalr	sp
 1a4:	0044                	addi	s1,sp,4
 1a6:	3409                	jal	fffffba8 <class_base_sectors+0x7ffff15c>
 1a8:	0002                	c.slli64	zero
 1aa:	bc80                	.2byte	0xbc80
 1ac:	0000                	unimp
 1ae:	c300                	sw	s0,0(a4)
 1b0:	0001                	nop
 1b2:	0100                	addi	s0,sp,128
 1b4:	006e                	c.slli	zero,0x1b
 1b6:	4902                	lw	s2,0(sp)
 1b8:	00007f13          	andi	t5,zero,0
 1bc:	0200                	addi	s0,sp,256
 1be:	4091                	li	ra,4
 1c0:	6901                	.2byte	0x6901
 1c2:	0200                	addi	s0,sp,256
 1c4:	0a4a                	slli	s4,s4,0x12
 1c6:	006c                	addi	a1,sp,12
 1c8:	0000                	unimp
 1ca:	7fbc9103          	lh	sp,2043(s9)
 1ce:	9a0a                	add	s4,s4,sp
 1d0:	0002                	c.slli64	zero
 1d2:	4280                	lw	s0,0(a3)
 1d4:	0000                	unimp
 1d6:	0100                	addi	s0,sp,128
 1d8:	0064                	addi	s1,sp,12
 1da:	5602                	lw	a2,32(sp)
 1dc:	00006c0b          	.4byte	0x6c0b
 1e0:	0300                	addi	s0,sp,384
 1e2:	b091                	j	fffffa26 <class_base_sectors+0x7fffefda>
 1e4:	007f                	.2byte	0x7f
 1e6:	0a00                	addi	s0,sp,272
 1e8:	02f0                	addi	a2,sp,332
 1ea:	8000                	.2byte	0x8000
 1ec:	002c                	addi	a1,sp,8
 1ee:	0000                	unimp
 1f0:	7301                	lui	t1,0xfffe0
 1f2:	0200                	addi	s0,sp,256
 1f4:	115d                	addi	sp,sp,-9
 1f6:	01dc                	addi	a5,sp,196
 1f8:	0000                	unimp
 1fa:	7fb89103          	lh	sp,2043(a7)
 1fe:	0000                	unimp
 200:	e806                	.2byte	0xe806
 202:	0001                	nop
 204:	0200                	addi	s0,sp,256
 206:	0801                	addi	a6,a6,0 # 2000 <_prog_start-0x7fffe000>
 208:	000000c3          	.4byte	0xc3
 20c:	0001e107          	.4byte	0x1e107
 210:	0200                	addi	s0,sp,256
 212:	0201                	addi	tp,tp,0 # 0 <_prog_start-0x80000000>
 214:	0000008b          	.4byte	0x8b
 218:	e110                	.2byte	0xe110
 21a:	0001                	nop
 21c:	0400                	addi	s0,sp,512
 21e:	0002                	c.slli64	zero
 220:	1100                	addi	s0,sp,160
 222:	0000009b          	.4byte	0x9b
 226:	001f 9608 0001      	.byte	0x1f, 0x00, 0x08, 0x96, 0x01, 0x00
 22c:	0f00                	addi	s0,sp,912
 22e:	00a4                	addi	s1,sp,72
 230:	8000                	.2byte	0x8000
 232:	0024                	addi	s1,sp,8
 234:	0000                	unimp
 236:	9c01                	.2byte	0x9c01
 238:	0226                	slli	tp,tp,0x9
 23a:	0000                	unimp
 23c:	7305                	lui	t1,0xfffe1
 23e:	0200                	addi	s0,sp,256
 240:	01dc180f          	.4byte	0x1dc180f
 244:	0000                	unimp
 246:	9102                	jalr	sp
 248:	006c                	addi	a1,sp,12
 24a:	9512                	add	a0,a0,tp
 24c:	0001                	nop
 24e:	0200                	addi	s0,sp,256
 250:	1408                	addi	a0,sp,544
 252:	0066                	c.slli	zero,0x19
 254:	8000                	.2byte	0x8000
 256:	003e                	c.slli	zero,0xf
 258:	0000                	unimp
 25a:	9c01                	.2byte	0x9c01
 25c:	00000257          	.4byte	0x257
 260:	7305                	lui	t1,0xfffe1
 262:	0200                	addi	s0,sp,256
 264:	2708                	.2byte	0x2708
 266:	01dc                	addi	a5,sp,196
 268:	0000                	unimp
 26a:	9102                	jalr	sp
 26c:	015c                	addi	a5,sp,132
 26e:	0a020063          	beqz	tp,30e <_prog_start-0x7ffffcf2>
 272:	0001e107          	.4byte	0x1e107
 276:	0200                	addi	s0,sp,256
 278:	6f91                	lui	t6,0x4
 27a:	1300                	addi	s0,sp,416
 27c:	01a1                	addi	gp,gp,8
 27e:	0000                	unimp
 280:	1501                	addi	a0,a0,-32 # 1afe0 <_prog_start-0x7ffe5020>
 282:	2a14                	.2byte	0x2a14
 284:	0000                	unimp
 286:	3c80                	.2byte	0x3c80
 288:	0000                	unimp
 28a:	0100                	addi	s0,sp,128
 28c:	059c                	addi	a5,sp,704
 28e:	15010063          	beq	sp,a6,3ce <_prog_start-0x7ffffc32>
 292:	e11f 0001 0200      	.byte	0x1f, 0xe1, 0x01, 0x00, 0x00, 0x02
 298:	5f91                	li	t6,-28
 29a:	7401                	lui	s0,0xfffe0
 29c:	0078                	addi	a4,sp,12
 29e:	1701                	addi	a4,a4,-32
 2a0:	d115                	beqz	a0,1c4 <_prog_start-0x7ffffe3c>
 2a2:	0000                	unimp
 2a4:	0200                	addi	s0,sp,256
 2a6:	6c91                	lui	s9,0x4
 2a8:	7201                	lui	tp,0xfffe0
 2aa:	0100                	addi	s0,sp,128
 2ac:	0a19                	addi	s4,s4,6
 2ae:	00a2                	slli	ra,ra,0x8
 2b0:	0000                	unimp
 2b2:	9102                	jalr	sp
 2b4:	0068                	addi	a0,sp,12
 2b6:	9b00                	.2byte	0x9b00
 2b8:	0004                	.2byte	0x4
 2ba:	0500                	addi	s0,sp,640
 2bc:	0100                	addi	s0,sp,128
 2be:	1904                	addi	s1,sp,176
 2c0:	0001                	nop
 2c2:	0d00                	addi	s0,sp,656
 2c4:	0115                	addi	sp,sp,5
 2c6:	0000                	unimp
 2c8:	171d                	addi	a4,a4,-25
 2ca:	0002                	c.slli64	zero
 2cc:	0000                	unimp
 2ce:	0000                	unimp
 2d0:	8e00                	.2byte	0x8e00
 2d2:	0a800003          	lb	zero,168(zero) # a8 <_prog_start-0x7fffff58>
 2d6:	0006                	c.slli	zero,0x1
 2d8:	1800                	addi	s0,sp,48
 2da:	0004                	.2byte	0x4
 2dc:	0300                	addi	s0,sp,384
 2de:	0275                	addi	tp,tp,29 # fffe001d <class_base_sectors+0x7ffdf5d1>
 2e0:	0000                	unimp
 2e2:	2902                	.2byte	0x2902
 2e4:	00003217          	auipc	tp,0x3
 2e8:	0200                	addi	s0,sp,256
 2ea:	0601                	addi	a2,a2,0 # 1d000 <_prog_start-0x7ffe3000>
 2ec:	00bc                	addi	a5,sp,72
 2ee:	0000                	unimp
 2f0:	00022c03          	lw	s8,0(tp) # 32e4 <_prog_start-0x7fffcd1c>
 2f4:	0200                	addi	s0,sp,256
 2f6:	0045182b          	.4byte	0x45182b
 2fa:	0000                	unimp
 2fc:	0102                	c.slli64	sp
 2fe:	ba08                	.2byte	0xba08
 300:	0000                	unimp
 302:	0200                	addi	s0,sp,256
 304:	0502                	c.slli64	a0
 306:	0000018b          	.4byte	0x18b
 30a:	0202                	c.slli64	tp
 30c:	0000c807          	.4byte	0xc807
 310:	0300                	addi	s0,sp,384
 312:	0091                	addi	ra,ra,4
 314:	0000                	unimp
 316:	4d02                	lw	s10,0(sp)
 318:	6618                	.2byte	0x6618
 31a:	0000                	unimp
 31c:	0200                	addi	s0,sp,256
 31e:	0504                	addi	s1,sp,640
 320:	010c                	addi	a1,sp,128
 322:	0000                	unimp
 324:	0000db03          	lhu	s6,0(ra)
 328:	0200                	addi	s0,sp,256
 32a:	0079194f          	.4byte	0x79194f
 32e:	0000                	unimp
 330:	0402                	c.slli64	s0
 332:	0000f507          	.4byte	0xf507
 336:	0200                	addi	s0,sp,256
 338:	0508                	addi	a0,sp,640
 33a:	00000107          	.4byte	0x107
 33e:	0802                	c.slli64	a6
 340:	0000f007          	.4byte	0xf007
 344:	0e00                	addi	s0,sp,784
 346:	0504                	addi	s1,sp,640
 348:	6e69                	lui	t3,0x1a
 34a:	0074                	addi	a3,sp,12
 34c:	0402                	c.slli64	s0
 34e:	0000fa07          	.4byte	0xfa07
 352:	0300                	addi	s0,sp,384
 354:	00000277          	.4byte	0x277
 358:	26121403          	lh	s0,609(tp) # 261 <_prog_start-0x7ffffd9f>
 35c:	0000                	unimp
 35e:	0300                	addi	s0,sp,384
 360:	022e                	slli	tp,tp,0xb
 362:	0000                	unimp
 364:	39131803          	lh	a6,913(t1) # fffe1391 <class_base_sectors+0x7ffe0945>
 368:	0000                	unimp
 36a:	0300                	addi	s0,sp,384
 36c:	00000093          	li	ra,0
 370:	5a132c03          	lw	s8,1441(t1)
 374:	0000                	unimp
 376:	0300                	addi	s0,sp,384
 378:	00dd                	addi	ra,ra,23
 37a:	0000                	unimp
 37c:	6d143003          	.4byte	0x6d143003
 380:	0000                	unimp
 382:	0f00                	addi	s0,sp,912
 384:	00c0                	addi	s0,sp,68
 386:	0000                	unimp
 388:	c008                	sw	a0,0(s0)
 38a:	0000                	unimp
 38c:	0100                	addi	s0,sp,128
 38e:	019c                	addi	a5,sp,192
 390:	0000                	unimp
 392:	1304                	addi	s1,sp,416
 394:	ed22                	.2byte	0xed22
 396:	0000                	unimp
 398:	0500                	addi	s0,sp,640
 39a:	0009dc03          	lhu	s8,0(s3)
 39e:	0680                	addi	s0,sp,832
 3a0:	00cc                	addi	a1,sp,68
 3a2:	0000                	unimp
 3a4:	e808                	.2byte	0xe808
 3a6:	0000                	unimp
 3a8:	0100                	addi	s0,sp,128
 3aa:	02c5                	addi	t0,t0,17
 3ac:	0000                	unimp
 3ae:	0801                	addi	a6,a6,0
 3b0:	ed22                	.2byte	0xed22
 3b2:	0000                	unimp
 3b4:	0500                	addi	s0,sp,640
 3b6:	0009e003          	.4byte	0x9e003
 3ba:	0480                	addi	s0,sp,576
 3bc:	00697073          	csrci	0x6,18
 3c0:	2209                	jal	4c2 <_prog_start-0x7ffffb3e>
 3c2:	00ed                	addi	ra,ra,27
 3c4:	0000                	unimp
 3c6:	0305                	addi	t1,t1,1
 3c8:	09e4                	addi	s1,sp,220
 3ca:	8000                	.2byte	0x8000
 3cc:	d109                	beqz	a0,2ce <_prog_start-0x7ffffd32>
 3ce:	0000                	unimp
 3d0:	2500                	.2byte	0x2500
 3d2:	0001                	nop
 3d4:	1000                	addi	s0,sp,32
 3d6:	0095                	addi	ra,ra,5
 3d8:	0000                	unimp
 3da:	0005                	c.nop	1
 3dc:	1508                	addi	a0,sp,672
 3de:	0001                	nop
 3e0:	1100                	addi	s0,sp,160
 3e2:	02ce                	slli	t0,t0,0x13
 3e4:	0000                	unimp
 3e6:	1b01                	addi	s6,s6,-32 # 19fe0 <_prog_start-0x7ffe6020>
 3e8:	2510                	.2byte	0x2510
 3ea:	0001                	nop
 3ec:	0500                	addi	s0,sp,640
 3ee:	000a4c03          	lbu	s8,0(s4)
 3f2:	1280                	addi	s0,sp,352
 3f4:	000000a3          	sb	zero,1(zero) # 1 <_prog_start-0x7fffffff>
 3f8:	2704                	.2byte	0x2704
 3fa:	4f0d                	li	t5,3
 3fc:	0001                	nop
 3fe:	1300                	addi	s0,sp,416
 400:	0000014f          	.4byte	0x14f
 404:	0014                	.2byte	0x14
 406:	5b06                	lw	s6,96(sp)
 408:	0001                	nop
 40a:	0200                	addi	s0,sp,256
 40c:	0801                	addi	a6,a6,0
 40e:	000000c3          	.4byte	0xc3
 412:	5408                	lw	a0,40(s0)
 414:	0001                	nop
 416:	0a00                	addi	s0,sp,272
 418:	01cc                	addi	a1,sp,196
 41a:	0000                	unimp
 41c:	8e54                	.2byte	0x8e54
 41e:	0000                	unimp
 420:	c600                	sw	s0,8(a2)
 422:	0005                	c.nop	1
 424:	d280                	sw	s0,32(a3)
 426:	01000003          	lb	zero,16(zero) # 10 <_prog_start-0x7ffffff0>
 42a:	739c                	.2byte	0x739c
 42c:	07000003          	lb	zero,112(zero) # 70 <_prog_start-0x7fffff90>
 430:	01d1                	addi	gp,gp,20
 432:	0000                	unimp
 434:	0e54                	addi	a3,sp,788
 436:	008e                	slli	ra,ra,0x3
 438:	0000                	unimp
 43a:	6b8c9103          	lh	sp,1720(s9) # 46b8 <_prog_start-0x7fffb948>
 43e:	00027007          	.4byte	0x27007
 442:	5400                	lw	s0,40(s0)
 444:	731d                	lui	t1,0xfffe7
 446:	03000003          	lb	zero,48(zero) # 30 <_prog_start-0x7fffffd0>
 44a:	8891                	andi	s1,s1,4
 44c:	01f1016b          	.4byte	0x1f1016b
 450:	0000                	unimp
 452:	5f01                	li	t5,-32
 454:	7d0d                	lui	s10,0xfffe3
 456:	03000003          	lb	zero,48(zero) # 30 <_prog_start-0x7fffffd0>
 45a:	9891                	andi	s1,s1,-28
 45c:	02ba016f          	jal	sp,a0c86 <_prog_start-0x7ff5f37a>
 460:	0000                	unimp
 462:	6701                	.2byte	0x6701
 464:	00038e0f          	.4byte	0x38e0f
 468:	0200                	addi	s0,sp,256
 46a:	4891                	li	a7,4
 46c:	5e01                	li	t3,-32
 46e:	0002                	c.slli64	zero
 470:	0100                	addi	s0,sp,128
 472:	0976                	slli	s2,s2,0x1d
 474:	008e                	slli	ra,ra,0x3
 476:	0000                	unimp
 478:	9102                	jalr	sp
 47a:	0164                	addi	s1,sp,140
 47c:	02ff                	.2byte	0x2ff
 47e:	0000                	unimp
 480:	7701                	lui	a4,0xfffe0
 482:	8e09                	sub	a2,a2,a0
 484:	0000                	unimp
 486:	0200                	addi	s0,sp,256
 488:	4491                	li	s1,4
 48a:	7e01                	lui	t3,0xfffe0
 48c:	0002                	c.slli64	zero
 48e:	0100                	addi	s0,sp,128
 490:	09bc                	addi	a5,sp,216
 492:	008e                	slli	ra,ra,0x3
 494:	0000                	unimp
 496:	9102                	jalr	sp
 498:	0140                	addi	s0,sp,132
 49a:	0244                	addi	s1,sp,260
 49c:	0000                	unimp
 49e:	bd01                	j	2ae <_prog_start-0x7ffffd52>
 4a0:	8e09                	sub	a2,a2,a0
 4a2:	0000                	unimp
 4a4:	0300                	addi	s0,sp,384
 4a6:	bc91                	j	fffffefa <class_base_sectors+0x7ffff4ae>
 4a8:	0b7f                	.2byte	0xb7f
 4aa:	0618                	addi	a4,sp,768
 4ac:	8000                	.2byte	0x8000
 4ae:	005e                	c.slli	zero,0x17
 4b0:	0000                	unimp
 4b2:	0225                	addi	tp,tp,9 # 9 <_prog_start-0x7ffffff7>
 4b4:	0000                	unimp
 4b6:	7304                	.2byte	0x7304
 4b8:	6000                	.2byte	0x6000
 4ba:	8e0e                	mv	t3,gp
 4bc:	0000                	unimp
 4be:	0200                	addi	s0,sp,256
 4c0:	6c91                	lui	s9,0x4
 4c2:	1e05                	addi	t3,t3,-31 # fffdffe1 <class_base_sectors+0x7ffdf595>
 4c4:	0006                	c.slli	zero,0x1
 4c6:	4480                	lw	s0,8(s1)
 4c8:	0000                	unimp
 4ca:	0400                	addi	s0,sp,512
 4cc:	7265                	lui	tp,0xffff9
 4ce:	0072                	c.slli	zero,0x1c
 4d0:	0d61                	addi	s10,s10,24 # fffe3018 <class_base_sectors+0x7ffe25cc>
 4d2:	008e                	slli	ra,ra,0x3
 4d4:	0000                	unimp
 4d6:	7f989103          	lh	sp,2041(a7)
 4da:	0000                	unimp
 4dc:	0006980b          	.4byte	0x6980b
 4e0:	4e80                	lw	s0,24(a3)
 4e2:	0000                	unimp
 4e4:	3f00                	.2byte	0x3f00
 4e6:	0002                	c.slli64	zero
 4e8:	0400                	addi	s0,sp,512
 4ea:	0e6c0077          	.4byte	0xe6c0077
 4ee:	008e                	slli	ra,ra,0x3
 4f0:	0000                	unimp
 4f2:	9102                	jalr	sp
 4f4:	0068                	addi	a0,sp,12
 4f6:	0c05                	addi	s8,s8,1
 4f8:	12800007          	.4byte	0x12800007
 4fc:	0002                	c.slli64	zero
 4fe:	0100                	addi	s0,sp,128
 500:	01c2                	slli	gp,gp,0x10
 502:	0000                	unimp
 504:	7a01                	lui	s4,0xfffe0
 506:	8e0e                	mv	t3,gp
 508:	0000                	unimp
 50a:	0200                	addi	s0,sp,256
 50c:	6091                	lui	ra,0x4
 50e:	1205                	addi	tp,tp,-31 # ffff8fe1 <class_base_sectors+0x7fff8595>
 510:	f8800007          	.4byte	0xf8800007
 514:	0001                	nop
 516:	0100                	addi	s0,sp,128
 518:	01ff                	.2byte	0x1ff
 51a:	0000                	unimp
 51c:	7b01                	lui	s6,0xfffe0
 51e:	8e0d                	sub	a2,a2,a1
 520:	0000                	unimp
 522:	0200                	addi	s0,sp,256
 524:	5c91                	li	s9,-28
 526:	5301                	li	t1,-32
 528:	0002                	c.slli64	zero
 52a:	0100                	addi	s0,sp,128
 52c:	0d7c                	addi	a5,sp,668
 52e:	008e                	slli	ra,ra,0x3
 530:	0000                	unimp
 532:	9102                	jalr	sp
 534:	0158                	addi	a4,sp,132
 536:	0314                	addi	a3,sp,384
 538:	0000                	unimp
 53a:	b501                	j	33a <_prog_start-0x7ffffcc6>
 53c:	8e0d                	sub	a2,a2,a1
 53e:	0000                	unimp
 540:	0300                	addi	s0,sp,384
 542:	b891                	j	fffffd96 <class_base_sectors+0x7ffff34a>
 544:	017f                	.2byte	0x17f
 546:	000001a7          	.4byte	0x1a7
 54a:	b601                	j	4a <_prog_start-0x7fffffb6>
 54c:	8e0d                	sub	a2,a2,a1
 54e:	0000                	unimp
 550:	0300                	addi	s0,sp,384
 552:	b491                	j	ffffff96 <class_base_sectors+0x7ffff54a>
 554:	057f                	.2byte	0x57f
 556:	073e                	slli	a4,a4,0xf
 558:	8000                	.2byte	0x8000
 55a:	0176                	slli	sp,sp,0x1d
 55c:	0000                	unimp
 55e:	c601                	beqz	a2,566 <_prog_start-0x7ffffa9a>
 560:	0001                	nop
 562:	0100                	addi	s0,sp,128
 564:	1282                	slli	t0,t0,0x20
 566:	008e                	slli	ra,ra,0x3
 568:	0000                	unimp
 56a:	9102                	jalr	sp
 56c:	0554                	addi	a3,sp,644
 56e:	0744                	addi	s1,sp,900
 570:	8000                	.2byte	0x8000
 572:	015a                	slli	sp,sp,0x16
 574:	0000                	unimp
 576:	3601                	jal	76 <_prog_start-0x7fffff8a>
 578:	0002                	c.slli64	zero
 57a:	0100                	addi	s0,sp,128
 57c:	03931583          	lh	a1,57(t1) # fffe7039 <class_base_sectors+0x7ffe65ed>
 580:	0000                	unimp
 582:	6b989103          	lh	sp,1721(a7)
 586:	e101                	bnez	a0,586 <_prog_start-0x7ffffa7a>
 588:	0002                	c.slli64	zero
 58a:	0100                	addi	s0,sp,128
 58c:	1685                	addi	a3,a3,-31
 58e:	00c0                	addi	s0,sp,68
 590:	0000                	unimp
 592:	7fb09103          	lh	sp,2043(ra) # 47fb <_prog_start-0x7fffb805>
 596:	1901                	addi	s2,s2,-32
 598:	0002                	c.slli64	zero
 59a:	0100                	addi	s0,sp,128
 59c:	008e1187          	.4byte	0x8e1187
 5a0:	0000                	unimp
 5a2:	7fac9103          	lh	sp,2042(s9) # 47fa <_prog_start-0x7fffb806>
 5a6:	4901                	li	s2,0
 5a8:	01000003          	lb	zero,16(zero) # 10 <_prog_start-0x7ffffff0>
 5ac:	00c0169b          	.4byte	0xc0169b
 5b0:	0000                	unimp
 5b2:	9102                	jalr	sp
 5b4:	014c                	addi	a1,sp,132
 5b6:	01b6                	slli	gp,gp,0xd
 5b8:	0000                	unimp
 5ba:	9c01                	.2byte	0x9c01
 5bc:	c016                	sw	t0,0(sp)
 5be:	0000                	unimp
 5c0:	0300                	addi	s0,sp,384
 5c2:	a891                	j	616 <_prog_start-0x7ffff9ea>
 5c4:	017f                	.2byte	0x17f
 5c6:	02a4                	addi	s1,sp,328
 5c8:	0000                	unimp
 5ca:	a901                	j	9da <_prog_start-0x7ffff626>
 5cc:	c016                	sw	t0,0(sp)
 5ce:	0000                	unimp
 5d0:	0300                	addi	s0,sp,384
 5d2:	a491                	j	816 <_prog_start-0x7ffff7ea>
 5d4:	017f                	.2byte	0x17f
 5d6:	000002ef          	jal	t0,5d6 <_prog_start-0x7ffffa2a>
 5da:	aa01                	j	6ea <_prog_start-0x7ffff916>
 5dc:	a815                	j	610 <_prog_start-0x7ffff9f0>
 5de:	0000                	unimp
 5e0:	0300                	addi	s0,sp,384
 5e2:	a391                	j	b26 <_prog_start-0x7ffff4da>
 5e4:	057f                	.2byte	0x57f
 5e6:	07ae                	slli	a5,a5,0xb
 5e8:	8000                	.2byte	0x8000
 5ea:	005e                	c.slli	zero,0x17
 5ec:	0000                	unimp
 5ee:	6904                	.2byte	0x6904
 5f0:	9300                	.2byte	0x9300
 5f2:	8e16                	mv	t3,t0
 5f4:	0000                	unimp
 5f6:	0200                	addi	s0,sp,256
 5f8:	5091                	li	ra,-28
 5fa:	b405                	j	1a <_prog_start-0x7fffffe6>
 5fc:	42800007          	.4byte	0x42800007
 600:	0000                	unimp
 602:	0100                	addi	s0,sp,128
 604:	0341                	addi	t1,t1,16
 606:	0000                	unimp
 608:	9401                	srai	s0,s0,0x20
 60a:	9c18                	.2byte	0x9c18
 60c:	0000                	unimp
 60e:	0300                	addi	s0,sp,384
 610:	a291                	j	754 <_prog_start-0x7ffff8ac>
 612:	017f                	.2byte	0x17f
 614:	0298                	addi	a4,sp,320
 616:	0000                	unimp
 618:	9501                	srai	a0,a0,0x20
 61a:	c01a                	sw	t1,0(sp)
 61c:	0000                	unimp
 61e:	0300                	addi	s0,sp,384
 620:	9c91                	.2byte	0x9c91
 622:	007f                	.2byte	0x7f
 624:	0000                	unimp
 626:	0000                	unimp
 628:	0000                	unimp
 62a:	7806                	.2byte	0x7806
 62c:	06000003          	lb	zero,96(zero) # 60 <_prog_start-0x7fffffa0>
 630:	0154                	addi	a3,sp,132
 632:	0000                	unimp
 634:	a809                	j	646 <_prog_start-0x7ffff9ba>
 636:	0000                	unimp
 638:	8e00                	.2byte	0x8e00
 63a:	0c000003          	lb	zero,192(zero) # c0 <_prog_start-0x7fffff40>
 63e:	0095                	addi	ra,ra,5
 640:	0000                	unimp
 642:	07ff                	.2byte	0x7ff
 644:	0600                	addi	s0,sp,768
 646:	00c0                	addi	s0,sp,68
 648:	0000                	unimp
 64a:	a809                	j	65c <_prog_start-0x7ffff9a4>
 64c:	0000                	unimp
 64e:	a400                	.2byte	0xa400
 650:	0c000003          	lb	zero,192(zero) # c0 <_prog_start-0x7fffff40>
 654:	0095                	addi	ra,ra,5
 656:	0000                	unimp
 658:	01ff                	.2byte	0x1ff
 65a:	1500                	addi	s0,sp,672
 65c:	0322                	slli	t1,t1,0x8
 65e:	0000                	unimp
 660:	4901                	li	s2,0
 662:	4006                	.2byte	0x4006
 664:	0005                	c.nop	1
 666:	8680                	.2byte	0x8680
 668:	0000                	unimp
 66a:	0100                	addi	s0,sp,128
 66c:	c99c                	sw	a5,16(a1)
 66e:	07000003          	lb	zero,112(zero) # 70 <_prog_start-0x7fffff90>
 672:	02f9                	addi	t0,t0,30
 674:	0000                	unimp
 676:	2349                	jal	bf8 <_prog_start-0x7ffff408>
 678:	00a8                	addi	a0,sp,72
 67a:	0000                	unimp
 67c:	9102                	jalr	sp
 67e:	0a0a006f          	j	a071e <_prog_start-0x7ff5f8e2>
 682:	0002                	c.slli64	zero
 684:	3500                	.2byte	0x3500
 686:	008e                	slli	ra,ra,0x3
 688:	0000                	unimp
 68a:	0408                	addi	a0,sp,512
 68c:	8000                	.2byte	0x8000
 68e:	0138                	addi	a4,sp,136
 690:	0000                	unimp
 692:	9c01                	.2byte	0x9c01
 694:	0420                	addi	s0,sp,520
 696:	0000                	unimp
 698:	00028c07          	.4byte	0x28c07
 69c:	3500                	.2byte	0x3500
 69e:	c01d                	beqz	s0,6c4 <_prog_start-0x7ffff93c>
 6a0:	0000                	unimp
 6a2:	0200                	addi	s0,sp,256
 6a4:	5c91                	li	s9,-28
 6a6:	00023d07          	.4byte	0x23d07
 6aa:	3500                	.2byte	0x3500
 6ac:	00042033          	sltz	zero,s0
 6b0:	0200                	addi	s0,sp,256
 6b2:	5891                	li	a7,-28
 6b4:	6e04                	.2byte	0x6e04
 6b6:	3d00                	.2byte	0x3d00
 6b8:	00007913          	andi	s2,zero,0
 6bc:	0200                	addi	s0,sp,256
 6be:	6c91                	lui	s9,0x4
 6c0:	e205                	bnez	a2,6e0 <_prog_start-0x7ffff920>
 6c2:	0004                	.2byte	0x4
 6c4:	3480                	.2byte	0x3480
 6c6:	0000                	unimp
 6c8:	0400                	addi	s0,sp,512
 6ca:	0069                	c.nop	26
 6cc:	0e41                	addi	t3,t3,16
 6ce:	008e                	slli	ra,ra,0x3
 6d0:	0000                	unimp
 6d2:	9102                	jalr	sp
 6d4:	0068                	addi	a0,sp,12
 6d6:	0600                	addi	s0,sp,768
 6d8:	00a8                	addi	a0,sp,72
 6da:	0000                	unimp
 6dc:	e516                	.2byte	0xe516
 6de:	0001                	nop
 6e0:	0100                	addi	s0,sp,128
 6e2:	172e                	slli	a4,a4,0x2b
 6e4:	00a8                	addi	a0,sp,72
 6e6:	0000                	unimp
 6e8:	03c8                	addi	a0,sp,452
 6ea:	8000                	.2byte	0x8000
 6ec:	0040                	addi	s0,sp,4
 6ee:	0000                	unimp
 6f0:	9c01                	.2byte	0x9c01
 6f2:	0459                	addi	s0,s0,22 # fffe0016 <class_base_sectors+0x7ffdf5ca>
 6f4:	0000                	unimp
 6f6:	01006417          	auipc	s0,0x1006
 6fa:	2b2e                	.2byte	0x2b2e
 6fc:	00a8                	addi	a0,sp,72
 6fe:	0000                	unimp
 700:	9102                	jalr	sp
 702:	045f 0072 0d2f      	.byte	0x5f, 0x04, 0x72, 0x00, 0x2f, 0x0d
 708:	00b4                	addi	a3,sp,72
 70a:	0000                	unimp
 70c:	9102                	jalr	sp
 70e:	006c                	addi	a1,sp,12
 710:	d818                	sw	a4,48(s0)
 712:	0001                	nop
 714:	0100                	addi	s0,sp,128
 716:	1424                	addi	s1,sp,552
 718:	038e                	slli	t2,t2,0x3
 71a:	8000                	.2byte	0x8000
 71c:	003a                	c.slli	zero,0xe
 71e:	0000                	unimp
 720:	9c01                	.2byte	0x9c01
 722:	0001de07          	.4byte	0x1de07
 726:	2400                	.2byte	0x2400
 728:	c02a                	sw	a0,0(sp)
 72a:	0000                	unimp
 72c:	0200                	addi	s0,sp,256
 72e:	5c91                	li	s9,-28
 730:	3701                	jal	630 <_prog_start-0x7ffff9d0>
 732:	01000003          	lb	zero,16(zero) # 10 <_prog_start-0x7ffffff0>
 736:	0e25                	addi	t3,t3,9
 738:	00c0                	addi	s0,sp,68
 73a:	0000                	unimp
 73c:	9102                	jalr	sp
 73e:	196c                	addi	a1,sp,188
 740:	000c                	.2byte	0xc
 742:	0000                	unimp
 744:	2001                	jal	744 <_prog_start-0x7ffff8bc>
 746:	0002                	c.slli64	zero
 748:	0100                	addi	s0,sp,128
 74a:	1228                	addi	a0,sp,296
 74c:	00c0                	addi	s0,sp,68
 74e:	0000                	unimp
 750:	9102                	jalr	sp
 752:	0068                	addi	a0,sp,12
	...

Disassembly of section .debug_abbrev:

00000000 <.debug_abbrev>:
   0:	1101                	addi	sp,sp,-32
   2:	1000                	addi	s0,sp,32
   4:	12011117          	auipc	sp,0x12011
   8:	1b0e030f          	.4byte	0x1b0e030f
   c:	250e                	.2byte	0x250e
   e:	130e                	slli	t1,t1,0x23
  10:	0005                	c.nop	1
  12:	0000                	unimp
  14:	3401                	jal	fffffa14 <class_base_sectors+0x7fffefc8>
  16:	0300                	addi	s0,sp,384
  18:	3a08                	.2byte	0x3a08
  1a:	390b3b0b          	.4byte	0x390b3b0b
  1e:	0213490b          	.4byte	0x213490b
  22:	0018                	.2byte	0x18
  24:	0200                	addi	s0,sp,256
  26:	0024                	addi	s1,sp,8
  28:	0b3e0b0b          	.4byte	0xb3e0b0b
  2c:	00000e03          	lb	t3,0(zero) # 0 <_prog_start-0x80000000>
  30:	03001603          	lh	a2,48(zero) # 30 <_prog_start-0x7fffffd0>
  34:	3a0e                	.2byte	0x3a0e
  36:	390b3b0b          	.4byte	0x390b3b0b
  3a:	0013490b          	.4byte	0x13490b
  3e:	0400                	addi	s0,sp,512
  40:	0034                	addi	a3,sp,8
  42:	0b3a0e03          	lb	t3,179(s4) # fffe00b3 <class_base_sectors+0x7ffdf667>
  46:	0b390b3b          	.4byte	0xb390b3b
  4a:	1349                	addi	t1,t1,-14
  4c:	1802                	slli	a6,a6,0x20
  4e:	0000                	unimp
  50:	0505                	addi	a0,a0,1
  52:	0300                	addi	s0,sp,384
  54:	3a08                	.2byte	0x3a08
  56:	390b3b0b          	.4byte	0x390b3b0b
  5a:	0213490b          	.4byte	0x213490b
  5e:	0018                	.2byte	0x18
  60:	0600                	addi	s0,sp,768
  62:	210b000f          	.4byte	0x210b000f
  66:	4904                	lw	s1,16(a0)
  68:	07000013          	li	zero,112
  6c:	0026                	c.slli	zero,0x9
  6e:	1349                	addi	t1,t1,-14
  70:	0000                	unimp
  72:	2e08                	.2byte	0x2e08
  74:	3f01                	jal	ffffff84 <class_base_sectors+0x7ffff538>
  76:	0319                	addi	t1,t1,6
  78:	3a0e                	.2byte	0x3a0e
  7a:	0221                	addi	tp,tp,8 # 8 <_prog_start-0x7ffffff8>
  7c:	21390b3b          	.4byte	0x21390b3b
  80:	2706                	.2byte	0x2706
  82:	1119                	addi	sp,sp,-26 # 12010fea <_prog_start-0x6dfef016>
  84:	1201                	addi	tp,tp,-32 # ffffffe0 <class_base_sectors+0x7ffff594>
  86:	4006                	.2byte	0x4006
  88:	7c18                	.2byte	0x7c18
  8a:	0119                	addi	sp,sp,6
  8c:	09000013          	li	zero,144
  90:	0111010b          	.4byte	0x111010b
  94:	0612                	slli	a2,a2,0x4
  96:	1301                	addi	t1,t1,-32
  98:	0000                	unimp
  9a:	0b0a                	slli	s6,s6,0x2
  9c:	1101                	addi	sp,sp,-32
  9e:	1201                	addi	tp,tp,-32 # ffffffe0 <class_base_sectors+0x7ffff594>
  a0:	0006                	c.slli	zero,0x1
  a2:	0b00                	addi	s0,sp,400
  a4:	0111                	addi	sp,sp,4
  a6:	0e25                	addi	t3,t3,9
  a8:	1f030b13          	addi	s6,t1,496
  ac:	01111f1b          	.4byte	0x1111f1b
  b0:	0612                	slli	a2,a2,0x4
  b2:	1710                	addi	a2,sp,928
  b4:	0000                	unimp
  b6:	0f0c                	addi	a1,sp,912
  b8:	0b00                	addi	s0,sp,400
  ba:	000e030b          	.4byte	0xe030b
  be:	0d00                	addi	s0,sp,656
  c0:	0024                	addi	s1,sp,8
  c2:	0b3e0b0b          	.4byte	0xb3e0b0b
  c6:	00000803          	lb	a6,0(zero) # 0 <_prog_start-0x80000000>
  ca:	350e                	.2byte	0x350e
  cc:	4900                	lw	s0,16(a0)
  ce:	0f000013          	li	zero,240
  d2:	0018                	.2byte	0x18
  d4:	0000                	unimp
  d6:	0110                	addi	a2,sp,128
  d8:	4901                	li	s2,0
  da:	00130113          	addi	sp,t1,1
  de:	1100                	addi	s0,sp,160
  e0:	0021                	c.nop	8
  e2:	1349                	addi	t1,t1,-14
  e4:	00000b2f          	.4byte	0xb2f
  e8:	2e12                	.2byte	0x2e12
  ea:	0301                	addi	t1,t1,0
  ec:	3a0e                	.2byte	0x3a0e
  ee:	390b3b0b          	.4byte	0x390b3b0b
  f2:	1119270b          	.4byte	0x1119270b
  f6:	1201                	addi	tp,tp,-32 # ffffffe0 <class_base_sectors+0x7ffff594>
  f8:	4006                	.2byte	0x4006
  fa:	7c18                	.2byte	0x7c18
  fc:	0119                	addi	sp,sp,6
  fe:	13000013          	li	zero,304
 102:	012e                	slli	sp,sp,0xb
 104:	0b3a0e03          	lb	t3,179(s4)
 108:	0b390b3b          	.4byte	0xb390b3b
 10c:	01111927          	.4byte	0x1111927
 110:	0612                	slli	a2,a2,0x4
 112:	1840                	addi	s0,sp,52
 114:	197a                	slli	s2,s2,0x3e
 116:	0000                	unimp
 118:	0100                	addi	s0,sp,128
 11a:	0034                	addi	a3,sp,8
 11c:	0b3a0e03          	lb	t3,179(s4)
 120:	0b390b3b          	.4byte	0xb390b3b
 124:	1349                	addi	t1,t1,-14
 126:	1802                	slli	a6,a6,0x20
 128:	0000                	unimp
 12a:	2402                	.2byte	0x2402
 12c:	0b00                	addi	s0,sp,400
 12e:	030b3e0b          	.4byte	0x30b3e0b
 132:	000e                	c.slli	zero,0x3
 134:	0300                	addi	s0,sp,384
 136:	0016                	c.slli	zero,0x5
 138:	0b3a0e03          	lb	t3,179(s4)
 13c:	0b390b3b          	.4byte	0xb390b3b
 140:	1349                	addi	t1,t1,-14
 142:	0000                	unimp
 144:	3404                	.2byte	0x3404
 146:	0300                	addi	s0,sp,384
 148:	3a08                	.2byte	0x3a08
 14a:	0121                	addi	sp,sp,8
 14c:	0b390b3b          	.4byte	0xb390b3b
 150:	1349                	addi	t1,t1,-14
 152:	1802                	slli	a6,a6,0x20
 154:	0000                	unimp
 156:	0b05                	addi	s6,s6,1 # fffe0001 <class_base_sectors+0x7ffdf5b5>
 158:	1101                	addi	sp,sp,-32
 15a:	1201                	addi	tp,tp,-32 # ffffffe0 <class_base_sectors+0x7ffff594>
 15c:	0006                	c.slli	zero,0x1
 15e:	0600                	addi	s0,sp,768
 160:	210b000f          	.4byte	0x210b000f
 164:	4904                	lw	s1,16(a0)
 166:	07000013          	li	zero,112
 16a:	0005                	c.nop	1
 16c:	213a0e03          	lb	t3,531(s4)
 170:	3b01                	jal	fffffe80 <class_base_sectors+0x7ffff434>
 172:	490b390b          	.4byte	0x490b390b
 176:	00180213          	addi	tp,a6,1
 17a:	0800                	addi	s0,sp,16
 17c:	0026                	c.slli	zero,0x9
 17e:	1349                	addi	t1,t1,-14
 180:	0000                	unimp
 182:	0109                	addi	sp,sp,2
 184:	4901                	li	s2,0
 186:	00130113          	addi	sp,t1,1
 18a:	0a00                	addi	s0,sp,272
 18c:	012e                	slli	sp,sp,0xb
 18e:	0e03193f 3b01213a 	.8byte	0x3b01213a0e03193f
 196:	0521390b          	.4byte	0x521390b
 19a:	13491927          	.4byte	0x13491927
 19e:	0111                	addi	sp,sp,4
 1a0:	0612                	slli	a2,a2,0x4
 1a2:	1840                	addi	s0,sp,52
 1a4:	197c                	addi	a5,sp,188
 1a6:	1301                	addi	t1,t1,-32
 1a8:	0000                	unimp
 1aa:	11010b0b          	.4byte	0x11010b0b
 1ae:	1201                	addi	tp,tp,-32 # ffffffe0 <class_base_sectors+0x7ffff594>
 1b0:	0106                	slli	sp,sp,0x1
 1b2:	0c000013          	li	zero,192
 1b6:	0021                	c.nop	8
 1b8:	1349                	addi	t1,t1,-14
 1ba:	0000052f          	.4byte	0x52f
 1be:	110d                	addi	sp,sp,-29
 1c0:	2501                	jal	7c0 <_prog_start-0x7ffff840>
 1c2:	130e                	slli	t1,t1,0x23
 1c4:	1b1f030b          	.4byte	0x1b1f030b
 1c8:	111f 1201 1006      	.byte	0x1f, 0x11, 0x01, 0x12, 0x06, 0x10
 1ce:	0e000017          	auipc	zero,0xe000
 1d2:	0024                	addi	s1,sp,8
 1d4:	0b3e0b0b          	.4byte	0xb3e0b0b
 1d8:	00000803          	lb	a6,0(zero) # 0 <_prog_start-0x80000000>
 1dc:	4900350f          	.4byte	0x4900350f
 1e0:	10000013          	li	zero,256
 1e4:	0021                	c.nop	8
 1e6:	1349                	addi	t1,t1,-14
 1e8:	00000b2f          	.4byte	0xb2f
 1ec:	3411                	jal	fffffbf0 <class_base_sectors+0x7ffff1a4>
 1ee:	0300                	addi	s0,sp,384
 1f0:	3a0e                	.2byte	0x3a0e
 1f2:	390b3b0b          	.4byte	0x390b3b0b
 1f6:	3f13490b          	.4byte	0x3f13490b
 1fa:	0219                	addi	tp,tp,6 # 6 <_prog_start-0x7ffffffa>
 1fc:	0018                	.2byte	0x18
 1fe:	1200                	addi	s0,sp,288
 200:	012e                	slli	sp,sp,0xb
 202:	0e03193f 0b3b0b3a 	.8byte	0xb3b0b3a0e03193f
 20a:	0b39                	addi	s6,s6,14
 20c:	193c1927          	.4byte	0x193c1927
 210:	1301                	addi	t1,t1,-32
 212:	0000                	unimp
 214:	49000513          	li	a0,1168
 218:	14000013          	li	zero,320
 21c:	0018                	.2byte	0x18
 21e:	0000                	unimp
 220:	2e15                	jal	554 <_prog_start-0x7ffffaac>
 222:	3f01                	jal	132 <_prog_start-0x7ffffece>
 224:	0319                	addi	t1,t1,6
 226:	3a0e                	.2byte	0x3a0e
 228:	390b3b0b          	.4byte	0x390b3b0b
 22c:	1119270b          	.4byte	0x1119270b
 230:	1201                	addi	tp,tp,-32 # ffffffe0 <class_base_sectors+0x7ffff594>
 232:	4006                	.2byte	0x4006
 234:	7c18                	.2byte	0x7c18
 236:	0119                	addi	sp,sp,6
 238:	16000013          	li	zero,352
 23c:	012e                	slli	sp,sp,0xb
 23e:	0b3a0e03          	lb	t3,179(s4)
 242:	0b390b3b          	.4byte	0xb390b3b
 246:	13491927          	.4byte	0x13491927
 24a:	0111                	addi	sp,sp,4
 24c:	0612                	slli	a2,a2,0x4
 24e:	1840                	addi	s0,sp,52
 250:	197a                	slli	s2,s2,0x3e
 252:	1301                	addi	t1,t1,-32
 254:	0000                	unimp
 256:	03000517          	auipc	a0,0x3000
 25a:	3a08                	.2byte	0x3a08
 25c:	390b3b0b          	.4byte	0x390b3b0b
 260:	0213490b          	.4byte	0x213490b
 264:	0018                	.2byte	0x18
 266:	1800                	addi	s0,sp,48
 268:	012e                	slli	sp,sp,0xb
 26a:	0b3a0e03          	lb	t3,179(s4)
 26e:	0b390b3b          	.4byte	0xb390b3b
 272:	01111927          	.4byte	0x1111927
 276:	0612                	slli	a2,a2,0x4
 278:	1840                	addi	s0,sp,52
 27a:	197a                	slli	s2,s2,0x3e
 27c:	0000                	unimp
 27e:	0b19                	addi	s6,s6,6
 280:	5501                	li	a0,-32
 282:	00000017          	auipc	zero,0x0

Disassembly of section .debug_aranges:

00000000 <.debug_aranges>:
   0:	001c                	.2byte	0x1c
   2:	0000                	unimp
   4:	0002                	c.slli64	zero
   6:	0000                	unimp
   8:	0000                	unimp
   a:	0004                	.2byte	0x4
   c:	0000                	unimp
   e:	0000                	unimp
  10:	0000                	unimp
  12:	8000                	.2byte	0x8000
  14:	002a                	c.slli	zero,0xa
	...
  1e:	0000                	unimp
  20:	001c                	.2byte	0x1c
  22:	0000                	unimp
  24:	0002                	c.slli64	zero
  26:	0024                	addi	s1,sp,8
  28:	0000                	unimp
  2a:	0004                	.2byte	0x4
  2c:	0000                	unimp
  2e:	0000                	unimp
  30:	002a                	c.slli	zero,0xa
  32:	8000                	.2byte	0x8000
  34:	0364                	addi	s1,sp,396
	...
  3e:	0000                	unimp
  40:	001c                	.2byte	0x1c
  42:	0000                	unimp
  44:	0002                	c.slli64	zero
  46:	000002b7          	lui	t0,0x0
  4a:	0004                	.2byte	0x4
  4c:	0000                	unimp
  4e:	0000                	unimp
  50:	038e                	slli	t2,t2,0x3
  52:	8000                	.2byte	0x8000
  54:	060a                	slli	a2,a2,0x2
	...

Disassembly of section .debug_str:

00000000 <.debug_str>:
   0:	6d6f682f          	.4byte	0x6d6f682f
   4:	2f65                	jal	7bc <_prog_start-0x7ffff844>
   6:	7568                	.2byte	0x7568
   8:	676e                	.2byte	0x676e
   a:	6874                	.2byte	0x6874
   c:	326b696f          	jal	s2,b6332 <_prog_start-0x7ff49cce>
  10:	2f34                	.2byte	0x2f34
  12:	4952                	lw	s2,20(sp)
  14:	54564353          	.4byte	0x54564353
  18:	7475                	lui	s0,0xffffd
  1a:	6169726f          	jal	tp,97630 <_prog_start-0x7ff689d0>
  1e:	316c                	.2byte	0x316c
  20:	6770662f          	.4byte	0x6770662f
  24:	2f61                	jal	7bc <_prog_start-0x7ffff844>
  26:	632f7773          	csrrci	a4,0x632,30
  2a:	6e6e                	.2byte	0x6e6e
  2c:	6372732f          	.4byte	0x6372732f
  30:	7472632f          	.4byte	0x7472632f
  34:	2e30                	.2byte	0x2e30
  36:	682f0053          	.4byte	0x682f0053
  3a:	2f656d6f          	jal	s10,56330 <_prog_start-0x7ffa9cd0>
  3e:	7568                	.2byte	0x7568
  40:	676e                	.2byte	0x676e
  42:	6874                	.2byte	0x6874
  44:	326b696f          	jal	s2,b636a <_prog_start-0x7ff49c96>
  48:	2f34                	.2byte	0x2f34
  4a:	4952                	lw	s2,20(sp)
  4c:	54564353          	.4byte	0x54564353
  50:	7475                	lui	s0,0xffffd
  52:	6169726f          	jal	tp,97668 <_prog_start-0x7ff68998>
  56:	316c                	.2byte	0x316c
  58:	6770662f          	.4byte	0x6770662f
  5c:	2f61                	jal	7f4 <_prog_start-0x7ffff80c>
  5e:	632f7773          	csrrci	a4,0x632,30
  62:	6e6e                	.2byte	0x6e6e
  64:	4700                	lw	s0,8(a4)
  66:	554e                	lw	a0,240(sp)
  68:	4120                	lw	s0,64(a0)
  6a:	2e322053          	.4byte	0x2e322053
  6e:	69003933          	.4byte	0x69003933
  72:	68635f73          	csrrwi	t5,0x686,6
  76:	7261                	lui	tp,0xffff8
  78:	5f00                	lw	s0,56(a4)
  7a:	625f 6975 746c      	.byte	0x5f, 0x62, 0x75, 0x69, 0x6c, 0x74
  80:	6e69                	lui	t3,0x1a
  82:	765f 5f61 696c      	.byte	0x5f, 0x76, 0x61, 0x5f, 0x6c, 0x69
  88:	5f007473          	csrrci	s0,0x5f0,0
  8c:	6f42                	.2byte	0x6f42
  8e:	5f006c6f          	jal	s8,667e <_prog_start-0x7fff9982>
  92:	695f 746e 3233      	.byte	0x5f, 0x69, 0x6e, 0x74, 0x33, 0x32
  98:	745f 6900 5f73      	.byte	0x5f, 0x74, 0x00, 0x69, 0x73, 0x5f
  9e:	6f6c                	.2byte	0x6f6c
  a0:	676e                	.2byte	0x676e
  a2:	6b00                	.2byte	0x6b00
  a4:	7270                	.2byte	0x7270
  a6:	6e69                	lui	t3,0x1a
  a8:	6674                	.2byte	0x6674
  aa:	5f00                	lw	s0,56(a4)
  ac:	675f 756e 5f63      	.byte	0x5f, 0x67, 0x6e, 0x75, 0x63, 0x5f
  b2:	6176                	.2byte	0x6176
  b4:	6c5f 7369 0074      	.byte	0x5f, 0x6c, 0x69, 0x73, 0x74, 0x00
  ba:	6e75                	lui	t3,0x1d
  bc:	6e676973          	csrrsi	s2,0x6e6,14
  c0:	6465                	lui	s0,0x19
  c2:	6320                	.2byte	0x6320
  c4:	6168                	.2byte	0x6168
  c6:	0072                	c.slli	zero,0x1c
  c8:	726f6873          	csrrsi	a6,mhpmevent6h,30
  cc:	2074                	.2byte	0x2074
  ce:	6e75                	lui	t3,0x1d
  d0:	6e676973          	csrrsi	s2,0x6e6,14
  d4:	6465                	lui	s0,0x19
  d6:	6920                	.2byte	0x6920
  d8:	746e                	.2byte	0x746e
  da:	5f00                	lw	s0,56(a4)
  dc:	755f 6e69 3374      	.byte	0x5f, 0x75, 0x69, 0x6e, 0x74, 0x33
  e2:	5f32                	lw	t5,44(sp)
  e4:	0074                	addi	a3,sp,12
  e6:	7369                	lui	t1,0xffffa
  e8:	665f 726f 616d      	.byte	0x5f, 0x66, 0x6f, 0x72, 0x6d, 0x61
  ee:	0074                	addi	a3,sp,12
  f0:	6f6c                	.2byte	0x6f6c
  f2:	676e                	.2byte	0x676e
  f4:	6c20                	.2byte	0x6c20
  f6:	20676e6f          	jal	t3,762fc <_prog_start-0x7ff89d04>
  fa:	6e75                	lui	t3,0x1d
  fc:	6e676973          	csrrsi	s2,0x6e6,14
 100:	6465                	lui	s0,0x19
 102:	6920                	.2byte	0x6920
 104:	746e                	.2byte	0x746e
 106:	6c00                	.2byte	0x6c00
 108:	20676e6f          	jal	t3,7630e <_prog_start-0x7ff89cf2>
 10c:	6f6c                	.2byte	0x6f6c
 10e:	676e                	.2byte	0x676e
 110:	6920                	.2byte	0x6920
 112:	746e                	.2byte	0x746e
 114:	4700                	lw	s0,8(a4)
 116:	554e                	lw	a0,240(sp)
 118:	4320                	lw	s0,64(a4)
 11a:	3131                	jal	fffffd26 <class_base_sectors+0x7ffff2da>
 11c:	3120                	.2byte	0x3120
 11e:	2e32                	.2byte	0x2e32
 120:	2e32                	.2byte	0x2e32
 122:	2030                	.2byte	0x2030
 124:	6d2d                	lui	s10,0xb
 126:	646f6d63          	bltu	t5,t1,780 <_prog_start-0x7ffff880>
 12a:	6c65                	lui	s8,0x19
 12c:	6d3d                	lui	s10,0xf
 12e:	6465                	lui	s0,0x19
 130:	6e61                	lui	t3,0x18
 132:	2079                	jal	1c0 <_prog_start-0x7ffffe40>
 134:	6d2d                	lui	s10,0xb
 136:	6261                	lui	tp,0x18
 138:	3d69                	jal	ffffffd2 <class_base_sectors+0x7ffff586>
 13a:	6c69                	lui	s8,0x1a
 13c:	3370                	.2byte	0x3370
 13e:	2032                	.2byte	0x2032
 140:	6d2d                	lui	s10,0xb
 142:	7574                	.2byte	0x7574
 144:	656e                	.2byte	0x656e
 146:	723d                	lui	tp,0xfffef
 148:	656b636f          	jal	t1,b679e <_prog_start-0x7ff49862>
 14c:	2074                	.2byte	0x2074
 14e:	6d2d                	lui	s10,0xb
 150:	7369                	lui	t1,0xffffa
 152:	2d61                	jal	7ea <_prog_start-0x7ffff816>
 154:	63657073          	csrci	0x636,10
 158:	323d                	jal	fffffa86 <class_base_sectors+0x7ffff03a>
 15a:	322e                	.2byte	0x322e
 15c:	2d20                	.2byte	0x2d20
 15e:	616d                	addi	sp,sp,240
 160:	6372                	.2byte	0x6372
 162:	3d68                	.2byte	0x3d68
 164:	7672                	.2byte	0x7672
 166:	6d693233          	.4byte	0x6d693233
 16a:	6361                	lui	t1,0x18
 16c:	2d20                	.2byte	0x2d20
 16e:	4f2d2067          	.4byte	0x4f2d2067
 172:	2030                	.2byte	0x2030
 174:	732d                	lui	t1,0xfffeb
 176:	6474                	.2byte	0x6474
 178:	673d                	lui	a4,0xf
 17a:	756e                	.2byte	0x756e
 17c:	3131                	jal	fffffd88 <class_base_sectors+0x7ffff33c>
 17e:	2d20                	.2byte	0x2d20
 180:	6e66                	.2byte	0x6e66
 182:	6f632d6f          	jal	s10,32878 <_prog_start-0x7ffcd788>
 186:	6d6d                	lui	s10,0x1b
 188:	73006e6f          	jal	t3,68b8 <_prog_start-0x7fff9748>
 18c:	6f68                	.2byte	0x6f68
 18e:	7472                	.2byte	0x7472
 190:	6920                	.2byte	0x6920
 192:	746e                	.2byte	0x746e
 194:	5f00                	lw	s0,56(a4)
 196:	7475706b          	.4byte	0x7475706b
 19a:	61750073          	.4byte	0x61750073
 19e:	7472                	.2byte	0x7472
 1a0:	6b00                	.2byte	0x6b00
 1a2:	7570                	.2byte	0x7570
 1a4:	6374                	.2byte	0x6374
 1a6:	6300                	.2byte	0x6300
 1a8:	616c                	.2byte	0x616c
 1aa:	615f7373          	csrrci	t1,htimedeltah,30
 1ae:	665f6363          	bltu	t5,t0,814 <_prog_start-0x7ffff7ec>
 1b2:	6172                	.2byte	0x6172
 1b4:	6f640063          	beq	s0,s6,894 <_prog_start-0x7ffff76c>
 1b8:	656e                	.2byte	0x656e
 1ba:	735f 6174 7574      	.byte	0x5f, 0x73, 0x74, 0x61, 0x74, 0x75
 1c0:	6c630073          	.4byte	0x6c630073
 1c4:	7361                	lui	t1,0xffff8
 1c6:	64695f73          	csrrwi	t5,0x646,18
 1ca:	0078                	addi	a4,sp,12
 1cc:	616d                	addi	sp,sp,240
 1ce:	6e69                	lui	t3,0x1a
 1d0:	6800                	.2byte	0x6800
 1d2:	7261                	lui	tp,0xffff8
 1d4:	6974                	.2byte	0x6974
 1d6:	0064                	addi	s1,sp,12
 1d8:	6564                	.2byte	0x6564
 1da:	616c                	.2byte	0x616c
 1dc:	5f79                	li	t5,-2
 1de:	6c637963          	bgeu	t1,t1,8b0 <_prog_start-0x7ffff750>
 1e2:	7365                	lui	t1,0xffff9
 1e4:	7300                	.2byte	0x7300
 1e6:	5f64                	lw	s1,124(a4)
 1e8:	5f697073          	csrci	0x5f6,18
 1ec:	6678                	.2byte	0x6678
 1ee:	7265                	lui	tp,0xffff9
 1f0:	7700                	.2byte	0x7700
 1f2:	6965                	lui	s2,0x19
 1f4:	5f746867          	.4byte	0x5f746867
 1f8:	7562                	.2byte	0x7562
 1fa:	6666                	.2byte	0x6666
 1fc:	7265                	lui	tp,0xffff9
 1fe:	7000                	.2byte	0x7000
 200:	7361                	lui	t1,0xffff8
 202:	6f635f73          	csrrwi	t5,0x6f6,6
 206:	6e75                	lui	t3,0x1d
 208:	0074                	addi	a3,sp,12
 20a:	6572                	.2byte	0x6572
 20c:	6461                	lui	s0,0x18
 20e:	735f 5f64 6573      	.byte	0x5f, 0x73, 0x64, 0x5f, 0x73, 0x65
 214:	726f7463          	bgeu	t5,t1,93c <_prog_start-0x7ffff6c4>
 218:	7300                	.2byte	0x7300
 21a:	5f64                	lw	s1,124(a4)
 21c:	7265                	lui	tp,0xffff9
 21e:	0072                	c.slli	zero,0x1c
 220:	72727563          	bgeu	tp,t2,94a <_prog_start-0x7ffff6b6>
 224:	6e65                	lui	t3,0x19
 226:	5f74                	lw	a3,124(a4)
 228:	6176                	.2byte	0x6176
 22a:	006c                	addi	a1,sp,12
 22c:	5f5f 6975 746e      	.byte	0x5f, 0x5f, 0x75, 0x69, 0x6e, 0x74
 232:	5f38                	lw	a4,120(a4)
 234:	0074                	addi	a3,sp,12
 236:	74636573          	csrrsi	a0,0x746,6
 23a:	625f726f          	jal	tp,f805e <_prog_start-0x7ff07fa2>
 23e:	6675                	lui	a2,0x1d
 240:	6566                	.2byte	0x6566
 242:	0072                	c.slli	zero,0x1c
 244:	6f74                	.2byte	0x6f74
 246:	6174                	.2byte	0x6174
 248:	5f6c                	lw	a1,124(a4)
 24a:	6361                	lui	t1,0x18
 24c:	72665f63          	bge	a2,t1,98a <_prog_start-0x7ffff676>
 250:	6361                	lui	t1,0x18
 252:	6600                	.2byte	0x6600
 254:	6961                	lui	s2,0x18
 256:	5f6c                	lw	a1,124(a4)
 258:	6e756f63          	bltu	a0,t2,956 <_prog_start-0x7ffff6aa>
 25c:	0074                	addi	a3,sp,12
 25e:	6f74                	.2byte	0x6f74
 260:	6174                	.2byte	0x6174
 262:	5f6c                	lw	a1,124(a4)
 264:	6170                	.2byte	0x6170
 266:	675f7373          	csrrci	t1,0x675,30
 26a:	6f6c                	.2byte	0x6f6c
 26c:	6162                	.2byte	0x6162
 26e:	006c                	addi	a1,sp,12
 270:	7261                	lui	tp,0xffff8
 272:	5f007667          	.4byte	0x5f007667
 276:	695f 746e 5f38      	.byte	0x5f, 0x69, 0x6e, 0x74, 0x38, 0x5f
 27c:	0074                	addi	a3,sp,12
 27e:	6f74                	.2byte	0x6f74
 280:	6174                	.2byte	0x6174
 282:	5f6c                	lw	a1,124(a4)
 284:	6361                	lui	t1,0x18
 286:	6e695f63          	bge	s2,t1,984 <_prog_start-0x7ffff67c>
 28a:	0074                	addi	a3,sp,12
 28c:	74636573          	csrrsi	a0,0x746,6
 290:	615f726f          	jal	tp,f80a4 <_prog_start-0x7ff07f5c>
 294:	6464                	.2byte	0x6464
 296:	0072                	c.slli	zero,0x1c
 298:	706d6173          	csrrsi	sp,0x706,26
 29c:	656c                	.2byte	0x656c
 29e:	645f 7461 0061      	.byte	0x5f, 0x64, 0x61, 0x74, 0x61, 0x00
 2a4:	73616c63          	bltu	sp,s6,9dc <_prog_start-0x7ffff624>
 2a8:	69666973          	csrrsi	s2,0x696,12
 2ac:	69746163          	bltu	s0,s7,92e <_prog_start-0x7ffff6d2>
 2b0:	725f6e6f          	jal	t3,f71d4 <_prog_start-0x7ff08e2c>
 2b4:	7365                	lui	t1,0xffff9
 2b6:	6c75                	lui	s8,0x1d
 2b8:	0074                	addi	a3,sp,12
 2ba:	67696577          	.4byte	0x67696577
 2be:	7468                	.2byte	0x7468
 2c0:	32335f73          	csrrwi	t5,mhpmevent3,6
 2c4:	6300                	.2byte	0x6300
 2c6:	6e6e                	.2byte	0x6e6e
 2c8:	625f 7361 0065      	.byte	0x5f, 0x62, 0x61, 0x73, 0x65, 0x00
 2ce:	73616c63          	bltu	sp,s6,a06 <_prog_start-0x7ffff5fa>
 2d2:	61625f73          	csrrwi	t5,0x616,4
 2d6:	735f6573          	csrrsi	a0,mhpmevent21h,30
 2da:	6365                	lui	t1,0x19
 2dc:	6f74                	.2byte	0x6f74
 2de:	7372                	.2byte	0x7372
 2e0:	7400                	.2byte	0x7400
 2e2:	7261                	lui	tp,0xffff8
 2e4:	5f746567          	.4byte	0x5f746567
 2e8:	74636573          	csrrsi	a0,0x746,6
 2ec:	7000726f          	jal	tp,79ec <_prog_start-0x7fff8614>
 2f0:	6572                	.2byte	0x6572
 2f2:	6964                	.2byte	0x6964
 2f4:	64657463          	bgeu	a0,t1,93c <_prog_start-0x7ffff6c4>
 2f8:	6c5f 6261 6c65      	.byte	0x5f, 0x6c, 0x61, 0x62, 0x65, 0x6c
 2fe:	7400                	.2byte	0x7400
 300:	6c61746f          	jal	s0,179c6 <_prog_start-0x7ffe863a>
 304:	735f 6d61 6c70      	.byte	0x5f, 0x73, 0x61, 0x6d, 0x70, 0x6c
 30a:	7365                	lui	t1,0xffff9
 30c:	675f 6f6c 6162      	.byte	0x5f, 0x67, 0x6c, 0x6f, 0x62, 0x61
 312:	006c                	addi	a1,sp,12
 314:	73616c63          	bltu	sp,s6,a4c <_prog_start-0x7ffff5b4>
 318:	63615f73          	csrrwi	t5,0x636,2
 31c:	6e695f63          	bge	s2,t1,a1a <_prog_start-0x7ffff5e6>
 320:	0074                	addi	a3,sp,12
 322:	7270                	.2byte	0x7270
 324:	6e69                	lui	t3,0x1a
 326:	5f74                	lw	a3,124(a4)
 328:	6568                	.2byte	0x6568
 32a:	7261                	lui	tp,0xffff8
 32c:	6274                	.2byte	0x6274
 32e:	6165                	addi	sp,sp,112
 330:	5f74                	lw	a3,124(a4)
 332:	6e69                	lui	t3,0x1a
 334:	6f66                	.2byte	0x6f66
 336:	7300                	.2byte	0x7300
 338:	6174                	.2byte	0x6174
 33a:	7472                	.2byte	0x7472
 33c:	765f 6c61 7200      	.byte	0x5f, 0x76, 0x61, 0x6c, 0x00, 0x72
 342:	7761                	lui	a4,0xffff8
 344:	765f 6c61 7400      	.byte	0x5f, 0x76, 0x61, 0x6c, 0x00, 0x74
 34a:	6d69                	lui	s10,0x1a
 34c:	6f65                	lui	t5,0x19
 34e:	7475                	lui	s0,0xffffd
	...

Disassembly of section .debug_frame:

00000000 <.debug_frame>:
   0:	000c                	.2byte	0xc
   2:	0000                	unimp
   4:	ffff                	.2byte	0xffff
   6:	ffff                	.2byte	0xffff
   8:	7c010003          	lb	zero,1984(sp)
   c:	0d01                	addi	s10,s10,0 # 1a000 <_prog_start-0x7ffe6000>
   e:	0002                	c.slli64	zero
  10:	0020                	addi	s0,sp,8
  12:	0000                	unimp
  14:	0000                	unimp
  16:	0000                	unimp
  18:	002a                	c.slli	zero,0xa
  1a:	8000                	.2byte	0x8000
  1c:	003c                	addi	a5,sp,8
  1e:	0000                	unimp
  20:	0e42                	slli	t3,t3,0x10
  22:	4230                	lw	a2,64(a2)
  24:	0188                	addi	a0,sp,192
  26:	0c42                	slli	s8,s8,0x10
  28:	0008                	.2byte	0x8
  2a:	c872                	sw	t3,16(sp)
  2c:	020c                	addi	a1,sp,256
  2e:	4230                	lw	a2,64(a2)
  30:	000e                	c.slli	zero,0x3
  32:	0000                	unimp
  34:	0024                	addi	s1,sp,8
  36:	0000                	unimp
  38:	0000                	unimp
  3a:	0000                	unimp
  3c:	0066                	c.slli	zero,0x19
  3e:	8000                	.2byte	0x8000
  40:	003e                	c.slli	zero,0xf
  42:	0000                	unimp
  44:	0e42                	slli	t3,t3,0x10
  46:	4430                	lw	a2,72(s0)
  48:	0181                	addi	gp,gp,0
  4a:	0288                	addi	a0,sp,320
  4c:	0c42                	slli	s8,s8,0x10
  4e:	0008                	.2byte	0x8
  50:	c170                	sw	a2,68(a0)
  52:	c842                	sw	a6,16(sp)
  54:	020c                	addi	a1,sp,256
  56:	4230                	lw	a2,64(a2)
  58:	000e                	c.slli	zero,0x3
  5a:	0000                	unimp
  5c:	0024                	addi	s1,sp,8
  5e:	0000                	unimp
  60:	0000                	unimp
  62:	0000                	unimp
  64:	00a4                	addi	s1,sp,72
  66:	8000                	.2byte	0x8000
  68:	0024                	addi	s1,sp,8
  6a:	0000                	unimp
  6c:	0e42                	slli	t3,t3,0x10
  6e:	4420                	lw	s0,72(s0)
  70:	0181                	addi	gp,gp,0
  72:	0288                	addi	a0,sp,320
  74:	0c42                	slli	s8,s8,0x10
  76:	0008                	.2byte	0x8
  78:	c156                	sw	s5,128(sp)
  7a:	c842                	sw	a6,16(sp)
  7c:	020c                	addi	a1,sp,256
  7e:	4220                	lw	s0,64(a2)
  80:	000e                	c.slli	zero,0x3
  82:	0000                	unimp
  84:	0028                	addi	a0,sp,8
  86:	0000                	unimp
  88:	0000                	unimp
  8a:	0000                	unimp
  8c:	00c8                	addi	a0,sp,68
  8e:	8000                	.2byte	0x8000
  90:	02c6                	slli	t0,t0,0x11
  92:	0000                	unimp
  94:	0e42                	slli	t3,t3,0x10
  96:	0190                	addi	a2,sp,192
  98:	8144                	.2byte	0x8144
  9a:	8809                	andi	s0,s0,2
  9c:	420a                	lw	tp,128(sp)
  9e:	080c                	addi	a1,sp,16
  a0:	0320                	addi	s0,sp,392
  a2:	02b8                	addi	a4,sp,328
  a4:	42c1                	li	t0,16
  a6:	0cc8                	addi	a0,sp,596
  a8:	9002                	ebreak
  aa:	4201                	li	tp,0
  ac:	000e                	c.slli	zero,0x3
  ae:	0000                	unimp
  b0:	000c                	.2byte	0xc
  b2:	0000                	unimp
  b4:	ffff                	.2byte	0xffff
  b6:	ffff                	.2byte	0xffff
  b8:	7c010003          	lb	zero,1984(sp)
  bc:	0d01                	addi	s10,s10,0
  be:	0002                	c.slli64	zero
  c0:	0020                	addi	s0,sp,8
  c2:	0000                	unimp
  c4:	00b0                	addi	a2,sp,72
  c6:	0000                	unimp
  c8:	038e                	slli	t2,t2,0x3
  ca:	8000                	.2byte	0x8000
  cc:	003a                	c.slli	zero,0xe
  ce:	0000                	unimp
  d0:	0e42                	slli	t3,t3,0x10
  d2:	4230                	lw	a2,64(a2)
  d4:	0188                	addi	a0,sp,192
  d6:	0c42                	slli	s8,s8,0x10
  d8:	0008                	.2byte	0x8
  da:	c870                	sw	a2,84(s0)
  dc:	020c                	addi	a1,sp,256
  de:	4230                	lw	a2,64(a2)
  e0:	000e                	c.slli	zero,0x3
  e2:	0000                	unimp
  e4:	0020                	addi	s0,sp,8
  e6:	0000                	unimp
  e8:	00b0                	addi	a2,sp,72
  ea:	0000                	unimp
  ec:	03c8                	addi	a0,sp,452
  ee:	8000                	.2byte	0x8000
  f0:	0040                	addi	s0,sp,4
  f2:	0000                	unimp
  f4:	0e42                	slli	t3,t3,0x10
  f6:	4230                	lw	a2,64(a2)
  f8:	0188                	addi	a0,sp,192
  fa:	0c42                	slli	s8,s8,0x10
  fc:	0008                	.2byte	0x8
  fe:	c876                	sw	t4,16(sp)
 100:	020c                	addi	a1,sp,256
 102:	4230                	lw	a2,64(a2)
 104:	000e                	c.slli	zero,0x3
 106:	0000                	unimp
 108:	0028                	addi	a0,sp,8
 10a:	0000                	unimp
 10c:	00b0                	addi	a2,sp,72
 10e:	0000                	unimp
 110:	0408                	addi	a0,sp,512
 112:	8000                	.2byte	0x8000
 114:	0138                	addi	a4,sp,136
 116:	0000                	unimp
 118:	0e42                	slli	t3,t3,0x10
 11a:	4630                	lw	a2,72(a2)
 11c:	0181                	addi	gp,gp,0
 11e:	0288                	addi	a0,sp,320
 120:	0389                	addi	t2,t2,2
 122:	0c42                	slli	s8,s8,0x10
 124:	0008                	.2byte	0x8
 126:	c1012603          	lw	a2,-1008(sp)
 12a:	c842                	sw	a6,16(sp)
 12c:	020c                	addi	a1,sp,256
 12e:	4230                	lw	a2,64(a2)
 130:	42c9                	li	t0,18
 132:	000e                	c.slli	zero,0x3
 134:	0024                	addi	s1,sp,8
 136:	0000                	unimp
 138:	00b0                	addi	a2,sp,72
 13a:	0000                	unimp
 13c:	0540                	addi	s0,sp,644
 13e:	8000                	.2byte	0x8000
 140:	0086                	slli	ra,ra,0x1
 142:	0000                	unimp
 144:	0e42                	slli	t3,t3,0x10
 146:	4420                	lw	s0,72(s0)
 148:	0181                	addi	gp,gp,0
 14a:	0288                	addi	a0,sp,320
 14c:	0c42                	slli	s8,s8,0x10
 14e:	0008                	.2byte	0x8
 150:	7802                	.2byte	0x7802
 152:	42c1                	li	t0,16
 154:	0cc8                	addi	a0,sp,596
 156:	2002                	.2byte	0x2002
 158:	0e42                	slli	t3,t3,0x10
 15a:	0000                	unimp
 15c:	001c                	.2byte	0x1c
 15e:	0000                	unimp
 160:	00b0                	addi	a2,sp,72
 162:	0000                	unimp
 164:	05c6                	slli	a1,a1,0x11
 166:	8000                	.2byte	0x8000
 168:	03d2                	slli	t2,t2,0x14
 16a:	0000                	unimp
 16c:	0e44                	addi	s1,sp,788
 16e:	0ff0                	addi	a2,sp,988
 170:	8148                	.2byte	0x8148
 172:	8801                	andi	s0,s0,0
 174:	4402                	lw	s0,0(sp)
 176:	080c                	addi	a1,sp,16
 178:	0000                	unimp
	...

Disassembly of section .debug_rnglists:

00000000 <.debug_rnglists>:
   0:	0000001b          	.4byte	0x1b
   4:	0005                	c.nop	1
   6:	0004                	.2byte	0x4
   8:	0000                	unimp
   a:	0000                	unimp
   c:	a006                	.2byte	0xa006
   e:	bc800003          	lb	zero,-1080(zero) # fffffbc8 <class_base_sectors+0x7ffff17c>
  12:	06800003          	lb	zero,104(zero) # 68 <_prog_start-0x7fffff98>
  16:	03be                	slli	t2,t2,0xf
  18:	8000                	.2byte	0x8000
  1a:	03c0                	addi	s0,sp,452
  1c:	8000                	.2byte	0x8000
	...
