
/home/hungthoik24/RISCVTutorial1/fpga/sw/cnn/build/main.elf:     file format elf32-littleriscv


Disassembly of section .text:

80000000 <_prog_start>:
  .section .text.init
  .option norvc
  .globl _prog_start
_prog_start:
  // perform boot if hart_0, otherwise sleep
  csrr s0, mhartid
80000000:	f1402473          	csrr	s0,mhartid
  bne s0, zero, _stop
80000004:	00041f63          	bnez	s0,80000022 <_stop>
  csrw mie, s2
80000008:	30491073          	csrw	mie,s2
  li sp, (PAYLOAD_DEST + 0x1F00)
8000000c:	80002137          	lui	sp,0x80002
80000010:	f0010113          	addi	sp,sp,-256 # 80001f00 <CLASS_NAMES+0x1350>
  csrr a0, mhartid
80000014:	f1402573          	csrr	a0,mhartid
  call main
80000018:	23dd                	jal	800005fe <main>
  li s1, MEMORY_MEM_ADDR
8000001a:	800004b7          	lui	s1,0x80000
  jr s1
8000001e:	00048067          	jr	s1 # 80000000 <CLASS_NAMES+0xfffff450>

80000022 <_stop>:
_stop:
  wfi
80000022:	10500073          	wfi

80000026 <_loopback>:
_loopback:
  j _loopback
80000026:	0000006f          	j	80000026 <_loopback>

8000002a <kputc>:
  #define UART_CTRL_ADDR _UART_CTRL_ADDR(UART_NUM)
#endif
static volatile uint32_t * const uart = (void *)(UART_CTRL_ADDR);

static inline void kputc(char c)
{
8000002a:	7179                	addi	sp,sp,-48
8000002c:	d622                	sw	s0,44(sp)
8000002e:	1800                	addi	s0,sp,48
80000030:	87aa                	mv	a5,a0
80000032:	fcf40fa3          	sb	a5,-33(s0)
	volatile uint32_t *tx = &REG32(uart, UART_REG_TXFIFO);
80000036:	640007b7          	lui	a5,0x64000
8000003a:	fef42623          	sw	a5,-20(s0)
#ifdef __riscv_atomic
	int32_t r;
	do {
		__asm__ __volatile__ (
8000003e:	fec42703          	lw	a4,-20(s0)
80000042:	fdf44783          	lbu	a5,-33(s0)
80000046:	86be                	mv	a3,a5
80000048:	fec42783          	lw	a5,-20(s0)
8000004c:	40d727af          	amoor.w	a5,a3,(a4)
80000050:	fef42423          	sw	a5,-24(s0)
			"amoor.w %0, %2, %1\n"
			: "=r" (r), "+A" (*tx)
			: "r" (c));
	} while (r < 0);
80000054:	fe842783          	lw	a5,-24(s0)
80000058:	fe07c3e3          	bltz	a5,8000003e <kputc+0x14>
#else
	while ((int32_t)(*tx) < 0);
	*tx = c;
#endif
}
8000005c:	0001                	nop
8000005e:	0001                	nop
80000060:	5432                	lw	s0,44(sp)
80000062:	6145                	addi	sp,sp,48
80000064:	8082                	ret

80000066 <_kputs>:
#include <stdbool.h>

#include "kprintf.h"

static inline void _kputs(const char *s)
{
80000066:	7179                	addi	sp,sp,-48
80000068:	d606                	sw	ra,44(sp)
8000006a:	d422                	sw	s0,40(sp)
8000006c:	1800                	addi	s0,sp,48
8000006e:	fca42e23          	sw	a0,-36(s0)
	char c;
	for (; (c = *s) != '\0'; s++)
80000072:	a811                	j	80000086 <_kputs+0x20>
		kputc(c);
80000074:	fef44783          	lbu	a5,-17(s0)
80000078:	853e                	mv	a0,a5
8000007a:	3f45                	jal	8000002a <kputc>
	for (; (c = *s) != '\0'; s++)
8000007c:	fdc42783          	lw	a5,-36(s0)
80000080:	0785                	addi	a5,a5,1 # 64000001 <_prog_start-0x1bffffff>
80000082:	fcf42e23          	sw	a5,-36(s0)
80000086:	fdc42783          	lw	a5,-36(s0)
8000008a:	0007c783          	lbu	a5,0(a5)
8000008e:	fef407a3          	sb	a5,-17(s0)
80000092:	fef44783          	lbu	a5,-17(s0)
80000096:	fff9                	bnez	a5,80000074 <_kputs+0xe>
}
80000098:	0001                	nop
8000009a:	0001                	nop
8000009c:	50b2                	lw	ra,44(sp)
8000009e:	5422                	lw	s0,40(sp)
800000a0:	6145                	addi	sp,sp,48
800000a2:	8082                	ret

800000a4 <kputs>:

void kputs(const char *s)
{
800000a4:	1101                	addi	sp,sp,-32
800000a6:	ce06                	sw	ra,28(sp)
800000a8:	cc22                	sw	s0,24(sp)
800000aa:	1000                	addi	s0,sp,32
800000ac:	fea42623          	sw	a0,-20(s0)
	_kputs(s);
800000b0:	fec42503          	lw	a0,-20(s0)
800000b4:	3f4d                	jal	80000066 <_kputs>
	kputc('\r');
800000b6:	4535                	li	a0,13
800000b8:	3f8d                	jal	8000002a <kputc>
	kputc('\n');
800000ba:	4529                	li	a0,10
800000bc:	37bd                	jal	8000002a <kputc>
}
800000be:	0001                	nop
800000c0:	40f2                	lw	ra,28(sp)
800000c2:	4462                	lw	s0,24(sp)
800000c4:	6105                	addi	sp,sp,32
800000c6:	8082                	ret

800000c8 <kprintf>:

void kprintf(const char *fmt, ...)
{
800000c8:	7171                	addi	sp,sp,-176
800000ca:	c706                	sw	ra,140(sp)
800000cc:	c522                	sw	s0,136(sp)
800000ce:	0900                	addi	s0,sp,144
800000d0:	f6a42e23          	sw	a0,-132(s0)
800000d4:	c04c                	sw	a1,4(s0)
800000d6:	c410                	sw	a2,8(s0)
800000d8:	c454                	sw	a3,12(s0)
800000da:	c818                	sw	a4,16(s0)
800000dc:	c85c                	sw	a5,20(s0)
800000de:	01042c23          	sw	a6,24(s0)
800000e2:	01142e23          	sw	a7,28(s0)
	va_list vl;
	bool is_format, is_long, is_char;
	char c;

	va_start(vl, fmt);
800000e6:	02040793          	addi	a5,s0,32
800000ea:	f6f42c23          	sw	a5,-136(s0)
800000ee:	f7842783          	lw	a5,-136(s0)
800000f2:	1791                	addi	a5,a5,-28
800000f4:	fcf42423          	sw	a5,-56(s0)
	is_format = false;
800000f8:	fe0407a3          	sb	zero,-17(s0)
	is_long = false;
800000fc:	fe040723          	sb	zero,-18(s0)
	is_char = false;
80000100:	fe0406a3          	sb	zero,-19(s0)
	while ((c = *fmt++) != '\0') {
80000104:	a421                	j	8000030c <kprintf+0x244>
		if (is_format) {
80000106:	fef44783          	lbu	a5,-17(s0)
8000010a:	1e078363          	beqz	a5,800002f0 <kprintf+0x228>
			switch (c) {
8000010e:	fd344783          	lbu	a5,-45(s0)
80000112:	f9d78793          	addi	a5,a5,-99
80000116:	4755                	li	a4,21
80000118:	1cf76563          	bltu	a4,a5,800002e2 <kprintf+0x21a>
8000011c:	00279713          	slli	a4,a5,0x2
80000120:	00001797          	auipc	a5,0x1
80000124:	aa878793          	addi	a5,a5,-1368 # 80000bc8 <CLASS_NAMES+0x18>
80000128:	97ba                	add	a5,a5,a4
8000012a:	4398                	lw	a4,0(a5)
8000012c:	00001797          	auipc	a5,0x1
80000130:	a9c78793          	addi	a5,a5,-1380 # 80000bc8 <CLASS_NAMES+0x18>
80000134:	97ba                	add	a5,a5,a4
80000136:	8782                	jr	a5
			case 'l':
				unsigned long n;
				n = va_arg(vl, unsigned long);
80000138:	fc842783          	lw	a5,-56(s0)
8000013c:	00478713          	addi	a4,a5,4
80000140:	fce42423          	sw	a4,-56(s0)
80000144:	439c                	lw	a5,0(a5)
80000146:	fef42423          	sw	a5,-24(s0)
				char c[64];
				for (int i = 0; i < 64; i ++) c[i] = 0;
8000014a:	fe042223          	sw	zero,-28(s0)
8000014e:	a821                	j	80000166 <kprintf+0x9e>
80000150:	fe442783          	lw	a5,-28(s0)
80000154:	17c1                	addi	a5,a5,-16
80000156:	97a2                	add	a5,a5,s0
80000158:	f8078c23          	sb	zero,-104(a5)
8000015c:	fe442783          	lw	a5,-28(s0)
80000160:	0785                	addi	a5,a5,1
80000162:	fef42223          	sw	a5,-28(s0)
80000166:	fe442703          	lw	a4,-28(s0)
8000016a:	03f00793          	li	a5,63
8000016e:	fee7d1e3          	bge	a5,a4,80000150 <kprintf+0x88>
				if (n == 0) {
80000172:	fe842783          	lw	a5,-24(s0)
80000176:	e7a5                	bnez	a5,800001de <kprintf+0x116>
					kputc ('0');
80000178:	03000513          	li	a0,48
8000017c:	357d                	jal	8000002a <kputc>
					break;
8000017e:	a295                	j	800002e2 <kprintf+0x21a>
				}
				for (;n != 0;) {
					for (int i = 63; i > 0; i--) c[i] = c[i-1];
80000180:	03f00793          	li	a5,63
80000184:	fef42023          	sw	a5,-32(s0)
80000188:	a01d                	j	800001ae <kprintf+0xe6>
8000018a:	fe042783          	lw	a5,-32(s0)
8000018e:	17fd                	addi	a5,a5,-1
80000190:	17c1                	addi	a5,a5,-16
80000192:	97a2                	add	a5,a5,s0
80000194:	f987c703          	lbu	a4,-104(a5)
80000198:	fe042783          	lw	a5,-32(s0)
8000019c:	17c1                	addi	a5,a5,-16
8000019e:	97a2                	add	a5,a5,s0
800001a0:	f8e78c23          	sb	a4,-104(a5)
800001a4:	fe042783          	lw	a5,-32(s0)
800001a8:	17fd                	addi	a5,a5,-1
800001aa:	fef42023          	sw	a5,-32(s0)
800001ae:	fe042783          	lw	a5,-32(s0)
800001b2:	fcf04ce3          	bgtz	a5,8000018a <kprintf+0xc2>
					c[0] = '0' + (n%10);
800001b6:	fe842703          	lw	a4,-24(s0)
800001ba:	47a9                	li	a5,10
800001bc:	02f777b3          	remu	a5,a4,a5
800001c0:	0ff7f793          	zext.b	a5,a5
800001c4:	03078793          	addi	a5,a5,48
800001c8:	0ff7f793          	zext.b	a5,a5
800001cc:	f8f40423          	sb	a5,-120(s0)
					n = n / 10;
800001d0:	fe842703          	lw	a4,-24(s0)
800001d4:	47a9                	li	a5,10
800001d6:	02f757b3          	divu	a5,a4,a5
800001da:	fef42423          	sw	a5,-24(s0)
				for (;n != 0;) {
800001de:	fe842783          	lw	a5,-24(s0)
800001e2:	ffd9                	bnez	a5,80000180 <kprintf+0xb8>
				}
				for (int i = 0; c[i] != 0; i++) kputc(c[i]);
800001e4:	fc042e23          	sw	zero,-36(s0)
800001e8:	a831                	j	80000204 <kprintf+0x13c>
800001ea:	fdc42783          	lw	a5,-36(s0)
800001ee:	17c1                	addi	a5,a5,-16
800001f0:	97a2                	add	a5,a5,s0
800001f2:	f987c783          	lbu	a5,-104(a5)
800001f6:	853e                	mv	a0,a5
800001f8:	3d0d                	jal	8000002a <kputc>
800001fa:	fdc42783          	lw	a5,-36(s0)
800001fe:	0785                	addi	a5,a5,1
80000200:	fcf42e23          	sw	a5,-36(s0)
80000204:	fdc42783          	lw	a5,-36(s0)
80000208:	17c1                	addi	a5,a5,-16
8000020a:	97a2                	add	a5,a5,s0
8000020c:	f987c783          	lbu	a5,-104(a5)
80000210:	ffe9                	bnez	a5,800001ea <kprintf+0x122>
				break;
80000212:	a8c1                	j	800002e2 <kprintf+0x21a>
			case 'h':
				is_char = true;
80000214:	4785                	li	a5,1
80000216:	fef406a3          	sb	a5,-19(s0)
8000021a:	a8cd                	j	8000030c <kprintf+0x244>
				continue;
			case 'x': {
				unsigned long n;
				long i;
				if (is_long) {
8000021c:	fee44783          	lbu	a5,-18(s0)
80000220:	cf91                	beqz	a5,8000023c <kprintf+0x174>
					n = va_arg(vl, unsigned long);
80000222:	fc842783          	lw	a5,-56(s0)
80000226:	00478713          	addi	a4,a5,4
8000022a:	fce42423          	sw	a4,-56(s0)
8000022e:	439c                	lw	a5,0(a5)
80000230:	fcf42c23          	sw	a5,-40(s0)
					i = (sizeof(unsigned long) << 3) - 4;
80000234:	47f1                	li	a5,28
80000236:	fcf42a23          	sw	a5,-44(s0)
8000023a:	a88d                	j	800002ac <kprintf+0x1e4>
				} else {
					n = va_arg(vl, unsigned int);
8000023c:	fc842783          	lw	a5,-56(s0)
80000240:	00478713          	addi	a4,a5,4
80000244:	fce42423          	sw	a4,-56(s0)
80000248:	439c                	lw	a5,0(a5)
8000024a:	fcf42c23          	sw	a5,-40(s0)
					i = is_char ? 4 : (sizeof(unsigned int) << 3) - 4;
8000024e:	fed44783          	lbu	a5,-19(s0)
80000252:	c399                	beqz	a5,80000258 <kprintf+0x190>
80000254:	4791                	li	a5,4
80000256:	a011                	j	8000025a <kprintf+0x192>
80000258:	47f1                	li	a5,28
8000025a:	fcf42a23          	sw	a5,-44(s0)
				}
				for (; i >= 0; i -= 4) {
8000025e:	a0b9                	j	800002ac <kprintf+0x1e4>
					long d;
					d = (n >> i) & 0xF;
80000260:	fd442783          	lw	a5,-44(s0)
80000264:	fd842703          	lw	a4,-40(s0)
80000268:	00f757b3          	srl	a5,a4,a5
8000026c:	8bbd                	andi	a5,a5,15
8000026e:	fcf42623          	sw	a5,-52(s0)
					kputc(d < 10 ? '0' + d : 'a' + d - 10);
80000272:	fcc42703          	lw	a4,-52(s0)
80000276:	47a5                	li	a5,9
80000278:	00e7cb63          	blt	a5,a4,8000028e <kprintf+0x1c6>
8000027c:	fcc42783          	lw	a5,-52(s0)
80000280:	0ff7f793          	zext.b	a5,a5
80000284:	03078793          	addi	a5,a5,48
80000288:	0ff7f793          	zext.b	a5,a5
8000028c:	a809                	j	8000029e <kprintf+0x1d6>
8000028e:	fcc42783          	lw	a5,-52(s0)
80000292:	0ff7f793          	zext.b	a5,a5
80000296:	05778793          	addi	a5,a5,87
8000029a:	0ff7f793          	zext.b	a5,a5
8000029e:	853e                	mv	a0,a5
800002a0:	3369                	jal	8000002a <kputc>
				for (; i >= 0; i -= 4) {
800002a2:	fd442783          	lw	a5,-44(s0)
800002a6:	17f1                	addi	a5,a5,-4
800002a8:	fcf42a23          	sw	a5,-44(s0)
800002ac:	fd442783          	lw	a5,-44(s0)
800002b0:	fa07d8e3          	bgez	a5,80000260 <kprintf+0x198>
				}
				break;
800002b4:	a03d                	j	800002e2 <kprintf+0x21a>
			}
			case 's':
				_kputs(va_arg(vl, const char *));
800002b6:	fc842783          	lw	a5,-56(s0)
800002ba:	00478713          	addi	a4,a5,4
800002be:	fce42423          	sw	a4,-56(s0)
800002c2:	439c                	lw	a5,0(a5)
800002c4:	853e                	mv	a0,a5
800002c6:	3345                	jal	80000066 <_kputs>
				break;
800002c8:	a829                	j	800002e2 <kprintf+0x21a>
			case 'c':
				kputc(va_arg(vl, int));
800002ca:	fc842783          	lw	a5,-56(s0)
800002ce:	00478713          	addi	a4,a5,4
800002d2:	fce42423          	sw	a4,-56(s0)
800002d6:	439c                	lw	a5,0(a5)
800002d8:	0ff7f793          	zext.b	a5,a5
800002dc:	853e                	mv	a0,a5
800002de:	33b1                	jal	8000002a <kputc>
				break;
800002e0:	0001                	nop
			}
			is_format = false;
800002e2:	fe0407a3          	sb	zero,-17(s0)
			is_long = false;
800002e6:	fe040723          	sb	zero,-18(s0)
			is_char = false;
800002ea:	fe0406a3          	sb	zero,-19(s0)
800002ee:	a839                	j	8000030c <kprintf+0x244>
		} else if (c == '%') {
800002f0:	fd344703          	lbu	a4,-45(s0)
800002f4:	02500793          	li	a5,37
800002f8:	00f71663          	bne	a4,a5,80000304 <kprintf+0x23c>
			is_format = true;
800002fc:	4785                	li	a5,1
800002fe:	fef407a3          	sb	a5,-17(s0)
80000302:	a029                	j	8000030c <kprintf+0x244>
		} else {
			kputc(c);
80000304:	fd344783          	lbu	a5,-45(s0)
80000308:	853e                	mv	a0,a5
8000030a:	3305                	jal	8000002a <kputc>
	while ((c = *fmt++) != '\0') {
8000030c:	f7c42783          	lw	a5,-132(s0)
80000310:	00178713          	addi	a4,a5,1
80000314:	f6e42e23          	sw	a4,-132(s0)
80000318:	0007c783          	lbu	a5,0(a5)
8000031c:	fcf409a3          	sb	a5,-45(s0)
80000320:	fd344783          	lbu	a5,-45(s0)
80000324:	de0791e3          	bnez	a5,80000106 <kprintf+0x3e>
		}
	}
	va_end(vl);
}
80000328:	0001                	nop
8000032a:	0001                	nop
8000032c:	40ba                	lw	ra,140(sp)
8000032e:	442a                	lw	s0,136(sp)
80000330:	614d                	addi	sp,sp,176
80000332:	8082                	ret

80000334 <print_dec>:
    "Normal",                           
    "Right bundle branch block",        
    "Premature ventricular contraction" 
};

void print_dec(int val) {
80000334:	7179                	addi	sp,sp,-48
80000336:	d606                	sw	ra,44(sp)
80000338:	d422                	sw	s0,40(sp)
8000033a:	1800                	addi	s0,sp,48
8000033c:	fca42e23          	sw	a0,-36(s0)
    if (val < 0) { kprintf("-"); val = -val; }
80000340:	fdc42783          	lw	a5,-36(s0)
80000344:	0007dd63          	bgez	a5,8000035e <print_dec+0x2a>
80000348:	00001517          	auipc	a0,0x1
8000034c:	96050513          	addi	a0,a0,-1696 # 80000ca8 <CLASS_NAMES+0xf8>
80000350:	3ba5                	jal	800000c8 <kprintf>
80000352:	fdc42783          	lw	a5,-36(s0)
80000356:	40f007b3          	neg	a5,a5
8000035a:	fcf42e23          	sw	a5,-36(s0)
    if (val / 10) print_dec(val / 10);
8000035e:	fdc42783          	lw	a5,-36(s0)
80000362:	00978713          	addi	a4,a5,9
80000366:	47c9                	li	a5,18
80000368:	00e7f963          	bgeu	a5,a4,8000037a <print_dec+0x46>
8000036c:	fdc42703          	lw	a4,-36(s0)
80000370:	47a9                	li	a5,10
80000372:	02f747b3          	div	a5,a4,a5
80000376:	853e                	mv	a0,a5
80000378:	3f75                	jal	80000334 <print_dec>
    char c = '0' + (val % 10);
8000037a:	fdc42703          	lw	a4,-36(s0)
8000037e:	47a9                	li	a5,10
80000380:	02f767b3          	rem	a5,a4,a5
80000384:	0ff7f793          	zext.b	a5,a5
80000388:	03078793          	addi	a5,a5,48
8000038c:	fef407a3          	sb	a5,-17(s0)
    kprintf("%c", c);
80000390:	fef44783          	lbu	a5,-17(s0)
80000394:	85be                	mv	a1,a5
80000396:	00001517          	auipc	a0,0x1
8000039a:	91650513          	addi	a0,a0,-1770 # 80000cac <CLASS_NAMES+0xfc>
8000039e:	332d                	jal	800000c8 <kprintf>
}
800003a0:	0001                	nop
800003a2:	50b2                	lw	ra,44(sp)
800003a4:	5422                	lw	s0,40(sp)
800003a6:	6145                	addi	sp,sp,48
800003a8:	8082                	ret

800003aa <print_hex32>:

void print_hex32(uint32_t val) {
800003aa:	7139                	addi	sp,sp,-64
800003ac:	de06                	sw	ra,60(sp)
800003ae:	dc22                	sw	s0,56(sp)
800003b0:	0080                	addi	s0,sp,64
800003b2:	fca42623          	sw	a0,-52(s0)
    char hex_chars[] = "0123456789ABCDEF";
800003b6:	00001797          	auipc	a5,0x1
800003ba:	8fe78793          	addi	a5,a5,-1794 # 80000cb4 <CLASS_NAMES+0x104>
800003be:	438c                	lw	a1,0(a5)
800003c0:	43d0                	lw	a2,4(a5)
800003c2:	4794                	lw	a3,8(a5)
800003c4:	47d8                	lw	a4,12(a5)
800003c6:	fcb42c23          	sw	a1,-40(s0)
800003ca:	fcc42e23          	sw	a2,-36(s0)
800003ce:	fed42023          	sw	a3,-32(s0)
800003d2:	fee42223          	sw	a4,-28(s0)
800003d6:	0107c783          	lbu	a5,16(a5)
800003da:	fef40423          	sb	a5,-24(s0)
    kprintf("0x");
800003de:	00001517          	auipc	a0,0x1
800003e2:	8d250513          	addi	a0,a0,-1838 # 80000cb0 <CLASS_NAMES+0x100>
800003e6:	31cd                	jal	800000c8 <kprintf>
    for (int i = 7; i >= 0; i--) {
800003e8:	479d                	li	a5,7
800003ea:	fef42623          	sw	a5,-20(s0)
800003ee:	a805                	j	8000041e <print_hex32+0x74>
        kprintf("%c", hex_chars[(val >> (i * 4)) & 0x0F]);
800003f0:	fec42783          	lw	a5,-20(s0)
800003f4:	078a                	slli	a5,a5,0x2
800003f6:	fcc42703          	lw	a4,-52(s0)
800003fa:	00f757b3          	srl	a5,a4,a5
800003fe:	8bbd                	andi	a5,a5,15
80000400:	17c1                	addi	a5,a5,-16
80000402:	97a2                	add	a5,a5,s0
80000404:	fe87c783          	lbu	a5,-24(a5)
80000408:	85be                	mv	a1,a5
8000040a:	00001517          	auipc	a0,0x1
8000040e:	8a250513          	addi	a0,a0,-1886 # 80000cac <CLASS_NAMES+0xfc>
80000412:	395d                	jal	800000c8 <kprintf>
    for (int i = 7; i >= 0; i--) {
80000414:	fec42783          	lw	a5,-20(s0)
80000418:	17fd                	addi	a5,a5,-1
8000041a:	fef42623          	sw	a5,-20(s0)
8000041e:	fec42783          	lw	a5,-20(s0)
80000422:	fc07d7e3          	bgez	a5,800003f0 <print_hex32+0x46>
    }
}
80000426:	0001                	nop
80000428:	0001                	nop
8000042a:	50f2                	lw	ra,60(sp)
8000042c:	5462                	lw	s0,56(sp)
8000042e:	6121                	addi	sp,sp,64
80000430:	8082                	ret

80000432 <delay_cycles>:

static inline void delay_cycles(uint32_t cycles) {
80000432:	7179                	addi	sp,sp,-48
80000434:	d622                	sw	s0,44(sp)
80000436:	1800                	addi	s0,sp,48
80000438:	fca42e23          	sw	a0,-36(s0)
    uint32_t start_val;
    __asm__ volatile ("csrr %0, mcycle" : "=r" (start_val));
8000043c:	b00027f3          	csrr	a5,mcycle
80000440:	fef42623          	sw	a5,-20(s0)
    while (1) {
        uint32_t current_val;
        __asm__ volatile ("csrr %0, mcycle" : "=r" (current_val));
80000444:	b00027f3          	csrr	a5,mcycle
80000448:	fef42423          	sw	a5,-24(s0)
        if ((current_val - start_val) >= cycles) break;
8000044c:	fe842703          	lw	a4,-24(s0)
80000450:	fec42783          	lw	a5,-20(s0)
80000454:	40f707b3          	sub	a5,a4,a5
80000458:	fdc42703          	lw	a4,-36(s0)
8000045c:	00e7f363          	bgeu	a5,a4,80000462 <delay_cycles+0x30>
    while (1) {
80000460:	b7d5                	j	80000444 <delay_cycles+0x12>
        if ((current_val - start_val) >= cycles) break;
80000462:	0001                	nop
    }
}
80000464:	0001                	nop
80000466:	5432                	lw	s0,44(sp)
80000468:	6145                	addi	sp,sp,48
8000046a:	8082                	ret

8000046c <sd_spi_xfer>:

static inline uint8_t sd_spi_xfer(uint8_t d) {
8000046c:	7179                	addi	sp,sp,-48
8000046e:	d622                	sw	s0,44(sp)
80000470:	1800                	addi	s0,sp,48
80000472:	87aa                	mv	a5,a0
80000474:	fcf40fa3          	sb	a5,-33(s0)
    int32_t r;
    REG32(spi, SPI_REG_TXFIFO) = d;
80000478:	640017b7          	lui	a5,0x64001
8000047c:	04878793          	addi	a5,a5,72 # 64001048 <_prog_start-0x1bffefb8>
80000480:	fdf44703          	lbu	a4,-33(s0)
80000484:	c398                	sw	a4,0(a5)
    do { r = REG32(spi, SPI_REG_RXFIFO); } while (r < 0);
80000486:	640017b7          	lui	a5,0x64001
8000048a:	04c78793          	addi	a5,a5,76 # 6400104c <_prog_start-0x1bffefb4>
8000048e:	439c                	lw	a5,0(a5)
80000490:	fef42623          	sw	a5,-20(s0)
80000494:	fec42783          	lw	a5,-20(s0)
80000498:	fe07c7e3          	bltz	a5,80000486 <sd_spi_xfer+0x1a>
    return (uint8_t)r;
8000049c:	fec42783          	lw	a5,-20(s0)
800004a0:	0ff7f793          	zext.b	a5,a5
}
800004a4:	853e                	mv	a0,a5
800004a6:	5432                	lw	s0,44(sp)
800004a8:	6145                	addi	sp,sp,48
800004aa:	8082                	ret

800004ac <read_sd_sector>:

int read_sd_sector(uint32_t sector_addr, uint8_t *buffer) {
800004ac:	7179                	addi	sp,sp,-48
800004ae:	d606                	sw	ra,44(sp)
800004b0:	d422                	sw	s0,40(sp)
800004b2:	d226                	sw	s1,36(sp)
800004b4:	1800                	addi	s0,sp,48
800004b6:	fca42e23          	sw	a0,-36(s0)
800004ba:	fcb42c23          	sw	a1,-40(s0)
    REG32(spi, SPI_REG_CSMODE) = SPI_CSMODE_HOLD;
800004be:	640017b7          	lui	a5,0x64001
800004c2:	07e1                	addi	a5,a5,24 # 64001018 <_prog_start-0x1bffefe8>
800004c4:	4709                	li	a4,2
800004c6:	c398                	sw	a4,0(a5)
    sd_spi_xfer(0xFF);
800004c8:	0ff00513          	li	a0,255
800004cc:	3745                	jal	8000046c <sd_spi_xfer>
    
    sd_spi_xfer(0x51); 
800004ce:	05100513          	li	a0,81
800004d2:	3f69                	jal	8000046c <sd_spi_xfer>
    sd_spi_xfer(sector_addr >> 24); sd_spi_xfer(sector_addr >> 16);
800004d4:	fdc42783          	lw	a5,-36(s0)
800004d8:	83e1                	srli	a5,a5,0x18
800004da:	0ff7f793          	zext.b	a5,a5
800004de:	853e                	mv	a0,a5
800004e0:	3771                	jal	8000046c <sd_spi_xfer>
800004e2:	fdc42783          	lw	a5,-36(s0)
800004e6:	83c1                	srli	a5,a5,0x10
800004e8:	0ff7f793          	zext.b	a5,a5
800004ec:	853e                	mv	a0,a5
800004ee:	3fbd                	jal	8000046c <sd_spi_xfer>
    sd_spi_xfer(sector_addr >> 8);  sd_spi_xfer(sector_addr);
800004f0:	fdc42783          	lw	a5,-36(s0)
800004f4:	83a1                	srli	a5,a5,0x8
800004f6:	0ff7f793          	zext.b	a5,a5
800004fa:	853e                	mv	a0,a5
800004fc:	3f85                	jal	8000046c <sd_spi_xfer>
800004fe:	fdc42783          	lw	a5,-36(s0)
80000502:	0ff7f793          	zext.b	a5,a5
80000506:	853e                	mv	a0,a5
80000508:	3795                	jal	8000046c <sd_spi_xfer>
    sd_spi_xfer(0xFF);
8000050a:	0ff00513          	li	a0,255
8000050e:	3fb9                	jal	8000046c <sd_spi_xfer>

    unsigned long n = 50000;
80000510:	67b1                	lui	a5,0xc
80000512:	35078793          	addi	a5,a5,848 # c350 <_prog_start-0x7fff3cb0>
80000516:	fef42623          	sw	a5,-20(s0)
    while ((sd_spi_xfer(0xFF) & 0x80) != 0) if (--n == 0) { REG32(spi, SPI_REG_CSMODE) = SPI_CSMODE_AUTO; return -1; }
8000051a:	a005                	j	8000053a <read_sd_sector+0x8e>
8000051c:	fec42783          	lw	a5,-20(s0)
80000520:	17fd                	addi	a5,a5,-1
80000522:	fef42623          	sw	a5,-20(s0)
80000526:	fec42783          	lw	a5,-20(s0)
8000052a:	eb81                	bnez	a5,8000053a <read_sd_sector+0x8e>
8000052c:	640017b7          	lui	a5,0x64001
80000530:	07e1                	addi	a5,a5,24 # 64001018 <_prog_start-0x1bffefe8>
80000532:	0007a023          	sw	zero,0(a5)
80000536:	57fd                	li	a5,-1
80000538:	a86d                	j	800005f2 <read_sd_sector+0x146>
8000053a:	0ff00513          	li	a0,255
8000053e:	373d                	jal	8000046c <sd_spi_xfer>
80000540:	87aa                	mv	a5,a0
80000542:	07e2                	slli	a5,a5,0x18
80000544:	87e1                	srai	a5,a5,0x18
80000546:	fc07cbe3          	bltz	a5,8000051c <read_sd_sector+0x70>
    n = 50000;
8000054a:	67b1                	lui	a5,0xc
8000054c:	35078793          	addi	a5,a5,848 # c350 <_prog_start-0x7fff3cb0>
80000550:	fef42623          	sw	a5,-20(s0)
    while (sd_spi_xfer(0xFF) != 0xFE) if (--n == 0) { REG32(spi, SPI_REG_CSMODE) = SPI_CSMODE_AUTO; return -2; }
80000554:	a005                	j	80000574 <read_sd_sector+0xc8>
80000556:	fec42783          	lw	a5,-20(s0)
8000055a:	17fd                	addi	a5,a5,-1
8000055c:	fef42623          	sw	a5,-20(s0)
80000560:	fec42783          	lw	a5,-20(s0)
80000564:	eb81                	bnez	a5,80000574 <read_sd_sector+0xc8>
80000566:	640017b7          	lui	a5,0x64001
8000056a:	07e1                	addi	a5,a5,24 # 64001018 <_prog_start-0x1bffefe8>
8000056c:	0007a023          	sw	zero,0(a5)
80000570:	57f9                	li	a5,-2
80000572:	a041                	j	800005f2 <read_sd_sector+0x146>
80000574:	0ff00513          	li	a0,255
80000578:	3dd5                	jal	8000046c <sd_spi_xfer>
8000057a:	87aa                	mv	a5,a0
8000057c:	873e                	mv	a4,a5
8000057e:	0fe00793          	li	a5,254
80000582:	fcf71ae3          	bne	a4,a5,80000556 <read_sd_sector+0xaa>
    for (int i = 0; i < 512; i++) buffer[i] = sd_spi_xfer(0xFF);
80000586:	fe042423          	sw	zero,-24(s0)
8000058a:	a015                	j	800005ae <read_sd_sector+0x102>
8000058c:	fe842783          	lw	a5,-24(s0)
80000590:	fd842703          	lw	a4,-40(s0)
80000594:	00f704b3          	add	s1,a4,a5
80000598:	0ff00513          	li	a0,255
8000059c:	3dc1                	jal	8000046c <sd_spi_xfer>
8000059e:	87aa                	mv	a5,a0
800005a0:	00f48023          	sb	a5,0(s1)
800005a4:	fe842783          	lw	a5,-24(s0)
800005a8:	0785                	addi	a5,a5,1
800005aa:	fef42423          	sw	a5,-24(s0)
800005ae:	fe842703          	lw	a4,-24(s0)
800005b2:	1ff00793          	li	a5,511
800005b6:	fce7dbe3          	bge	a5,a4,8000058c <read_sd_sector+0xe0>
    sd_spi_xfer(0xFF); sd_spi_xfer(0xFF);
800005ba:	0ff00513          	li	a0,255
800005be:	357d                	jal	8000046c <sd_spi_xfer>
800005c0:	0ff00513          	li	a0,255
800005c4:	3565                	jal	8000046c <sd_spi_xfer>

    REG32(spi, SPI_REG_CSMODE) = SPI_CSMODE_AUTO;
800005c6:	640017b7          	lui	a5,0x64001
800005ca:	07e1                	addi	a5,a5,24 # 64001018 <_prog_start-0x1bffefe8>
800005cc:	0007a023          	sw	zero,0(a5)
    for(int d = 0; d < 8; d++) sd_spi_xfer(0xFF);
800005d0:	fe042223          	sw	zero,-28(s0)
800005d4:	a809                	j	800005e6 <read_sd_sector+0x13a>
800005d6:	0ff00513          	li	a0,255
800005da:	3d49                	jal	8000046c <sd_spi_xfer>
800005dc:	fe442783          	lw	a5,-28(s0)
800005e0:	0785                	addi	a5,a5,1
800005e2:	fef42223          	sw	a5,-28(s0)
800005e6:	fe442703          	lw	a4,-28(s0)
800005ea:	479d                	li	a5,7
800005ec:	fee7d5e3          	bge	a5,a4,800005d6 <read_sd_sector+0x12a>
    return 0;
800005f0:	4781                	li	a5,0
}
800005f2:	853e                	mv	a0,a5
800005f4:	50b2                	lw	ra,44(sp)
800005f6:	5422                	lw	s0,40(sp)
800005f8:	5492                	lw	s1,36(sp)
800005fa:	6145                	addi	sp,sp,48
800005fc:	8082                	ret

800005fe <main>:

int main(int hartid, char **argv) {
800005fe:	81010113          	addi	sp,sp,-2032
80000602:	7e112623          	sw	ra,2028(sp)
80000606:	7e812423          	sw	s0,2024(sp)
8000060a:	7f010413          	addi	s0,sp,2032
8000060e:	d6010113          	addi	sp,sp,-672
80000612:	77fd                	lui	a5,0xfffff
80000614:	17c1                	addi	a5,a5,-16 # ffffeff0 <CLASS_NAMES+0x7fffe440>
80000616:	97a2                	add	a5,a5,s0
80000618:	58a7a623          	sw	a0,1420(a5)
8000061c:	77fd                	lui	a5,0xfffff
8000061e:	17c1                	addi	a5,a5,-16 # ffffeff0 <CLASS_NAMES+0x7fffe440>
80000620:	97a2                	add	a5,a5,s0
80000622:	58b7a423          	sw	a1,1416(a5)
    REG32(uart, UART_REG_TXCTRL) = UART_TXEN;
80000626:	640007b7          	lui	a5,0x64000
8000062a:	07a1                	addi	a5,a5,8 # 64000008 <_prog_start-0x1bfffff8>
8000062c:	4705                	li	a4,1
8000062e:	c398                	sw	a4,0(a5)

    kprintf("\r\n========================================================\r\n");
80000630:	00000517          	auipc	a0,0x0
80000634:	69850513          	addi	a0,a0,1688 # 80000cc8 <CLASS_NAMES+0x118>
80000638:	3c41                	jal	800000c8 <kprintf>
    kprintf(" CNN SYSTEM DEBUG: PREDICTION MAPPING TRACING\r\n");
8000063a:	00000517          	auipc	a0,0x0
8000063e:	6ce50513          	addi	a0,a0,1742 # 80000d08 <CLASS_NAMES+0x158>
80000642:	3459                	jal	800000c8 <kprintf>
    kprintf("========================================================\r\n");
80000644:	00000517          	auipc	a0,0x0
80000648:	6f450513          	addi	a0,a0,1780 # 80000d38 <CLASS_NAMES+0x188>
8000064c:	3cb5                	jal	800000c8 <kprintf>

    // 1. HARDWARE RESET
    REG32(cnn_base, CNN_REG_CONTROL) = CNN_CTRL_RESET;
8000064e:	064007b7          	lui	a5,0x6400
80000652:	4705                	li	a4,1
80000654:	c398                	sw	a4,0(a5)
    delay_cycles(100);
80000656:	06400513          	li	a0,100
8000065a:	3be1                	jal	80000432 <delay_cycles>
    REG32(cnn_base, CNN_REG_CONTROL) = 0;
8000065c:	064007b7          	lui	a5,0x6400
80000660:	0007a023          	sw	zero,0(a5) # 6400000 <_prog_start-0x79c00000>
    delay_cycles(100);
80000664:	06400513          	li	a0,100
80000668:	33e9                	jal	80000432 <delay_cycles>

    // 2. PRELOAD WEIGHTS T? SD CARD
    uint32_t weight_buffer_32[512];
    uint8_t *weight_buffer_8 = (uint8_t*)weight_buffer_32;
8000066a:	77fd                	lui	a5,0xfffff
8000066c:	7ac78793          	addi	a5,a5,1964 # fffff7ac <CLASS_NAMES+0x7fffebfc>
80000670:	17c1                	addi	a5,a5,-16
80000672:	97a2                	add	a5,a5,s0
80000674:	faf42e23          	sw	a5,-68(s0)

    for (int s = 0; s < 4; s++) {
80000678:	fe042623          	sw	zero,-20(s0)
8000067c:	a02d                	j	800006a6 <main+0xa8>
        read_sd_sector(START_SECTOR_WEIGHTS + s, &weight_buffer_8[s * 512]);
8000067e:	fec42703          	lw	a4,-20(s0)
80000682:	6785                	lui	a5,0x1
80000684:	97ba                	add	a5,a5,a4
80000686:	86be                	mv	a3,a5
80000688:	fec42783          	lw	a5,-20(s0)
8000068c:	07a6                	slli	a5,a5,0x9
8000068e:	873e                	mv	a4,a5
80000690:	fbc42783          	lw	a5,-68(s0)
80000694:	97ba                	add	a5,a5,a4
80000696:	85be                	mv	a1,a5
80000698:	8536                	mv	a0,a3
8000069a:	3d09                	jal	800004ac <read_sd_sector>
    for (int s = 0; s < 4; s++) {
8000069c:	fec42783          	lw	a5,-20(s0)
800006a0:	0785                	addi	a5,a5,1 # 1001 <_prog_start-0x7fffefff>
800006a2:	fef42623          	sw	a5,-20(s0)
800006a6:	fec42703          	lw	a4,-20(s0)
800006aa:	478d                	li	a5,3
800006ac:	fce7d9e3          	bge	a5,a4,8000067e <main+0x80>
    }

    REG32(cnn_base, CNN_REG_CONTROL) = CNN_CTRL_CONFIG;
800006b0:	064007b7          	lui	a5,0x6400
800006b4:	4711                	li	a4,4
800006b6:	c398                	sw	a4,0(a5)
    delay_cycles(2);
800006b8:	4509                	li	a0,2
800006ba:	3ba5                	jal	80000432 <delay_cycles>

    for (int w_idx = 0; w_idx < 458; w_idx++) {
800006bc:	fe042423          	sw	zero,-24(s0)
800006c0:	a081                	j	80000700 <main+0x102>
        REG32(cnn_base, CNN_REG_DATA_IN) = weight_buffer_32[w_idx] & 0x000FFFFF;
800006c2:	77fd                	lui	a5,0xfffff
800006c4:	17c1                	addi	a5,a5,-16 # ffffeff0 <CLASS_NAMES+0x7fffe440>
800006c6:	00878733          	add	a4,a5,s0
800006ca:	fe842783          	lw	a5,-24(s0)
800006ce:	078a                	slli	a5,a5,0x2
800006d0:	97ba                	add	a5,a5,a4
800006d2:	7ac7a683          	lw	a3,1964(a5)
800006d6:	064007b7          	lui	a5,0x6400
800006da:	0791                	addi	a5,a5,4 # 6400004 <_prog_start-0x79bffffc>
800006dc:	00100737          	lui	a4,0x100
800006e0:	177d                	addi	a4,a4,-1 # fffff <_prog_start-0x7ff00001>
800006e2:	8f75                	and	a4,a4,a3
800006e4:	c398                	sw	a4,0(a5)
        REG32(cnn_base, CNN_REG_CONTROL) = CNN_CTRL_CONFIG | CNN_CTRL_WREN;
800006e6:	064007b7          	lui	a5,0x6400
800006ea:	4731                	li	a4,12
800006ec:	c398                	sw	a4,0(a5)
        REG32(cnn_base, CNN_REG_CONTROL) = CNN_CTRL_CONFIG;
800006ee:	064007b7          	lui	a5,0x6400
800006f2:	4711                	li	a4,4
800006f4:	c398                	sw	a4,0(a5)
    for (int w_idx = 0; w_idx < 458; w_idx++) {
800006f6:	fe842783          	lw	a5,-24(s0)
800006fa:	0785                	addi	a5,a5,1 # 6400001 <_prog_start-0x79bfffff>
800006fc:	fef42423          	sw	a5,-24(s0)
80000700:	fe842703          	lw	a4,-24(s0)
80000704:	1c900793          	li	a5,457
80000708:	fae7dde3          	bge	a5,a4,800006c2 <main+0xc4>
    }
    
    REG32(cnn_base, CNN_REG_CONTROL) = 0;
8000070c:	064007b7          	lui	a5,0x6400
80000710:	0007a023          	sw	zero,0(a5) # 6400000 <_prog_start-0x79c00000>
    delay_cycles(10);
80000714:	4529                	li	a0,10
80000716:	3b31                	jal	80000432 <delay_cycles>

    kprintf("[TB] SUCCESS: 458 Weights loaded into SRAM.\r\n\r\n");
80000718:	00000517          	auipc	a0,0x0
8000071c:	65c50513          	addi	a0,a0,1628 # 80000d74 <CLASS_NAMES+0x1c4>
80000720:	3265                	jal	800000c8 <kprintf>

    uint32_t class_pass_count[6] = {0};
80000722:	77fd                	lui	a5,0xfffff
80000724:	17c1                	addi	a5,a5,-16 # ffffeff0 <CLASS_NAMES+0x7fffe440>
80000726:	97a2                	add	a5,a5,s0
80000728:	7807aa23          	sw	zero,1940(a5)
8000072c:	7807ac23          	sw	zero,1944(a5)
80000730:	7807ae23          	sw	zero,1948(a5)
80000734:	7a07a023          	sw	zero,1952(a5)
80000738:	7a07a223          	sw	zero,1956(a5)
8000073c:	7a07a423          	sw	zero,1960(a5)
    uint32_t total_pass = 0;
80000740:	fe042223          	sw	zero,-28(s0)

    // 3. ÐÁNH GIÁ 6 CLASSES
    for (int class_idx = 0; class_idx < 6; class_idx++) {
80000744:	fe042023          	sw	zero,-32(s0)
80000748:	a601                	j	80000a48 <main+0x44a>
        uint32_t pass_count = 0;
8000074a:	fc042e23          	sw	zero,-36(s0)
        uint32_t fail_count = 0;
8000074e:	fc042c23          	sw	zero,-40(s0)

        kprintf("[TB] EVALUATING CLASS "); print_dec(class_idx); kprintf(": ");
80000752:	00000517          	auipc	a0,0x0
80000756:	65250513          	addi	a0,a0,1618 # 80000da4 <CLASS_NAMES+0x1f4>
8000075a:	32bd                	jal	800000c8 <kprintf>
8000075c:	fe042503          	lw	a0,-32(s0)
80000760:	3ed1                	jal	80000334 <print_dec>
80000762:	00000517          	auipc	a0,0x0
80000766:	65a50513          	addi	a0,a0,1626 # 80000dbc <CLASS_NAMES+0x20c>
8000076a:	3ab9                	jal	800000c8 <kprintf>
        kprintf((char*)CLASS_NAMES[class_idx]);
8000076c:	00000717          	auipc	a4,0x0
80000770:	44470713          	addi	a4,a4,1092 # 80000bb0 <CLASS_NAMES>
80000774:	fe042783          	lw	a5,-32(s0)
80000778:	078a                	slli	a5,a5,0x2
8000077a:	97ba                	add	a5,a5,a4
8000077c:	439c                	lw	a5,0(a5)
8000077e:	853e                	mv	a0,a5
80000780:	32a1                	jal	800000c8 <kprintf>
        kprintf("\r\n[TB] --------------------------------------------------------\r\n");
80000782:	00000517          	auipc	a0,0x0
80000786:	63e50513          	addi	a0,a0,1598 # 80000dc0 <CLASS_NAMES+0x210>
8000078a:	3a3d                	jal	800000c8 <kprintf>

        for (int s_idx = 0; s_idx < SAMPLES_PER_CLASS; s_idx++) {
8000078c:	fc042a23          	sw	zero,-44(s0)
80000790:	aafd                	j	8000098e <main+0x390>
            
            uint32_t global_sample_idx = (class_idx * SAMPLES_PER_CLASS) + s_idx;
80000792:	fe042703          	lw	a4,-32(s0)
80000796:	1f400793          	li	a5,500
8000079a:	02f70733          	mul	a4,a4,a5
8000079e:	fd442783          	lw	a5,-44(s0)
800007a2:	97ba                	add	a5,a5,a4
800007a4:	faf42623          	sw	a5,-84(s0)
            uint32_t target_sector = START_SECTOR_ECG + global_sample_idx;
800007a8:	fac42703          	lw	a4,-84(s0)
800007ac:	6789                	lui	a5,0x2
800007ae:	97ba                	add	a5,a5,a4
800007b0:	faf42423          	sw	a5,-88(s0)

            uint8_t sector_buffer[512];
            if (read_sd_sector(target_sector, sector_buffer) != 0) continue;
800007b4:	77fd                	lui	a5,0xfffff
800007b6:	59478793          	addi	a5,a5,1428 # fffff594 <CLASS_NAMES+0x7fffe9e4>
800007ba:	17c1                	addi	a5,a5,-16
800007bc:	97a2                	add	a5,a5,s0
800007be:	85be                	mv	a1,a5
800007c0:	fa842503          	lw	a0,-88(s0)
800007c4:	31e5                	jal	800004ac <read_sd_sector>
800007c6:	87aa                	mv	a5,a0
800007c8:	1a079d63          	bnez	a5,80000982 <main+0x384>

            // STAGE 1: RESET & START
            REG32(cnn_base, CNN_REG_CONTROL) = CNN_CTRL_RESET;
800007cc:	064007b7          	lui	a5,0x6400
800007d0:	4705                	li	a4,1
800007d2:	c398                	sw	a4,0(a5)
            delay_cycles(20);
800007d4:	4551                	li	a0,20
800007d6:	39b1                	jal	80000432 <delay_cycles>
            REG32(cnn_base, CNN_REG_CONTROL) = CNN_CTRL_START;
800007d8:	064007b7          	lui	a5,0x6400
800007dc:	4709                	li	a4,2
800007de:	c398                	sw	a4,0(a5)

            // STAGE 2: DELAY 28 CYCLES
            delay_cycles(28);
800007e0:	4571                	li	a0,28
800007e2:	3981                	jal	80000432 <delay_cycles>

            // Polling ready_for_data == 1
            while ((REG32(cnn_base, CNN_REG_READY) & 0x01) == 0);
800007e4:	0001                	nop
800007e6:	064007b7          	lui	a5,0x6400
800007ea:	07a1                	addi	a5,a5,8 # 6400008 <_prog_start-0x79bffff8>
800007ec:	439c                	lw	a5,0(a5)
800007ee:	8b85                	andi	a5,a5,1
800007f0:	dbfd                	beqz	a5,800007e6 <main+0x1e8>

            // STAGE 3: BOM 206 INPUTS
            for (int p = 0; p < 3; p++) { 
800007f2:	fc042823          	sw	zero,-48(s0)
800007f6:	a01d                	j	8000081c <main+0x21e>
                REG32(cnn_base, CNN_REG_DATA_IN) = 0; 
800007f8:	064007b7          	lui	a5,0x6400
800007fc:	0791                	addi	a5,a5,4 # 6400004 <_prog_start-0x79bffffc>
800007fe:	0007a023          	sw	zero,0(a5)
                REG32(cnn_base, CNN_REG_CONTROL) = CNN_CTRL_START | CNN_CTRL_WREN;
80000802:	064007b7          	lui	a5,0x6400
80000806:	4729                	li	a4,10
80000808:	c398                	sw	a4,0(a5)
                REG32(cnn_base, CNN_REG_CONTROL) = CNN_CTRL_START;
8000080a:	064007b7          	lui	a5,0x6400
8000080e:	4709                	li	a4,2
80000810:	c398                	sw	a4,0(a5)
            for (int p = 0; p < 3; p++) { 
80000812:	fd042783          	lw	a5,-48(s0)
80000816:	0785                	addi	a5,a5,1 # 6400001 <_prog_start-0x79bfffff>
80000818:	fcf42823          	sw	a5,-48(s0)
8000081c:	fd042703          	lw	a4,-48(s0)
80000820:	4789                	li	a5,2
80000822:	fce7dbe3          	bge	a5,a4,800007f8 <main+0x1fa>
            }

            for (int i = 0; i < 200; i++) {
80000826:	fc042623          	sw	zero,-52(s0)
8000082a:	a83d                	j	80000868 <main+0x26a>
                uint32_t sample_data = ((uint32_t)sector_buffer[i]) & 0x000000FF; 
8000082c:	77fd                	lui	a5,0xfffff
8000082e:	17c1                	addi	a5,a5,-16 # ffffeff0 <CLASS_NAMES+0x7fffe440>
80000830:	00878733          	add	a4,a5,s0
80000834:	fcc42783          	lw	a5,-52(s0)
80000838:	97ba                	add	a5,a5,a4
8000083a:	5947c783          	lbu	a5,1428(a5)
8000083e:	f8f42e23          	sw	a5,-100(s0)
                REG32(cnn_base, CNN_REG_DATA_IN) = sample_data;
80000842:	064007b7          	lui	a5,0x6400
80000846:	0791                	addi	a5,a5,4 # 6400004 <_prog_start-0x79bffffc>
80000848:	f9c42703          	lw	a4,-100(s0)
8000084c:	c398                	sw	a4,0(a5)
                
                REG32(cnn_base, CNN_REG_CONTROL) = CNN_CTRL_START | CNN_CTRL_WREN;
8000084e:	064007b7          	lui	a5,0x6400
80000852:	4729                	li	a4,10
80000854:	c398                	sw	a4,0(a5)
                REG32(cnn_base, CNN_REG_CONTROL) = CNN_CTRL_START;
80000856:	064007b7          	lui	a5,0x6400
8000085a:	4709                	li	a4,2
8000085c:	c398                	sw	a4,0(a5)
            for (int i = 0; i < 200; i++) {
8000085e:	fcc42783          	lw	a5,-52(s0)
80000862:	0785                	addi	a5,a5,1 # 6400001 <_prog_start-0x79bfffff>
80000864:	fcf42623          	sw	a5,-52(s0)
80000868:	fcc42703          	lw	a4,-52(s0)
8000086c:	0c700793          	li	a5,199
80000870:	fae7dee3          	bge	a5,a4,8000082c <main+0x22e>
            }

            for (int p = 0; p < 3; p++) { 
80000874:	fc042423          	sw	zero,-56(s0)
80000878:	a01d                	j	8000089e <main+0x2a0>
                REG32(cnn_base, CNN_REG_DATA_IN) = 0; 
8000087a:	064007b7          	lui	a5,0x6400
8000087e:	0791                	addi	a5,a5,4 # 6400004 <_prog_start-0x79bffffc>
80000880:	0007a023          	sw	zero,0(a5)
                REG32(cnn_base, CNN_REG_CONTROL) = CNN_CTRL_START | CNN_CTRL_WREN;
80000884:	064007b7          	lui	a5,0x6400
80000888:	4729                	li	a4,10
8000088a:	c398                	sw	a4,0(a5)
                REG32(cnn_base, CNN_REG_CONTROL) = CNN_CTRL_START;
8000088c:	064007b7          	lui	a5,0x6400
80000890:	4709                	li	a4,2
80000892:	c398                	sw	a4,0(a5)
            for (int p = 0; p < 3; p++) { 
80000894:	fc842783          	lw	a5,-56(s0)
80000898:	0785                	addi	a5,a5,1 # 6400001 <_prog_start-0x79bfffff>
8000089a:	fcf42423          	sw	a5,-56(s0)
8000089e:	fc842703          	lw	a4,-56(s0)
800008a2:	4789                	li	a5,2
800008a4:	fce7dbe3          	bge	a5,a4,8000087a <main+0x27c>
            }

            // XUNG M?I TH? 207: GI?I PHÓNG DEADLOCK CLOCK GATING
            REG32(cnn_base, CNN_REG_CONTROL) = CNN_CTRL_START | CNN_CTRL_WREN;
800008a8:	064007b7          	lui	a5,0x6400
800008ac:	4729                	li	a4,10
800008ae:	c398                	sw	a4,0(a5)
            REG32(cnn_base, CNN_REG_CONTROL) = CNN_CTRL_START;
800008b0:	064007b7          	lui	a5,0x6400
800008b4:	4709                	li	a4,2
800008b6:	c398                	sw	a4,0(a5)

            // STAGE 4: POLLING DONE_ALL
            uint32_t timeout_done = 0;
800008b8:	fc042223          	sw	zero,-60(s0)
            while ((REG32(cnn_base, CNN_REG_DONE) & 0x01) == 0) {
800008bc:	a829                	j	800008d6 <main+0x2d8>
                if (++timeout_done > 100000) break;
800008be:	fc442783          	lw	a5,-60(s0)
800008c2:	0785                	addi	a5,a5,1 # 6400001 <_prog_start-0x79bfffff>
800008c4:	fcf42223          	sw	a5,-60(s0)
800008c8:	fc442703          	lw	a4,-60(s0)
800008cc:	67e1                	lui	a5,0x18
800008ce:	6a078793          	addi	a5,a5,1696 # 186a0 <_prog_start-0x7ffe7960>
800008d2:	00e7e963          	bltu	a5,a4,800008e4 <main+0x2e6>
            while ((REG32(cnn_base, CNN_REG_DONE) & 0x01) == 0) {
800008d6:	064007b7          	lui	a5,0x6400
800008da:	07c1                	addi	a5,a5,16 # 6400010 <_prog_start-0x79bffff0>
800008dc:	439c                	lw	a5,0(a5)
800008de:	8b85                	andi	a5,a5,1
800008e0:	dff9                	beqz	a5,800008be <main+0x2c0>
800008e2:	a011                	j	800008e6 <main+0x2e8>
                if (++timeout_done > 100000) break;
800008e4:	0001                	nop
            }

            uint32_t raw_class = REG32(cnn_base, CNN_REG_CLASSIFICATION);
800008e6:	064007b7          	lui	a5,0x6400
800008ea:	07b1                	addi	a5,a5,12 # 640000c <_prog_start-0x79bffff4>
800008ec:	439c                	lw	a5,0(a5)
800008ee:	faf42223          	sw	a5,-92(s0)
            uint8_t predicted_label = (uint8_t)(raw_class & 0x07);
800008f2:	fa442783          	lw	a5,-92(s0)
800008f6:	0ff7f793          	zext.b	a5,a5
800008fa:	8b9d                	andi	a5,a5,7
800008fc:	faf401a3          	sb	a5,-93(s0)

            REG32(cnn_base, CNN_REG_CONTROL) = 0; // Clear START
80000900:	064007b7          	lui	a5,0x6400
80000904:	0007a023          	sw	zero,0(a5) # 6400000 <_prog_start-0x79c00000>

            // ?? IN LOG D? ÐOÁN CHI TI?T CHO 5 M?U Ð?U TIÊN C?A M?I CLASS
            if (s_idx < 5) {
80000908:	fd442703          	lw	a4,-44(s0)
8000090c:	4791                	li	a5,4
8000090e:	04e7c863          	blt	a5,a4,8000095e <main+0x360>
                kprintf("[PREDICT] Expected Class = "); print_dec(class_idx);
80000912:	00000517          	auipc	a0,0x0
80000916:	4f250513          	addi	a0,a0,1266 # 80000e04 <CLASS_NAMES+0x254>
8000091a:	faeff0ef          	jal	ra,800000c8 <kprintf>
8000091e:	fe042503          	lw	a0,-32(s0)
80000922:	3c09                	jal	80000334 <print_dec>
                kprintf(" | Got HW Class = "); print_dec(predicted_label);
80000924:	00000517          	auipc	a0,0x0
80000928:	4fc50513          	addi	a0,a0,1276 # 80000e20 <CLASS_NAMES+0x270>
8000092c:	f9cff0ef          	jal	ra,800000c8 <kprintf>
80000930:	fa344783          	lbu	a5,-93(s0)
80000934:	853e                	mv	a0,a5
80000936:	3afd                	jal	80000334 <print_dec>
                if (predicted_label == class_idx) kprintf(" -> PASS\r\n");
80000938:	fa344783          	lbu	a5,-93(s0)
8000093c:	fe042703          	lw	a4,-32(s0)
80000940:	00f71963          	bne	a4,a5,80000952 <main+0x354>
80000944:	00000517          	auipc	a0,0x0
80000948:	4f050513          	addi	a0,a0,1264 # 80000e34 <CLASS_NAMES+0x284>
8000094c:	f7cff0ef          	jal	ra,800000c8 <kprintf>
80000950:	a039                	j	8000095e <main+0x360>
                else kprintf(" -> FAIL (Mismatched)\r\n");
80000952:	00000517          	auipc	a0,0x0
80000956:	4ee50513          	addi	a0,a0,1262 # 80000e40 <CLASS_NAMES+0x290>
8000095a:	f6eff0ef          	jal	ra,800000c8 <kprintf>
            }

            if (predicted_label == class_idx) {
8000095e:	fa344783          	lbu	a5,-93(s0)
80000962:	fe042703          	lw	a4,-32(s0)
80000966:	00f71863          	bne	a4,a5,80000976 <main+0x378>
                pass_count++;
8000096a:	fdc42783          	lw	a5,-36(s0)
8000096e:	0785                	addi	a5,a5,1
80000970:	fcf42e23          	sw	a5,-36(s0)
80000974:	a801                	j	80000984 <main+0x386>
            } else {
                fail_count++;
80000976:	fd842783          	lw	a5,-40(s0)
8000097a:	0785                	addi	a5,a5,1
8000097c:	fcf42c23          	sw	a5,-40(s0)
80000980:	a011                	j	80000984 <main+0x386>
            if (read_sd_sector(target_sector, sector_buffer) != 0) continue;
80000982:	0001                	nop
        for (int s_idx = 0; s_idx < SAMPLES_PER_CLASS; s_idx++) {
80000984:	fd442783          	lw	a5,-44(s0)
80000988:	0785                	addi	a5,a5,1
8000098a:	fcf42a23          	sw	a5,-44(s0)
8000098e:	fd442703          	lw	a4,-44(s0)
80000992:	1f300793          	li	a5,499
80000996:	dee7dee3          	bge	a5,a4,80000792 <main+0x194>
            }
        }

        class_pass_count[class_idx] = pass_count;
8000099a:	77fd                	lui	a5,0xfffff
8000099c:	17c1                	addi	a5,a5,-16 # ffffeff0 <CLASS_NAMES+0x7fffe440>
8000099e:	00878733          	add	a4,a5,s0
800009a2:	fe042783          	lw	a5,-32(s0)
800009a6:	078a                	slli	a5,a5,0x2
800009a8:	97ba                	add	a5,a5,a4
800009aa:	fdc42703          	lw	a4,-36(s0)
800009ae:	78e7aa23          	sw	a4,1940(a5)
        total_pass += pass_count;
800009b2:	fe442703          	lw	a4,-28(s0)
800009b6:	fdc42783          	lw	a5,-36(s0)
800009ba:	97ba                	add	a5,a5,a4
800009bc:	fef42223          	sw	a5,-28(s0)

        uint32_t class_acc = (pass_count * 100) / SAMPLES_PER_CLASS;
800009c0:	fdc42703          	lw	a4,-36(s0)
800009c4:	06400793          	li	a5,100
800009c8:	02f70733          	mul	a4,a4,a5
800009cc:	1f400793          	li	a5,500
800009d0:	02f757b3          	divu	a5,a4,a5
800009d4:	faf42823          	sw	a5,-80(s0)
        kprintf("[TB] Class "); print_dec(class_idx);
800009d8:	00000517          	auipc	a0,0x0
800009dc:	48050513          	addi	a0,a0,1152 # 80000e58 <CLASS_NAMES+0x2a8>
800009e0:	ee8ff0ef          	jal	ra,800000c8 <kprintf>
800009e4:	fe042503          	lw	a0,-32(s0)
800009e8:	32b1                	jal	80000334 <print_dec>
        kprintf(" Result: PASS="); print_dec(pass_count);
800009ea:	00000517          	auipc	a0,0x0
800009ee:	47a50513          	addi	a0,a0,1146 # 80000e64 <CLASS_NAMES+0x2b4>
800009f2:	ed6ff0ef          	jal	ra,800000c8 <kprintf>
800009f6:	fdc42783          	lw	a5,-36(s0)
800009fa:	853e                	mv	a0,a5
800009fc:	3a25                	jal	80000334 <print_dec>
        kprintf(", FAIL="); print_dec(fail_count);
800009fe:	00000517          	auipc	a0,0x0
80000a02:	47650513          	addi	a0,a0,1142 # 80000e74 <CLASS_NAMES+0x2c4>
80000a06:	ec2ff0ef          	jal	ra,800000c8 <kprintf>
80000a0a:	fd842783          	lw	a5,-40(s0)
80000a0e:	853e                	mv	a0,a5
80000a10:	3215                	jal	80000334 <print_dec>
        kprintf(", ACCURACY="); print_dec(class_acc); kprintf("%%\r\n");
80000a12:	00000517          	auipc	a0,0x0
80000a16:	46a50513          	addi	a0,a0,1130 # 80000e7c <CLASS_NAMES+0x2cc>
80000a1a:	eaeff0ef          	jal	ra,800000c8 <kprintf>
80000a1e:	fb042783          	lw	a5,-80(s0)
80000a22:	853e                	mv	a0,a5
80000a24:	3a01                	jal	80000334 <print_dec>
80000a26:	00000517          	auipc	a0,0x0
80000a2a:	46250513          	addi	a0,a0,1122 # 80000e88 <CLASS_NAMES+0x2d8>
80000a2e:	e9aff0ef          	jal	ra,800000c8 <kprintf>
        kprintf("--------------------------------------------------------\r\n\r\n");
80000a32:	00000517          	auipc	a0,0x0
80000a36:	45e50513          	addi	a0,a0,1118 # 80000e90 <CLASS_NAMES+0x2e0>
80000a3a:	e8eff0ef          	jal	ra,800000c8 <kprintf>
    for (int class_idx = 0; class_idx < 6; class_idx++) {
80000a3e:	fe042783          	lw	a5,-32(s0)
80000a42:	0785                	addi	a5,a5,1
80000a44:	fef42023          	sw	a5,-32(s0)
80000a48:	fe042703          	lw	a4,-32(s0)
80000a4c:	4795                	li	a5,5
80000a4e:	cee7dee3          	bge	a5,a4,8000074a <main+0x14c>
    }

    // BÁO CÁO T?NG K?T
    kprintf("[TB] ========================================================\r\n");
80000a52:	00000517          	auipc	a0,0x0
80000a56:	47e50513          	addi	a0,a0,1150 # 80000ed0 <CLASS_NAMES+0x320>
80000a5a:	e6eff0ef          	jal	ra,800000c8 <kprintf>
    kprintf("[TB] FINAL SYSTEM REPORT:\r\n");
80000a5e:	00000517          	auipc	a0,0x0
80000a62:	4b250513          	addi	a0,a0,1202 # 80000f10 <CLASS_NAMES+0x360>
80000a66:	e62ff0ef          	jal	ra,800000c8 <kprintf>
    for (int c = 0; c < 6; c++) {
80000a6a:	fc042023          	sw	zero,-64(s0)
80000a6e:	a069                	j	80000af8 <main+0x4fa>
        uint32_t acc = (class_pass_count[c] * 100) / SAMPLES_PER_CLASS;
80000a70:	77fd                	lui	a5,0xfffff
80000a72:	17c1                	addi	a5,a5,-16 # ffffeff0 <CLASS_NAMES+0x7fffe440>
80000a74:	00878733          	add	a4,a5,s0
80000a78:	fc042783          	lw	a5,-64(s0)
80000a7c:	078a                	slli	a5,a5,0x2
80000a7e:	97ba                	add	a5,a5,a4
80000a80:	7947a703          	lw	a4,1940(a5)
80000a84:	06400793          	li	a5,100
80000a88:	02f70733          	mul	a4,a4,a5
80000a8c:	1f400793          	li	a5,500
80000a90:	02f757b3          	divu	a5,a4,a5
80000a94:	faf42a23          	sw	a5,-76(s0)
        kprintf("Class "); print_dec(c); kprintf(": ");
80000a98:	00000517          	auipc	a0,0x0
80000a9c:	49450513          	addi	a0,a0,1172 # 80000f2c <CLASS_NAMES+0x37c>
80000aa0:	e28ff0ef          	jal	ra,800000c8 <kprintf>
80000aa4:	fc042503          	lw	a0,-64(s0)
80000aa8:	3071                	jal	80000334 <print_dec>
80000aaa:	00000517          	auipc	a0,0x0
80000aae:	31250513          	addi	a0,a0,786 # 80000dbc <CLASS_NAMES+0x20c>
80000ab2:	e16ff0ef          	jal	ra,800000c8 <kprintf>
        print_dec(acc); kprintf("%% | ");
80000ab6:	fb442783          	lw	a5,-76(s0)
80000aba:	853e                	mv	a0,a5
80000abc:	38a5                	jal	80000334 <print_dec>
80000abe:	00000517          	auipc	a0,0x0
80000ac2:	47650513          	addi	a0,a0,1142 # 80000f34 <CLASS_NAMES+0x384>
80000ac6:	e02ff0ef          	jal	ra,800000c8 <kprintf>
        kprintf((char*)CLASS_NAMES[c]);
80000aca:	00000717          	auipc	a4,0x0
80000ace:	0e670713          	addi	a4,a4,230 # 80000bb0 <CLASS_NAMES>
80000ad2:	fc042783          	lw	a5,-64(s0)
80000ad6:	078a                	slli	a5,a5,0x2
80000ad8:	97ba                	add	a5,a5,a4
80000ada:	439c                	lw	a5,0(a5)
80000adc:	853e                	mv	a0,a5
80000ade:	deaff0ef          	jal	ra,800000c8 <kprintf>
        kprintf("\r\n");
80000ae2:	00000517          	auipc	a0,0x0
80000ae6:	45a50513          	addi	a0,a0,1114 # 80000f3c <CLASS_NAMES+0x38c>
80000aea:	ddeff0ef          	jal	ra,800000c8 <kprintf>
    for (int c = 0; c < 6; c++) {
80000aee:	fc042783          	lw	a5,-64(s0)
80000af2:	0785                	addi	a5,a5,1
80000af4:	fcf42023          	sw	a5,-64(s0)
80000af8:	fc042703          	lw	a4,-64(s0)
80000afc:	4795                	li	a5,5
80000afe:	f6e7d9e3          	bge	a5,a4,80000a70 <main+0x472>
    }
    kprintf("[TB] --------------------------------------------------------\r\n");
80000b02:	00000517          	auipc	a0,0x0
80000b06:	43e50513          	addi	a0,a0,1086 # 80000f40 <CLASS_NAMES+0x390>
80000b0a:	dbeff0ef          	jal	ra,800000c8 <kprintf>
    uint32_t total_accuracy = (total_pass * 100) / (SAMPLES_PER_CLASS * 6);
80000b0e:	fe442703          	lw	a4,-28(s0)
80000b12:	06400793          	li	a5,100
80000b16:	02f70733          	mul	a4,a4,a5
80000b1a:	6785                	lui	a5,0x1
80000b1c:	bb878793          	addi	a5,a5,-1096 # bb8 <_prog_start-0x7ffff448>
80000b20:	02f757b3          	divu	a5,a4,a5
80000b24:	faf42c23          	sw	a5,-72(s0)
    kprintf("[TB] AVERAGE ACCURACY (6 CLASSES): "); print_dec(total_accuracy); kprintf("%%\r\n");
80000b28:	00000517          	auipc	a0,0x0
80000b2c:	45850513          	addi	a0,a0,1112 # 80000f80 <CLASS_NAMES+0x3d0>
80000b30:	d98ff0ef          	jal	ra,800000c8 <kprintf>
80000b34:	fb842783          	lw	a5,-72(s0)
80000b38:	853e                	mv	a0,a5
80000b3a:	ffaff0ef          	jal	ra,80000334 <print_dec>
80000b3e:	00000517          	auipc	a0,0x0
80000b42:	34a50513          	addi	a0,a0,842 # 80000e88 <CLASS_NAMES+0x2d8>
80000b46:	d82ff0ef          	jal	ra,800000c8 <kprintf>
    kprintf("[TB] ========================================================\r\n");
80000b4a:	00000517          	auipc	a0,0x0
80000b4e:	38650513          	addi	a0,a0,902 # 80000ed0 <CLASS_NAMES+0x320>
80000b52:	d76ff0ef          	jal	ra,800000c8 <kprintf>

    while(1);
80000b56:	0001                	nop
80000b58:	bffd                	j	80000b56 <main+0x558>
	...

Disassembly of section .data:

80000bb0 <CLASS_NAMES>:
const char *CLASS_NAMES[6] = {
80000bb0:	0c20                	addi	s0,sp,536
80000bb2:	8000                	.2byte	0x8000
80000bb4:	0c2c                	addi	a1,sp,536
80000bb6:	8000                	.2byte	0x8000
80000bb8:	0c44                	addi	s1,sp,532
80000bba:	8000                	.2byte	0x8000
80000bbc:	0c60                	addi	s0,sp,540
80000bbe:	8000                	.2byte	0x8000
80000bc0:	0c68                	addi	a0,sp,540
80000bc2:	8000                	.2byte	0x8000
80000bc4:	0c84                	addi	s1,sp,592
80000bc6:	8000                	.2byte	0x8000

Disassembly of section .srodata:

80000ba0 <uart>:
static volatile uint32_t * const uart = (void *)(UART_CTRL_ADDR);
80000ba0:	0000                	unimp
80000ba2:	6400                	.2byte	0x6400

80000ba4 <uart>:
80000ba4:	0000                	unimp
80000ba6:	6400                	.2byte	0x6400

80000ba8 <cnn_base>:
static volatile uint32_t * const cnn_base = (void *)(CNN_CTRL_ADDR);
80000ba8:	0000                	unimp
80000baa:	0640                	addi	s0,sp,772

80000bac <spi>:
static volatile uint32_t * const spi      = (void *)(SPI_CTRL_ADDR);
80000bac:	1000                	addi	s0,sp,32
80000bae:	6400                	.2byte	0x6400

Disassembly of section .rodata:

80000bc8 <.rodata>:
80000bc8:	f702                	.2byte	0xf702
80000bca:	ffff                	.2byte	0xffff
80000bcc:	f71a                	.2byte	0xf71a
80000bce:	ffff                	.2byte	0xffff
80000bd0:	f71a                	.2byte	0xf71a
80000bd2:	ffff                	.2byte	0xffff
80000bd4:	f71a                	.2byte	0xf71a
80000bd6:	ffff                	.2byte	0xffff
80000bd8:	f71a                	.2byte	0xf71a
80000bda:	ffff                	.2byte	0xffff
80000bdc:	f64c                	.2byte	0xf64c
80000bde:	ffff                	.2byte	0xffff
80000be0:	f71a                	.2byte	0xf71a
80000be2:	ffff                	.2byte	0xffff
80000be4:	f71a                	.2byte	0xf71a
80000be6:	ffff                	.2byte	0xffff
80000be8:	f71a                	.2byte	0xf71a
80000bea:	ffff                	.2byte	0xffff
80000bec:	f570                	.2byte	0xf570
80000bee:	ffff                	.2byte	0xffff
80000bf0:	f71a                	.2byte	0xf71a
80000bf2:	ffff                	.2byte	0xffff
80000bf4:	f71a                	.2byte	0xf71a
80000bf6:	ffff                	.2byte	0xffff
80000bf8:	f71a                	.2byte	0xf71a
80000bfa:	ffff                	.2byte	0xffff
80000bfc:	f71a                	.2byte	0xf71a
80000bfe:	ffff                	.2byte	0xffff
80000c00:	f71a                	.2byte	0xf71a
80000c02:	ffff                	.2byte	0xffff
80000c04:	f71a                	.2byte	0xf71a
80000c06:	ffff                	.2byte	0xffff
80000c08:	f6ee                	.2byte	0xf6ee
80000c0a:	ffff                	.2byte	0xffff
80000c0c:	f71a                	.2byte	0xf71a
80000c0e:	ffff                	.2byte	0xffff
80000c10:	f71a                	.2byte	0xf71a
80000c12:	ffff                	.2byte	0xffff
80000c14:	f71a                	.2byte	0xf71a
80000c16:	ffff                	.2byte	0xffff
80000c18:	f71a                	.2byte	0xf71a
80000c1a:	ffff                	.2byte	0xffff
80000c1c:	f654                	.2byte	0xf654
80000c1e:	ffff                	.2byte	0xffff
80000c20:	6150                	.2byte	0x6150
80000c22:	20646563          	bltu	s0,t1,80000e2c <CLASS_NAMES+0x27c>
80000c26:	6562                	.2byte	0x6562
80000c28:	7461                	lui	s0,0xffff8
80000c2a:	0000                	unimp
80000c2c:	7441                	lui	s0,0xffff0
80000c2e:	6972                	.2byte	0x6972
80000c30:	6c61                	lui	s8,0x18
80000c32:	7020                	.2byte	0x7020
80000c34:	6572                	.2byte	0x6572
80000c36:	616d                	addi	sp,sp,240
80000c38:	7574                	.2byte	0x7574
80000c3a:	6572                	.2byte	0x6572
80000c3c:	6220                	.2byte	0x6220
80000c3e:	6165                	addi	sp,sp,112
80000c40:	0074                	addi	a3,sp,12
80000c42:	0000                	unimp
80000c44:	654c                	.2byte	0x654c
80000c46:	7466                	.2byte	0x7466
80000c48:	6220                	.2byte	0x6220
80000c4a:	6e75                	lui	t3,0x1d
80000c4c:	6c64                	.2byte	0x6c64
80000c4e:	2065                	jal	80000cf6 <CLASS_NAMES+0x146>
80000c50:	7262                	.2byte	0x7262
80000c52:	6e61                	lui	t3,0x18
80000c54:	62206863          	bltu	zero,sp,80001284 <CLASS_NAMES+0x6d4>
80000c58:	6f6c                	.2byte	0x6f6c
80000c5a:	00006b63          	bltu	zero,zero,80000c70 <CLASS_NAMES+0xc0>
80000c5e:	0000                	unimp
80000c60:	6f4e                	.2byte	0x6f4e
80000c62:	6d72                	.2byte	0x6d72
80000c64:	6c61                	lui	s8,0x18
80000c66:	0000                	unimp
80000c68:	6952                	.2byte	0x6952
80000c6a:	20746867          	.4byte	0x20746867
80000c6e:	7562                	.2byte	0x7562
80000c70:	646e                	.2byte	0x646e
80000c72:	656c                	.2byte	0x656c
80000c74:	6220                	.2byte	0x6220
80000c76:	6172                	.2byte	0x6172
80000c78:	636e                	.2byte	0x636e
80000c7a:	2068                	.2byte	0x2068
80000c7c:	6c62                	.2byte	0x6c62
80000c7e:	006b636f          	jal	t1,800b6c84 <CLASS_NAMES+0xb60d4>
80000c82:	0000                	unimp
80000c84:	7250                	.2byte	0x7250
80000c86:	6d65                	lui	s10,0x19
80000c88:	7461                	lui	s0,0xffff8
80000c8a:	7275                	lui	tp,0xffffd
80000c8c:	2065                	jal	80000d34 <CLASS_NAMES+0x184>
80000c8e:	6576                	.2byte	0x6576
80000c90:	746e                	.2byte	0x746e
80000c92:	6972                	.2byte	0x6972
80000c94:	616c7563          	bgeu	s8,s6,8000129e <CLASS_NAMES+0x6ee>
80000c98:	2072                	.2byte	0x2072
80000c9a:	746e6f63          	bltu	t3,t1,800013f8 <CLASS_NAMES+0x848>
80000c9e:	6172                	.2byte	0x6172
80000ca0:	6f697463          	bgeu	s2,s6,80001388 <CLASS_NAMES+0x7d8>
80000ca4:	006e                	c.slli	zero,0x1b
80000ca6:	0000                	unimp
80000ca8:	002d                	c.nop	11
80000caa:	0000                	unimp
80000cac:	6325                	lui	t1,0x9
80000cae:	0000                	unimp
80000cb0:	7830                	.2byte	0x7830
80000cb2:	0000                	unimp
80000cb4:	3130                	.2byte	0x3130
80000cb6:	3332                	.2byte	0x3332
80000cb8:	3534                	.2byte	0x3534
80000cba:	3736                	.2byte	0x3736
80000cbc:	3938                	.2byte	0x3938
80000cbe:	4241                	li	tp,16
80000cc0:	46454443          	.4byte	0x46454443
80000cc4:	0000                	unimp
80000cc6:	0000                	unimp
80000cc8:	0a0d                	addi	s4,s4,3
80000cca:	3d3d                	jal	80000b08 <main+0x50a>
80000ccc:	3d3d                	jal	80000b0a <main+0x50c>
80000cce:	3d3d                	jal	80000b0c <main+0x50e>
80000cd0:	3d3d                	jal	80000b0e <main+0x510>
80000cd2:	3d3d                	jal	80000b10 <main+0x512>
80000cd4:	3d3d                	jal	80000b12 <main+0x514>
80000cd6:	3d3d                	jal	80000b14 <main+0x516>
80000cd8:	3d3d                	jal	80000b16 <main+0x518>
80000cda:	3d3d                	jal	80000b18 <main+0x51a>
80000cdc:	3d3d                	jal	80000b1a <main+0x51c>
80000cde:	3d3d                	jal	80000b1c <main+0x51e>
80000ce0:	3d3d                	jal	80000b1e <main+0x520>
80000ce2:	3d3d                	jal	80000b20 <main+0x522>
80000ce4:	3d3d                	jal	80000b22 <main+0x524>
80000ce6:	3d3d                	jal	80000b24 <main+0x526>
80000ce8:	3d3d                	jal	80000b26 <main+0x528>
80000cea:	3d3d                	jal	80000b28 <main+0x52a>
80000cec:	3d3d                	jal	80000b2a <main+0x52c>
80000cee:	3d3d                	jal	80000b2c <main+0x52e>
80000cf0:	3d3d                	jal	80000b2e <main+0x530>
80000cf2:	3d3d                	jal	80000b30 <main+0x532>
80000cf4:	3d3d                	jal	80000b32 <main+0x534>
80000cf6:	3d3d                	jal	80000b34 <main+0x536>
80000cf8:	3d3d                	jal	80000b36 <main+0x538>
80000cfa:	3d3d                	jal	80000b38 <main+0x53a>
80000cfc:	3d3d                	jal	80000b3a <main+0x53c>
80000cfe:	3d3d                	jal	80000b3c <main+0x53e>
80000d00:	3d3d                	jal	80000b3e <main+0x540>
80000d02:	0a0d                	addi	s4,s4,3
80000d04:	0000                	unimp
80000d06:	0000                	unimp
80000d08:	4320                	lw	s0,64(a4)
80000d0a:	4e4e                	lw	t3,208(sp)
80000d0c:	5320                	lw	s0,96(a4)
80000d0e:	5359                	li	t1,-10
80000d10:	4554                	lw	a3,12(a0)
80000d12:	204d                	jal	80000db4 <CLASS_NAMES+0x204>
80000d14:	4544                	lw	s1,12(a0)
80000d16:	5542                	lw	a0,48(sp)
80000d18:	50203a47          	.4byte	0x50203a47
80000d1c:	4552                	lw	a0,20(sp)
80000d1e:	4944                	lw	s1,20(a0)
80000d20:	4f495443          	.4byte	0x4f495443
80000d24:	204e                	.2byte	0x204e
80000d26:	414d                	li	sp,19
80000d28:	5050                	lw	a2,36(s0)
80000d2a:	4e49                	li	t3,18
80000d2c:	52542047          	.4byte	0x52542047
80000d30:	4341                	li	t1,16
80000d32:	4e49                	li	t3,18
80000d34:	000a0d47          	.4byte	0xa0d47
80000d38:	3d3d                	jal	80000b76 <main+0x578>
80000d3a:	3d3d                	jal	80000b78 <main+0x57a>
80000d3c:	3d3d                	jal	80000b7a <main+0x57c>
80000d3e:	3d3d                	jal	80000b7c <main+0x57e>
80000d40:	3d3d                	jal	80000b7e <main+0x580>
80000d42:	3d3d                	jal	80000b80 <main+0x582>
80000d44:	3d3d                	jal	80000b82 <main+0x584>
80000d46:	3d3d                	jal	80000b84 <main+0x586>
80000d48:	3d3d                	jal	80000b86 <main+0x588>
80000d4a:	3d3d                	jal	80000b88 <main+0x58a>
80000d4c:	3d3d                	jal	80000b8a <main+0x58c>
80000d4e:	3d3d                	jal	80000b8c <main+0x58e>
80000d50:	3d3d                	jal	80000b8e <main+0x590>
80000d52:	3d3d                	jal	80000b90 <main+0x592>
80000d54:	3d3d                	jal	80000b92 <main+0x594>
80000d56:	3d3d                	jal	80000b94 <main+0x596>
80000d58:	3d3d                	jal	80000b96 <main+0x598>
80000d5a:	3d3d                	jal	80000b98 <main+0x59a>
80000d5c:	3d3d                	jal	80000b9a <main+0x59c>
80000d5e:	3d3d                	jal	80000b9c <main+0x59e>
80000d60:	3d3d                	jal	80000b9e <main+0x5a0>
80000d62:	3d3d                	jal	80000ba0 <uart>
80000d64:	3d3d                	jal	80000ba2 <uart+0x2>
80000d66:	3d3d                	jal	80000ba4 <uart>
80000d68:	3d3d                	jal	80000ba6 <uart+0x2>
80000d6a:	3d3d                	jal	80000ba8 <cnn_base>
80000d6c:	3d3d                	jal	80000baa <cnn_base+0x2>
80000d6e:	3d3d                	jal	80000bac <spi>
80000d70:	0a0d                	addi	s4,s4,3
80000d72:	0000                	unimp
80000d74:	5d42545b          	.4byte	0x5d42545b
80000d78:	5320                	lw	s0,96(a4)
80000d7a:	4355                	li	t1,21
80000d7c:	53534543          	.4byte	0x53534543
80000d80:	203a                	.2byte	0x203a
80000d82:	3534                	.2byte	0x3534
80000d84:	2038                	.2byte	0x2038
80000d86:	67696557          	.4byte	0x67696557
80000d8a:	7468                	.2byte	0x7468
80000d8c:	6f6c2073          	csrs	0x6f6,s8
80000d90:	6461                	lui	s0,0x18
80000d92:	6465                	lui	s0,0x19
80000d94:	6920                	.2byte	0x6920
80000d96:	746e                	.2byte	0x746e
80000d98:	5253206f          	j	80033abc <CLASS_NAMES+0x32f0c>
80000d9c:	4d41                	li	s10,16
80000d9e:	0d2e                	slli	s10,s10,0xb
80000da0:	0d0a                	slli	s10,s10,0x2
80000da2:	000a                	c.slli	zero,0x2
80000da4:	5d42545b          	.4byte	0x5d42545b
80000da8:	4520                	lw	s0,72(a0)
80000daa:	4156                	lw	sp,84(sp)
80000dac:	554c                	lw	a1,44(a0)
80000dae:	5441                	li	s0,-16
80000db0:	4e49                	li	t3,18
80000db2:	4c432047          	.4byte	0x4c432047
80000db6:	5341                	li	t1,-16
80000db8:	00002053          	.4byte	0x2053
80000dbc:	203a                	.2byte	0x203a
80000dbe:	0000                	unimp
80000dc0:	0a0d                	addi	s4,s4,3
80000dc2:	5d42545b          	.4byte	0x5d42545b
80000dc6:	2d20                	.2byte	0x2d20
80000dc8:	2d2d                	jal	80001402 <CLASS_NAMES+0x852>
80000dca:	2d2d                	jal	80001404 <CLASS_NAMES+0x854>
80000dcc:	2d2d                	jal	80001406 <CLASS_NAMES+0x856>
80000dce:	2d2d                	jal	80001408 <CLASS_NAMES+0x858>
80000dd0:	2d2d                	jal	8000140a <CLASS_NAMES+0x85a>
80000dd2:	2d2d                	jal	8000140c <CLASS_NAMES+0x85c>
80000dd4:	2d2d                	jal	8000140e <CLASS_NAMES+0x85e>
80000dd6:	2d2d                	jal	80001410 <CLASS_NAMES+0x860>
80000dd8:	2d2d                	jal	80001412 <CLASS_NAMES+0x862>
80000dda:	2d2d                	jal	80001414 <CLASS_NAMES+0x864>
80000ddc:	2d2d                	jal	80001416 <CLASS_NAMES+0x866>
80000dde:	2d2d                	jal	80001418 <CLASS_NAMES+0x868>
80000de0:	2d2d                	jal	8000141a <CLASS_NAMES+0x86a>
80000de2:	2d2d                	jal	8000141c <CLASS_NAMES+0x86c>
80000de4:	2d2d                	jal	8000141e <CLASS_NAMES+0x86e>
80000de6:	2d2d                	jal	80001420 <CLASS_NAMES+0x870>
80000de8:	2d2d                	jal	80001422 <CLASS_NAMES+0x872>
80000dea:	2d2d                	jal	80001424 <CLASS_NAMES+0x874>
80000dec:	2d2d                	jal	80001426 <CLASS_NAMES+0x876>
80000dee:	2d2d                	jal	80001428 <CLASS_NAMES+0x878>
80000df0:	2d2d                	jal	8000142a <CLASS_NAMES+0x87a>
80000df2:	2d2d                	jal	8000142c <CLASS_NAMES+0x87c>
80000df4:	2d2d                	jal	8000142e <CLASS_NAMES+0x87e>
80000df6:	2d2d                	jal	80001430 <CLASS_NAMES+0x880>
80000df8:	2d2d                	jal	80001432 <CLASS_NAMES+0x882>
80000dfa:	2d2d                	jal	80001434 <CLASS_NAMES+0x884>
80000dfc:	2d2d                	jal	80001436 <CLASS_NAMES+0x886>
80000dfe:	0d2d                	addi	s10,s10,11 # 1900b <_prog_start-0x7ffe6ff5>
80000e00:	000a                	c.slli	zero,0x2
80000e02:	0000                	unimp
80000e04:	4552505b          	.4byte	0x4552505b
80000e08:	4944                	lw	s1,20(a0)
80000e0a:	205d5443          	.4byte	0x205d5443
80000e0e:	7845                	lui	a6,0xffff1
80000e10:	6570                	.2byte	0x6570
80000e12:	64657463          	bgeu	a0,t1,8000145a <CLASS_NAMES+0x8aa>
80000e16:	4320                	lw	s0,64(a4)
80000e18:	616c                	.2byte	0x616c
80000e1a:	3d207373          	csrrci	t1,0x3d2,0
80000e1e:	0020                	addi	s0,sp,8
80000e20:	7c20                	.2byte	0x7c20
80000e22:	4720                	lw	s0,72(a4)
80000e24:	4820746f          	jal	s0,800082a6 <CLASS_NAMES+0x76f6>
80000e28:	6c432057          	.4byte	0x6c432057
80000e2c:	7361                	lui	t1,0xffff8
80000e2e:	203d2073          	csrs	0x203,s10
80000e32:	0000                	unimp
80000e34:	2d20                	.2byte	0x2d20
80000e36:	203e                	.2byte	0x203e
80000e38:	4150                	lw	a2,4(a0)
80000e3a:	0a0d5353          	.4byte	0xa0d5353
80000e3e:	0000                	unimp
80000e40:	2d20                	.2byte	0x2d20
80000e42:	203e                	.2byte	0x203e
80000e44:	4146                	lw	sp,80(sp)
80000e46:	4c49                	li	s8,18
80000e48:	2820                	.2byte	0x2820
80000e4a:	694d                	lui	s2,0x13
80000e4c:	74616d73          	csrrsi	s10,0x746,2
80000e50:	64656863          	bltu	a0,t1,800014a0 <CLASS_NAMES+0x8f0>
80000e54:	0d29                	addi	s10,s10,10
80000e56:	000a                	c.slli	zero,0x2
80000e58:	5d42545b          	.4byte	0x5d42545b
80000e5c:	4320                	lw	s0,64(a4)
80000e5e:	616c                	.2byte	0x616c
80000e60:	00207373          	csrrci	t1,frm,0
80000e64:	5220                	lw	s0,96(a2)
80000e66:	7365                	lui	t1,0xffff9
80000e68:	6c75                	lui	s8,0x1d
80000e6a:	3a74                	.2byte	0x3a74
80000e6c:	5020                	lw	s0,96(s0)
80000e6e:	5341                	li	t1,-16
80000e70:	00003d53          	.4byte	0x3d53
80000e74:	202c                	.2byte	0x202c
80000e76:	4146                	lw	sp,80(sp)
80000e78:	4c49                	li	s8,18
80000e7a:	003d                	c.nop	15
80000e7c:	202c                	.2byte	0x202c
80000e7e:	4341                	li	t1,16
80000e80:	41525543          	.4byte	0x41525543
80000e84:	003d5943          	.4byte	0x3d5943
80000e88:	2525                	jal	800014b0 <CLASS_NAMES+0x900>
80000e8a:	0a0d                	addi	s4,s4,3
80000e8c:	0000                	unimp
80000e8e:	0000                	unimp
80000e90:	2d2d                	jal	800014ca <CLASS_NAMES+0x91a>
80000e92:	2d2d                	jal	800014cc <CLASS_NAMES+0x91c>
80000e94:	2d2d                	jal	800014ce <CLASS_NAMES+0x91e>
80000e96:	2d2d                	jal	800014d0 <CLASS_NAMES+0x920>
80000e98:	2d2d                	jal	800014d2 <CLASS_NAMES+0x922>
80000e9a:	2d2d                	jal	800014d4 <CLASS_NAMES+0x924>
80000e9c:	2d2d                	jal	800014d6 <CLASS_NAMES+0x926>
80000e9e:	2d2d                	jal	800014d8 <CLASS_NAMES+0x928>
80000ea0:	2d2d                	jal	800014da <CLASS_NAMES+0x92a>
80000ea2:	2d2d                	jal	800014dc <CLASS_NAMES+0x92c>
80000ea4:	2d2d                	jal	800014de <CLASS_NAMES+0x92e>
80000ea6:	2d2d                	jal	800014e0 <CLASS_NAMES+0x930>
80000ea8:	2d2d                	jal	800014e2 <CLASS_NAMES+0x932>
80000eaa:	2d2d                	jal	800014e4 <CLASS_NAMES+0x934>
80000eac:	2d2d                	jal	800014e6 <CLASS_NAMES+0x936>
80000eae:	2d2d                	jal	800014e8 <CLASS_NAMES+0x938>
80000eb0:	2d2d                	jal	800014ea <CLASS_NAMES+0x93a>
80000eb2:	2d2d                	jal	800014ec <CLASS_NAMES+0x93c>
80000eb4:	2d2d                	jal	800014ee <CLASS_NAMES+0x93e>
80000eb6:	2d2d                	jal	800014f0 <CLASS_NAMES+0x940>
80000eb8:	2d2d                	jal	800014f2 <CLASS_NAMES+0x942>
80000eba:	2d2d                	jal	800014f4 <CLASS_NAMES+0x944>
80000ebc:	2d2d                	jal	800014f6 <CLASS_NAMES+0x946>
80000ebe:	2d2d                	jal	800014f8 <CLASS_NAMES+0x948>
80000ec0:	2d2d                	jal	800014fa <CLASS_NAMES+0x94a>
80000ec2:	2d2d                	jal	800014fc <CLASS_NAMES+0x94c>
80000ec4:	2d2d                	jal	800014fe <CLASS_NAMES+0x94e>
80000ec6:	2d2d                	jal	80001500 <CLASS_NAMES+0x950>
80000ec8:	0a0d                	addi	s4,s4,3
80000eca:	0a0d                	addi	s4,s4,3
80000ecc:	0000                	unimp
80000ece:	0000                	unimp
80000ed0:	5d42545b          	.4byte	0x5d42545b
80000ed4:	3d20                	.2byte	0x3d20
80000ed6:	3d3d                	jal	80000d14 <CLASS_NAMES+0x164>
80000ed8:	3d3d                	jal	80000d16 <CLASS_NAMES+0x166>
80000eda:	3d3d                	jal	80000d18 <CLASS_NAMES+0x168>
80000edc:	3d3d                	jal	80000d1a <CLASS_NAMES+0x16a>
80000ede:	3d3d                	jal	80000d1c <CLASS_NAMES+0x16c>
80000ee0:	3d3d                	jal	80000d1e <CLASS_NAMES+0x16e>
80000ee2:	3d3d                	jal	80000d20 <CLASS_NAMES+0x170>
80000ee4:	3d3d                	jal	80000d22 <CLASS_NAMES+0x172>
80000ee6:	3d3d                	jal	80000d24 <CLASS_NAMES+0x174>
80000ee8:	3d3d                	jal	80000d26 <CLASS_NAMES+0x176>
80000eea:	3d3d                	jal	80000d28 <CLASS_NAMES+0x178>
80000eec:	3d3d                	jal	80000d2a <CLASS_NAMES+0x17a>
80000eee:	3d3d                	jal	80000d2c <CLASS_NAMES+0x17c>
80000ef0:	3d3d                	jal	80000d2e <CLASS_NAMES+0x17e>
80000ef2:	3d3d                	jal	80000d30 <CLASS_NAMES+0x180>
80000ef4:	3d3d                	jal	80000d32 <CLASS_NAMES+0x182>
80000ef6:	3d3d                	jal	80000d34 <CLASS_NAMES+0x184>
80000ef8:	3d3d                	jal	80000d36 <CLASS_NAMES+0x186>
80000efa:	3d3d                	jal	80000d38 <CLASS_NAMES+0x188>
80000efc:	3d3d                	jal	80000d3a <CLASS_NAMES+0x18a>
80000efe:	3d3d                	jal	80000d3c <CLASS_NAMES+0x18c>
80000f00:	3d3d                	jal	80000d3e <CLASS_NAMES+0x18e>
80000f02:	3d3d                	jal	80000d40 <CLASS_NAMES+0x190>
80000f04:	3d3d                	jal	80000d42 <CLASS_NAMES+0x192>
80000f06:	3d3d                	jal	80000d44 <CLASS_NAMES+0x194>
80000f08:	3d3d                	jal	80000d46 <CLASS_NAMES+0x196>
80000f0a:	3d3d                	jal	80000d48 <CLASS_NAMES+0x198>
80000f0c:	0d3d                	addi	s10,s10,15
80000f0e:	000a                	c.slli	zero,0x2
80000f10:	5d42545b          	.4byte	0x5d42545b
80000f14:	4620                	lw	s0,72(a2)
80000f16:	4e49                	li	t3,18
80000f18:	4c41                	li	s8,16
80000f1a:	5320                	lw	s0,96(a4)
80000f1c:	5359                	li	t1,-10
80000f1e:	4554                	lw	a3,12(a0)
80000f20:	204d                	jal	80000fc2 <CLASS_NAMES+0x412>
80000f22:	4552                	lw	a0,20(sp)
80000f24:	4f50                	lw	a2,28(a4)
80000f26:	5452                	lw	s0,52(sp)
80000f28:	0d3a                	slli	s10,s10,0xe
80000f2a:	000a                	c.slli	zero,0x2
80000f2c:	73616c43          	.4byte	0x73616c43
80000f30:	00002073          	csrr	zero,ustatus
80000f34:	2525                	jal	8000155c <CLASS_NAMES+0x9ac>
80000f36:	7c20                	.2byte	0x7c20
80000f38:	0020                	addi	s0,sp,8
80000f3a:	0000                	unimp
80000f3c:	0a0d                	addi	s4,s4,3
80000f3e:	0000                	unimp
80000f40:	5d42545b          	.4byte	0x5d42545b
80000f44:	2d20                	.2byte	0x2d20
80000f46:	2d2d                	jal	80001580 <CLASS_NAMES+0x9d0>
80000f48:	2d2d                	jal	80001582 <CLASS_NAMES+0x9d2>
80000f4a:	2d2d                	jal	80001584 <CLASS_NAMES+0x9d4>
80000f4c:	2d2d                	jal	80001586 <CLASS_NAMES+0x9d6>
80000f4e:	2d2d                	jal	80001588 <CLASS_NAMES+0x9d8>
80000f50:	2d2d                	jal	8000158a <CLASS_NAMES+0x9da>
80000f52:	2d2d                	jal	8000158c <CLASS_NAMES+0x9dc>
80000f54:	2d2d                	jal	8000158e <CLASS_NAMES+0x9de>
80000f56:	2d2d                	jal	80001590 <CLASS_NAMES+0x9e0>
80000f58:	2d2d                	jal	80001592 <CLASS_NAMES+0x9e2>
80000f5a:	2d2d                	jal	80001594 <CLASS_NAMES+0x9e4>
80000f5c:	2d2d                	jal	80001596 <CLASS_NAMES+0x9e6>
80000f5e:	2d2d                	jal	80001598 <CLASS_NAMES+0x9e8>
80000f60:	2d2d                	jal	8000159a <CLASS_NAMES+0x9ea>
80000f62:	2d2d                	jal	8000159c <CLASS_NAMES+0x9ec>
80000f64:	2d2d                	jal	8000159e <CLASS_NAMES+0x9ee>
80000f66:	2d2d                	jal	800015a0 <CLASS_NAMES+0x9f0>
80000f68:	2d2d                	jal	800015a2 <CLASS_NAMES+0x9f2>
80000f6a:	2d2d                	jal	800015a4 <CLASS_NAMES+0x9f4>
80000f6c:	2d2d                	jal	800015a6 <CLASS_NAMES+0x9f6>
80000f6e:	2d2d                	jal	800015a8 <CLASS_NAMES+0x9f8>
80000f70:	2d2d                	jal	800015aa <CLASS_NAMES+0x9fa>
80000f72:	2d2d                	jal	800015ac <CLASS_NAMES+0x9fc>
80000f74:	2d2d                	jal	800015ae <CLASS_NAMES+0x9fe>
80000f76:	2d2d                	jal	800015b0 <CLASS_NAMES+0xa00>
80000f78:	2d2d                	jal	800015b2 <CLASS_NAMES+0xa02>
80000f7a:	2d2d                	jal	800015b4 <CLASS_NAMES+0xa04>
80000f7c:	0d2d                	addi	s10,s10,11
80000f7e:	000a                	c.slli	zero,0x2
80000f80:	5d42545b          	.4byte	0x5d42545b
80000f84:	4120                	lw	s0,64(a0)
80000f86:	4556                	lw	a0,84(sp)
80000f88:	4152                	lw	sp,20(sp)
80000f8a:	41204547          	.4byte	0x41204547
80000f8e:	52554343          	.4byte	0x52554343
80000f92:	4341                	li	t1,16
80000f94:	2059                	jal	8000101a <CLASS_NAMES+0x46a>
80000f96:	3628                	.2byte	0x3628
80000f98:	4320                	lw	s0,64(a4)
80000f9a:	414c                	lw	a1,4(a0)
80000f9c:	53455353          	.4byte	0x53455353
80000fa0:	3a29                	jal	800008ba <main+0x2bc>
80000fa2:	0020                	addi	s0,sp,8

Disassembly of section .riscv.attributes:

00000000 <.riscv.attributes>:
   0:	2e41                	jal	390 <_prog_start-0x7ffffc70>
   2:	0000                	unimp
   4:	7200                	.2byte	0x7200
   6:	7369                	lui	t1,0xffffa
   8:	01007663          	bgeu	zero,a6,14 <_prog_start-0x7fffffec>
   c:	0024                	addi	s1,sp,8
   e:	0000                	unimp
  10:	1004                	addi	s1,sp,32
  12:	7205                	lui	tp,0xfffe1
  14:	3376                	.2byte	0x3376
  16:	6932                	.2byte	0x6932
  18:	7032                	.2byte	0x7032
  1a:	5f30                	lw	a2,120(a4)
  1c:	326d                	jal	fffff9c6 <CLASS_NAMES+0x7fffee16>
  1e:	3070                	.2byte	0x3070
  20:	615f 7032 5f30      	.byte	0x5f, 0x61, 0x32, 0x70, 0x30, 0x5f
  26:	30703263          	.4byte	0x30703263
  2a:	0800                	addi	s0,sp,16
  2c:	0a01                	addi	s4,s4,0
  2e:	0b              	Address 0x000000000000002e is out of bounds.


Disassembly of section .comment:

00000000 <.comment>:
   0:	3a434347          	.4byte	0x3a434347
   4:	2820                	.2byte	0x2820
   6:	65653267          	.4byte	0x65653267
   a:	6535                	lui	a0,0xd
   c:	3334                	.2byte	0x3334
   e:	3030                	.2byte	0x3030
  10:	3831                	jal	fffff82c <CLASS_NAMES+0x7fffec7c>
  12:	2029                	jal	1c <_prog_start-0x7fffffe4>
  14:	3231                	jal	fffff920 <CLASS_NAMES+0x7fffed70>
  16:	322e                	.2byte	0x322e
  18:	302e                	.2byte	0x302e
	...

Disassembly of section .debug_line:

00000000 <.debug_line>:
   0:	007c                	addi	a5,sp,12
   2:	0000                	unimp
   4:	0005                	c.nop	1
   6:	0004                	.2byte	0x4
   8:	002e                	c.slli	zero,0xb
   a:	0000                	unimp
   c:	0101                	addi	sp,sp,0
   e:	fb01                	bnez	a4,ffffff1e <CLASS_NAMES+0x7ffff36e>
  10:	0d0e                	slli	s10,s10,0x3
  12:	0100                	addi	s0,sp,128
  14:	0101                	addi	sp,sp,0
  16:	0001                	nop
  18:	0000                	unimp
  1a:	0001                	nop
  1c:	0100                	addi	s0,sp,128
  1e:	0101                	addi	sp,sp,0
  20:	021f 0000 0000      	.byte	0x1f, 0x02, 0x00, 0x00, 0x00, 0x00
  26:	002d                	c.nop	11
  28:	0000                	unimp
  2a:	0102                	c.slli64	sp
  2c:	021f 020f 005e      	.byte	0x1f, 0x02, 0x0f, 0x02, 0x5e, 0x00
  32:	0000                	unimp
  34:	5e01                	li	t3,-32
  36:	0000                	unimp
  38:	0100                	addi	s0,sp,128
  3a:	0500                	addi	s0,sp,640
  3c:	0002                	c.slli64	zero
  3e:	0000                	unimp
  40:	0380                	addi	s0,sp,448
  42:	010a                	slli	sp,sp,0x2
  44:	04090103          	lb	sp,64(s2) # 13040 <_prog_start-0x7ffecfc0>
  48:	0100                	addi	s0,sp,128
  4a:	04090103          	lb	sp,64(s2)
  4e:	0100                	addi	s0,sp,128
  50:	04090103          	lb	sp,64(s2)
  54:	0100                	addi	s0,sp,128
  56:	08090103          	lb	sp,128(s2)
  5a:	0100                	addi	s0,sp,128
  5c:	04090103          	lb	sp,64(s2)
  60:	0100                	addi	s0,sp,128
  62:	02090103          	lb	sp,32(s2)
  66:	0100                	addi	s0,sp,128
  68:	04090103          	lb	sp,64(s2)
  6c:	0100                	addi	s0,sp,128
  6e:	04090203          	lb	tp,64(s2)
  72:	0100                	addi	s0,sp,128
  74:	04090203          	lb	tp,64(s2)
  78:	0100                	addi	s0,sp,128
  7a:	0409                	addi	s0,s0,2 # 19002 <_prog_start-0x7ffe6ffe>
  7c:	0000                	unimp
  7e:	0101                	addi	sp,sp,0
  80:	0388                	addi	a0,sp,448
  82:	0000                	unimp
  84:	0005                	c.nop	1
  86:	0004                	.2byte	0x4
  88:	0052                	c.slli	zero,0x14
  8a:	0000                	unimp
  8c:	0101                	addi	sp,sp,0
  8e:	fb01                	bnez	a4,ffffff9e <CLASS_NAMES+0x7ffff3ee>
  90:	0d0e                	slli	s10,s10,0x3
  92:	0100                	addi	s0,sp,128
  94:	0101                	addi	sp,sp,0
  96:	0001                	nop
  98:	0000                	unimp
  9a:	0001                	nop
  9c:	0100                	addi	s0,sp,128
  9e:	0101                	addi	sp,sp,0
  a0:	061f 0000 0000      	.byte	0x1f, 0x06, 0x00, 0x00, 0x00, 0x00
  a6:	002d                	c.nop	11
  a8:	0000                	unimp
  aa:	00a0                	addi	s0,sp,72
  ac:	0000                	unimp
  ae:	00d5                	addi	ra,ra,21
  b0:	0000                	unimp
  b2:	00000137          	lui	sp,0x0
  b6:	0192                	slli	gp,gp,0x4
  b8:	0000                	unimp
  ba:	0102                	c.slli64	sp
  bc:	021f 060f 0096      	.byte	0x1f, 0x02, 0x0f, 0x06, 0x96, 0x00
  c2:	0000                	unimp
  c4:	e901                	bnez	a0,d4 <_prog_start-0x7fffff2c>
  c6:	0001                	nop
  c8:	0200                	addi	s0,sp,256
  ca:	0096                	slli	ra,ra,0x5
  cc:	0000                	unimp
  ce:	f301                	bnez	a4,ffffffce <CLASS_NAMES+0x7ffff41e>
  d0:	0001                	nop
  d2:	0300                	addi	s0,sp,384
  d4:	01fc                	addi	a5,sp,204
  d6:	0000                	unimp
  d8:	0d04                	addi	s1,sp,656
  da:	0002                	c.slli64	zero
  dc:	0500                	addi	s0,sp,640
  de:	0105                	addi	sp,sp,1 # 1 <_prog_start-0x7fffffff>
  e0:	0500                	addi	s0,sp,640
  e2:	2a02                	.2byte	0x2a02
  e4:	0000                	unimp
  e6:	0380                	addi	s0,sp,448
  e8:	0115                	addi	sp,sp,5
  ea:	1505                	addi	a0,a0,-31 # cfe1 <_prog_start-0x7fff301f>
  ec:	0c090103          	lb	sp,192(s2)
  f0:	0100                	addi	s0,sp,128
  f2:	0305                	addi	t1,t1,1 # ffffa001 <CLASS_NAMES+0x7fff9451>
  f4:	0200                	addi	s0,sp,256
  f6:	0104                	addi	s1,sp,128
  f8:	08090403          	lb	s0,128(s2)
  fc:	0100                	addi	s0,sp,128
  fe:	0d05                	addi	s10,s10,1
 100:	0200                	addi	s0,sp,256
 102:	0104                	addi	s1,sp,128
 104:	16090403          	lb	s0,352(s2)
 108:	0100                	addi	s0,sp,128
 10a:	0105                	addi	sp,sp,1
 10c:	08090503          	lb	a0,128(s2)
 110:	0100                	addi	s0,sp,128
 112:	0204                	addi	s1,sp,256
 114:	0a096503          	.4byte	0xa096503
 118:	0100                	addi	s0,sp,128
 11a:	0205                	addi	tp,tp,1 # fffe1001 <CLASS_NAMES+0x7ffe0451>
 11c:	0c090203          	lb	tp,192(s2)
 120:	0100                	addi	s0,sp,128
 122:	0305                	addi	t1,t1,1
 124:	0200                	addi	s0,sp,256
 126:	0204                	addi	s1,sp,256
 128:	02090103          	lb	sp,32(s2)
 12c:	0100                	addi	s0,sp,128
 12e:	1c05                	addi	s8,s8,-31 # 1cfe1 <_prog_start-0x7ffe301f>
 130:	0200                	addi	s0,sp,256
 132:	0204                	addi	s1,sp,256
 134:	08097f03          	.4byte	0x8097f03
 138:	0100                	addi	s0,sp,128
 13a:	0c05                	addi	s8,s8,1
 13c:	0200                	addi	s0,sp,256
 13e:	0104                	addi	s1,sp,128
 140:	0a090003          	lb	zero,160(s2)
 144:	0100                	addi	s0,sp,128
 146:	1205                	addi	tp,tp,-31 # ffffffe1 <CLASS_NAMES+0x7ffff431>
 148:	0200                	addi	s0,sp,256
 14a:	0104                	addi	s1,sp,128
 14c:	0c090003          	lb	zero,192(s2)
 150:	0100                	addi	s0,sp,128
 152:	0105                	addi	sp,sp,1
 154:	06090203          	lb	tp,96(s2)
 158:	0100                	addi	s0,sp,128
 15a:	0c090303          	lb	t1,192(s2)
 15e:	0100                	addi	s0,sp,128
 160:	0205                	addi	tp,tp,1 # 1 <_prog_start-0x7fffffff>
 162:	0c090103          	lb	sp,192(s2)
 166:	0100                	addi	s0,sp,128
 168:	06090103          	lb	sp,96(s2)
 16c:	0100                	addi	s0,sp,128
 16e:	04090103          	lb	sp,64(s2)
 172:	0100                	addi	s0,sp,128
 174:	0105                	addi	sp,sp,1
 176:	04090103          	lb	sp,64(s2)
 17a:	0100                	addi	s0,sp,128
 17c:	0a090303          	lb	t1,160(s2)
 180:	0100                	addi	s0,sp,128
 182:	0205                	addi	tp,tp,1 # 1 <_prog_start-0x7fffffff>
 184:	1e090503          	lb	a0,480(s2)
 188:	0100                	addi	s0,sp,128
 18a:	0c05                	addi	s8,s8,1
 18c:	12090103          	lb	sp,288(s2)
 190:	0100                	addi	s0,sp,128
 192:	0a05                	addi	s4,s4,1
 194:	04090103          	lb	sp,64(s2)
 198:	0100                	addi	s0,sp,128
 19a:	04090103          	lb	sp,64(s2)
 19e:	0100                	addi	s0,sp,128
 1a0:	0805                	addi	a6,a6,1 # ffff1001 <CLASS_NAMES+0x7fff0451>
 1a2:	04090103          	lb	sp,64(s2)
 1a6:	0100                	addi	s0,sp,128
 1a8:	0605                	addi	a2,a2,1
 1aa:	02090103          	lb	sp,32(s2)
 1ae:	0100                	addi	s0,sp,128
 1b0:	0405                	addi	s0,s0,1
 1b2:	08090103          	lb	sp,128(s2)
 1b6:	0100                	addi	s0,sp,128
 1b8:	0705                	addi	a4,a4,1
 1ba:	2a090303          	lb	t1,672(s2)
 1be:	0100                	addi	s0,sp,128
 1c0:	0e05                	addi	t3,t3,1 # 18001 <_prog_start-0x7ffe7fff>
 1c2:	12090203          	lb	tp,288(s2)
 1c6:	0100                	addi	s0,sp,128
 1c8:	0505                	addi	a0,a0,1
 1ca:	04090003          	lb	zero,64(s2)
 1ce:	0100                	addi	s0,sp,128
 1d0:	2805                	jal	200 <_prog_start-0x7ffffe00>
 1d2:	0200                	addi	s0,sp,256
 1d4:	0304                	addi	s1,sp,384
 1d6:	02090003          	lb	zero,32(s2)
 1da:	0100                	addi	s0,sp,128
 1dc:	1f05                	addi	t5,t5,-31
 1de:	0200                	addi	s0,sp,256
 1e0:	0304                	addi	s1,sp,384
 1e2:	0c090003          	lb	zero,192(s2)
 1e6:	0100                	addi	s0,sp,128
 1e8:	1705                	addi	a4,a4,-31
 1ea:	0200                	addi	s0,sp,256
 1ec:	0104                	addi	s1,sp,128
 1ee:	0a090003          	lb	zero,160(s2)
 1f2:	0100                	addi	s0,sp,128
 1f4:	0805                	addi	a6,a6,1
 1f6:	0c090103          	lb	sp,192(s2)
 1fa:	0100                	addi	s0,sp,128
 1fc:	0605                	addi	a2,a2,1
 1fe:	06090103          	lb	sp,96(s2)
 202:	0100                	addi	s0,sp,128
 204:	06090103          	lb	sp,96(s2)
 208:	0100                	addi	s0,sp,128
 20a:	0f05                	addi	t5,t5,1
 20c:	02090303          	lb	t1,32(s2)
 210:	0100                	addi	s0,sp,128
 212:	0605                	addi	a2,a2,1
 214:	08090003          	lb	zero,128(s2)
 218:	0100                	addi	s0,sp,128
 21a:	2d05                	jal	84a <_prog_start-0x7ffff7b6>
 21c:	0200                	addi	s0,sp,256
 21e:	0304                	addi	s1,sp,384
 220:	02090003          	lb	zero,32(s2)
 224:	0100                	addi	s0,sp,128
 226:	2b05                	jal	756 <_prog_start-0x7ffff8aa>
 228:	0200                	addi	s0,sp,256
 22a:	0304                	addi	s1,sp,384
 22c:	06090003          	lb	zero,96(s2)
 230:	0100                	addi	s0,sp,128
 232:	2805                	jal	262 <_prog_start-0x7ffffd9e>
 234:	0200                	addi	s0,sp,256
 236:	0304                	addi	s1,sp,384
 238:	08090003          	lb	zero,128(s2)
 23c:	0100                	addi	s0,sp,128
 23e:	1f05                	addi	t5,t5,-31
 240:	0200                	addi	s0,sp,256
 242:	0304                	addi	s1,sp,384
 244:	0c090003          	lb	zero,192(s2)
 248:	0100                	addi	s0,sp,128
 24a:	1905                	addi	s2,s2,-31
 24c:	0200                	addi	s0,sp,256
 24e:	0104                	addi	s1,sp,128
 250:	0a090003          	lb	zero,160(s2)
 254:	0100                	addi	s0,sp,128
 256:	1505                	addi	a0,a0,-31
 258:	08090103          	lb	sp,128(s2)
 25c:	0100                	addi	s0,sp,128
 25e:	1105                	addi	sp,sp,-31
 260:	0a090003          	lb	zero,160(s2)
 264:	0100                	addi	s0,sp,128
 266:	0b05                	addi	s6,s6,1
 268:	0c090003          	lb	zero,192(s2)
 26c:	0100                	addi	s0,sp,128
 26e:	0805                	addi	a6,a6,1
 270:	04090103          	lb	sp,64(s2)
 274:	0100                	addi	s0,sp,128
 276:	0d05                	addi	s10,s10,1
 278:	0e097d03          	.4byte	0xe097d03
 27c:	0100                	addi	s0,sp,128
 27e:	0e05                	addi	t3,t3,1
 280:	06090503          	lb	a0,96(s2)
 284:	0100                	addi	s0,sp,128
 286:	0505                	addi	a0,a0,1
 288:	04090003          	lb	zero,64(s2)
 28c:	0100                	addi	s0,sp,128
 28e:	2505                	jal	8ae <_prog_start-0x7ffff752>
 290:	0200                	addi	s0,sp,256
 292:	0304                	addi	s1,sp,384
 294:	02090003          	lb	zero,32(s2)
 298:	0100                	addi	s0,sp,128
 29a:	2105                	jal	6ba <_prog_start-0x7ffff946>
 29c:	0200                	addi	s0,sp,256
 29e:	0304                	addi	s1,sp,384
 2a0:	10090003          	lb	zero,256(s2)
 2a4:	0100                	addi	s0,sp,128
 2a6:	1605                	addi	a2,a2,-31
 2a8:	0200                	addi	s0,sp,256
 2aa:	0104                	addi	s1,sp,128
 2ac:	0a090003          	lb	zero,160(s2)
 2b0:	0100                	addi	s0,sp,128
 2b2:	1a05                	addi	s4,s4,-31
 2b4:	0200                	addi	s0,sp,256
 2b6:	0104                	addi	s1,sp,128
 2b8:	0c090003          	lb	zero,192(s2)
 2bc:	0100                	addi	s0,sp,128
 2be:	0505                	addi	a0,a0,1
 2c0:	02090103          	lb	sp,32(s2)
 2c4:	0100                	addi	s0,sp,128
 2c6:	0d05                	addi	s10,s10,1
 2c8:	0200                	addi	s0,sp,256
 2ca:	0104                	addi	s1,sp,128
 2cc:	02090203          	lb	tp,32(s2)
 2d0:	0100                	addi	s0,sp,128
 2d2:	0805                	addi	a6,a6,1
 2d4:	08090503          	lb	a0,128(s2)
 2d8:	0100                	addi	s0,sp,128
 2da:	06090103          	lb	sp,96(s2)
 2de:	0100                	addi	s0,sp,128
 2e0:	12090103          	lb	sp,288(s2)
 2e4:	0100                	addi	s0,sp,128
 2e6:	08090203          	lb	tp,128(s2)
 2ea:	0100                	addi	s0,sp,128
 2ec:	1605                	addi	a2,a2,-31
 2ee:	12090103          	lb	sp,288(s2)
 2f2:	0100                	addi	s0,sp,128
 2f4:	0200                	addi	s0,sp,256
 2f6:	0104                	addi	s1,sp,128
 2f8:	0306                	slli	t1,t1,0x1
 2fa:	0900                	addi	s0,sp,144
 2fc:	0006                	c.slli	zero,0x1
 2fe:	0001                	nop
 300:	0402                	c.slli64	s0
 302:	0302                	c.slli64	t1
 304:	0900                	addi	s0,sp,144
 306:	0004                	.2byte	0x4
 308:	0501                	addi	a0,a0,0
 30a:	0008                	.2byte	0x8
 30c:	0402                	c.slli64	s0
 30e:	0604                	addi	s1,sp,768
 310:	02090003          	lb	zero,32(s2)
 314:	0100                	addi	s0,sp,128
 316:	0505                	addi	a0,a0,1
 318:	0200                	addi	s0,sp,256
 31a:	0404                	addi	s1,sp,512
 31c:	04090203          	lb	tp,64(s2)
 320:	0100                	addi	s0,sp,128
 322:	0d05                	addi	s10,s10,1
 324:	02090203          	lb	tp,32(s2)
 328:	0100                	addi	s0,sp,128
 32a:	0805                	addi	a6,a6,1
 32c:	0c090003          	lb	zero,192(s2)
 330:	0100                	addi	s0,sp,128
 332:	0605                	addi	a2,a2,1
 334:	06090103          	lb	sp,96(s2)
 338:	0100                	addi	s0,sp,128
 33a:	1905                	addi	s2,s2,-31
 33c:	0200                	addi	s0,sp,256
 33e:	0104                	addi	s1,sp,128
 340:	0a090003          	lb	zero,160(s2)
 344:	0100                	addi	s0,sp,128
 346:	0605                	addi	a2,a2,1
 348:	0200                	addi	s0,sp,256
 34a:	0104                	addi	s1,sp,128
 34c:	08090003          	lb	zero,128(s2)
 350:	0100                	addi	s0,sp,128
 352:	2705                	jal	a72 <_prog_start-0x7ffff58e>
 354:	0200                	addi	s0,sp,256
 356:	0204                	addi	s1,sp,256
 358:	0a090003          	lb	zero,160(s2)
 35c:	0100                	addi	s0,sp,128
 35e:	0605                	addi	a2,a2,1
 360:	0200                	addi	s0,sp,256
 362:	0204                	addi	s1,sp,256
 364:	08090003          	lb	zero,128(s2)
 368:	0100                	addi	s0,sp,128
 36a:	0200                	addi	s0,sp,256
 36c:	0404                	addi	s1,sp,512
 36e:	0306                	slli	t1,t1,0x1
 370:	0900                	addi	s0,sp,144
 372:	0008                	.2byte	0x8
 374:	0501                	addi	a0,a0,0
 376:	0016                	c.slli	zero,0x5
 378:	0402                	c.slli64	s0
 37a:	0604                	addi	s1,sp,768
 37c:	04097d03          	.4byte	0x4097d03
 380:	0100                	addi	s0,sp,128
 382:	0e05                	addi	t3,t3,1
 384:	0200                	addi	s0,sp,256
 386:	0104                	addi	s1,sp,128
 388:	0a090003          	lb	zero,160(s2)
 38c:	0100                	addi	s0,sp,128
 38e:	0505                	addi	a0,a0,1
 390:	08090503          	lb	a0,128(s2)
 394:	0100                	addi	s0,sp,128
 396:	02090303          	lb	t1,32(s2)
 39a:	0100                	addi	s0,sp,128
 39c:	12090103          	lb	sp,288(s2)
 3a0:	0100                	addi	s0,sp,128
 3a2:	0b05                	addi	s6,s6,1
 3a4:	02090203          	lb	tp,32(s2)
 3a8:	0100                	addi	s0,sp,128
 3aa:	0505                	addi	a0,a0,1
 3ac:	0e090003          	lb	zero,224(s2)
 3b0:	0100                	addi	s0,sp,128
 3b2:	08090103          	lb	sp,128(s2)
 3b6:	0100                	addi	s0,sp,128
 3b8:	0e05                	addi	t3,t3,1
 3ba:	02090203          	lb	tp,32(s2)
 3be:	0100                	addi	s0,sp,128
 3c0:	0c05                	addi	s8,s8,1
 3c2:	04090103          	lb	sp,64(s2)
 3c6:	0100                	addi	s0,sp,128
 3c8:	04090103          	lb	sp,64(s2)
 3cc:	0100                	addi	s0,sp,128
 3ce:	0d05                	addi	s10,s10,1
 3d0:	06090103          	lb	sp,96(s2)
 3d4:	0100                	addi	s0,sp,128
 3d6:	0e05                	addi	t3,t3,1
 3d8:	0c090103          	lb	sp,192(s2)
 3dc:	0100                	addi	s0,sp,128
 3de:	0405                	addi	s0,s0,1
 3e0:	08090203          	lb	tp,128(s2)
 3e4:	0100                	addi	s0,sp,128
 3e6:	1205                	addi	tp,tp,-31 # ffffffe1 <CLASS_NAMES+0x7ffff431>
 3e8:	08094c03          	lbu	s8,128(s2)
 3ec:	0100                	addi	s0,sp,128
 3ee:	0c05                	addi	s8,s8,1
 3f0:	0c090003          	lb	zero,192(s2)
 3f4:	0100                	addi	s0,sp,128
 3f6:	1605                	addi	a2,a2,-31
 3f8:	08090003          	lb	zero,128(s2)
 3fc:	0100                	addi	s0,sp,128
 3fe:	0105                	addi	sp,sp,1
 400:	08093803          	.4byte	0x8093803
 404:	0100                	addi	s0,sp,128
 406:	0c09                	addi	s8,s8,2
 408:	0000                	unimp
 40a:	0101                	addi	sp,sp,0
 40c:	0a26                	slli	s4,s4,0x9
 40e:	0000                	unimp
 410:	0005                	c.nop	1
 412:	0004                	.2byte	0x4
 414:	0049                	c.nop	18
 416:	0000                	unimp
 418:	0101                	addi	sp,sp,0
 41a:	fb01                	bnez	a4,32a <_prog_start-0x7ffffcd6>
 41c:	0d0e                	slli	s10,s10,0x3
 41e:	0100                	addi	s0,sp,128
 420:	0101                	addi	sp,sp,0
 422:	0001                	nop
 424:	0000                	unimp
 426:	0001                	nop
 428:	0100                	addi	s0,sp,128
 42a:	0101                	addi	sp,sp,0
 42c:	051f 0000 0000      	.byte	0x1f, 0x05, 0x00, 0x00, 0x00, 0x00
 432:	002d                	c.nop	11
 434:	0000                	unimp
 436:	00000137          	lui	sp,0x0
 43a:	0192                	slli	gp,gp,0x4
 43c:	0000                	unimp
 43e:	00a0                	addi	s0,sp,72
 440:	0000                	unimp
 442:	0102                	c.slli64	sp
 444:	021f 050f 0248      	.byte	0x1f, 0x02, 0x0f, 0x05, 0x48, 0x02
 44a:	0000                	unimp
 44c:	4801                	li	a6,0
 44e:	0002                	c.slli64	zero
 450:	0100                	addi	s0,sp,128
 452:	01fc                	addi	a5,sp,204
 454:	0000                	unimp
 456:	0d02                	c.slli64	s10
 458:	0002                	c.slli64	zero
 45a:	0300                	addi	s0,sp,384
 45c:	01e9                	addi	gp,gp,26
 45e:	0000                	unimp
 460:	0504                	addi	s1,sp,640
 462:	0019                	c.nop	6
 464:	0205                	addi	tp,tp,1 # 1 <_prog_start-0x7fffffff>
 466:	0334                	addi	a3,sp,392
 468:	8000                	.2byte	0x8000
 46a:	05012303          	lw	t1,80(sp) # 50 <_prog_start-0x7fffffb0>
 46e:	0308                	addi	a0,sp,384
 470:	0901                	addi	s2,s2,0
 472:	000c                	.2byte	0xc
 474:	0501                	addi	a0,a0,0
 476:	0014                	.2byte	0x14
 478:	0402                	c.slli64	s0
 47a:	0301                	addi	t1,t1,0
 47c:	0900                	addi	s0,sp,144
 47e:	0008                	.2byte	0x8
 480:	0501                	addi	a0,a0,0
 482:	0026                	c.slli	zero,0x9
 484:	0402                	c.slli64	s0
 486:	0301                	addi	t1,t1,0
 488:	0900                	addi	s0,sp,144
 48a:	000a                	c.slli	zero,0x2
 48c:	0501                	addi	a0,a0,0
 48e:	0309                	addi	t1,t1,2
 490:	0901                	addi	s2,s2,0
 492:	000c                	.2byte	0xc
 494:	0501                	addi	a0,a0,0
 496:	0308                	addi	a0,sp,384
 498:	0900                	addi	s0,sp,144
 49a:	0008                	.2byte	0x8
 49c:	0501                	addi	a0,a0,0
 49e:	04020013          	addi	zero,tp,64 # 40 <_prog_start-0x7fffffc0>
 4a2:	0301                	addi	t1,t1,0
 4a4:	0900                	addi	s0,sp,144
 4a6:	0006                	c.slli	zero,0x1
 4a8:	0501                	addi	a0,a0,0
 4aa:	0319                	addi	t1,t1,6
 4ac:	0901                	addi	s2,s2,0
 4ae:	000e                	c.slli	zero,0x3
 4b0:	0501                	addi	a0,a0,0
 4b2:	0312                	slli	t1,t1,0x4
 4b4:	0900                	addi	s0,sp,144
 4b6:	000a                	c.slli	zero,0x2
 4b8:	0501                	addi	a0,a0,0
 4ba:	030a                	slli	t1,t1,0x2
 4bc:	0900                	addi	s0,sp,144
 4be:	0004                	.2byte	0x4
 4c0:	0501                	addi	a0,a0,0
 4c2:	0305                	addi	t1,t1,1
 4c4:	0901                	addi	s2,s2,0
 4c6:	0008                	.2byte	0x8
 4c8:	0501                	addi	a0,a0,0
 4ca:	0301                	addi	t1,t1,0
 4cc:	0901                	addi	s2,s2,0
 4ce:	0010                	.2byte	0x10
 4d0:	0501                	addi	a0,a0,0
 4d2:	0320                	addi	s0,sp,392
 4d4:	0902                	c.slli64	s2
 4d6:	000a                	c.slli	zero,0x2
 4d8:	0501                	addi	a0,a0,0
 4da:	030a                	slli	t1,t1,0x2
 4dc:	0901                	addi	s2,s2,0
 4de:	000c                	.2byte	0xc
 4e0:	0501                	addi	a0,a0,0
 4e2:	0305                	addi	t1,t1,1
 4e4:	0901                	addi	s2,s2,0
 4e6:	0028                	addi	a0,sp,8
 4e8:	0501                	addi	a0,a0,0
 4ea:	030e                	slli	t1,t1,0x3
 4ec:	0901                	addi	s2,s2,0
 4ee:	000a                	c.slli	zero,0x2
 4f0:	0501                	addi	a0,a0,0
 4f2:	0305                	addi	t1,t1,1
 4f4:	0900                	addi	s0,sp,144
 4f6:	0006                	c.slli	zero,0x1
 4f8:	0501                	addi	a0,a0,0
 4fa:	002c                	addi	a1,sp,8
 4fc:	0402                	c.slli64	s0
 4fe:	09010303          	lb	t1,144(sp)
 502:	0002                	c.slli64	zero
 504:	0501                	addi	a0,a0,0
 506:	0026                	c.slli	zero,0x9
 508:	0402                	c.slli64	s0
 50a:	09000303          	lb	t1,144(zero) # 90 <_prog_start-0x7fffff70>
 50e:	0006                	c.slli	zero,0x1
 510:	0501                	addi	a0,a0,0
 512:	0032                	c.slli	zero,0xc
 514:	0402                	c.slli64	s0
 516:	09000303          	lb	t1,144(zero) # 90 <_prog_start-0x7fffff70>
 51a:	0008                	.2byte	0x8
 51c:	0501                	addi	a0,a0,0
 51e:	0020                	addi	s0,sp,8
 520:	0402                	c.slli64	s0
 522:	09000303          	lb	t1,144(zero) # 90 <_prog_start-0x7fffff70>
 526:	0002                	c.slli64	zero
 528:	0501                	addi	a0,a0,0
 52a:	0009                	c.nop	2
 52c:	0402                	c.slli64	s0
 52e:	09000303          	lb	t1,144(zero) # 90 <_prog_start-0x7fffff70>
 532:	0008                	.2byte	0x8
 534:	0501                	addi	a0,a0,0
 536:	001e                	c.slli	zero,0x7
 538:	0402                	c.slli64	s0
 53a:	097f0303          	lb	t1,151(t5)
 53e:	000c                	.2byte	0xc
 540:	0501                	addi	a0,a0,0
 542:	04020017          	auipc	zero,0x4020
 546:	0301                	addi	t1,t1,0
 548:	0900                	addi	s0,sp,144
 54a:	000a                	c.slli	zero,0x2
 54c:	0501                	addi	a0,a0,0
 54e:	0301                	addi	t1,t1,0
 550:	00080903          	lb	s2,0(a6)
 554:	0501                	addi	a0,a0,0
 556:	0332                	slli	t1,t1,0xc
 558:	0902                	c.slli64	s2
 55a:	000c                	.2byte	0xc
 55c:	0501                	addi	a0,a0,0
 55e:	0305                	addi	t1,t1,1
 560:	0902                	c.slli64	s2
 562:	000a                	c.slli	zero,0x2
 564:	0501                	addi	a0,a0,0
 566:	0309                	addi	t1,t1,2
 568:	00080903          	lb	s2,0(a6)
 56c:	0501                	addi	a0,a0,0
 56e:	031a                	slli	t1,t1,0x6
 570:	0901                	addi	s2,s2,0
 572:	0008                	.2byte	0x8
 574:	0501                	addi	a0,a0,0
 576:	030c                	addi	a1,sp,384
 578:	0900                	addi	s0,sp,144
 57a:	000c                	.2byte	0xc
 57c:	0501                	addi	a0,a0,0
 57e:	097d030f          	.4byte	0x97d030f
 582:	0008                	.2byte	0x8
 584:	0501                	addi	a0,a0,0
 586:	0332                	slli	t1,t1,0xc
 588:	00020903          	lb	s2,0(tp) # 0 <_prog_start-0x80000000>
 58c:	0501                	addi	a0,a0,0
 58e:	0301                	addi	t1,t1,0
 590:	0902                	c.slli64	s2
 592:	0002                	c.slli64	zero
 594:	0501                	addi	a0,a0,0
 596:	032e                	slli	t1,t1,0xb
 598:	0902                	c.slli64	s2
 59a:	0008                	.2byte	0x8
 59c:	0501                	addi	a0,a0,0
 59e:	0305                	addi	t1,t1,1
 5a0:	0902                	c.slli64	s2
 5a2:	000c                	.2byte	0xc
 5a4:	0501                	addi	a0,a0,0
 5a6:	0320                	addi	s0,sp,392
 5a8:	0900                	addi	s0,sp,144
 5aa:	0008                	.2byte	0x8
 5ac:	0501                	addi	a0,a0,0
 5ae:	000e                	c.slli	zero,0x3
 5b0:	0402                	c.slli64	s0
 5b2:	0301                	addi	t1,t1,0
 5b4:	0901                	addi	s2,s2,0
 5b6:	0006                	c.slli	zero,0x1
 5b8:	0501                	addi	a0,a0,0
 5ba:	000c                	.2byte	0xc
 5bc:	0402                	c.slli64	s0
 5be:	0301                	addi	t1,t1,0
 5c0:	0900                	addi	s0,sp,144
 5c2:	000a                	c.slli	zero,0x2
 5c4:	0501                	addi	a0,a0,0
 5c6:	0035                	c.nop	13
 5c8:	0402                	c.slli64	s0
 5ca:	0301                	addi	t1,t1,0
 5cc:	0900                	addi	s0,sp,144
 5ce:	0004                	.2byte	0x4
 5d0:	0501                	addi	a0,a0,0
 5d2:	030c                	addi	a1,sp,384
 5d4:	0901                	addi	s2,s2,0
 5d6:	0008                	.2byte	0x8
 5d8:	0501                	addi	a0,a0,0
 5da:	0301                	addi	t1,t1,0
 5dc:	0901                	addi	s2,s2,0
 5de:	0008                	.2byte	0x8
 5e0:	0501                	addi	a0,a0,0
 5e2:	0902033b          	.4byte	0x902033b
 5e6:	0008                	.2byte	0x8
 5e8:	0501                	addi	a0,a0,0
 5ea:	0305                	addi	t1,t1,1
 5ec:	0901                	addi	s2,s2,0
 5ee:	0012                	c.slli	zero,0x4
 5f0:	0501                	addi	a0,a0,0
 5f2:	0320                	addi	s0,sp,392
 5f4:	0900                	addi	s0,sp,144
 5f6:	0006                	c.slli	zero,0x1
 5f8:	0501                	addi	a0,a0,0
 5fa:	0305                	addi	t1,t1,1
 5fc:	0901                	addi	s2,s2,0
 5fe:	0004                	.2byte	0x4
 600:	0301                	addi	t1,t1,0
 602:	0902                	c.slli64	s2
 604:	0006                	c.slli	zero,0x1
 606:	0501                	addi	a0,a0,0
 608:	031d                	addi	t1,t1,7
 60a:	0901                	addi	s2,s2,0
 60c:	0006                	c.slli	zero,0x1
 60e:	0501                	addi	a0,a0,0
 610:	0305                	addi	t1,t1,1
 612:	0900                	addi	s0,sp,144
 614:	0006                	c.slli	zero,0x1
 616:	0501                	addi	a0,a0,0
 618:	033d                	addi	t1,t1,15
 61a:	0900                	addi	s0,sp,144
 61c:	0008                	.2byte	0x8
 61e:	0501                	addi	a0,a0,0
 620:	0325                	addi	t1,t1,9
 622:	0900                	addi	s0,sp,144
 624:	0006                	c.slli	zero,0x1
 626:	0501                	addi	a0,a0,0
 628:	031d                	addi	t1,t1,7
 62a:	0901                	addi	s2,s2,0
 62c:	0008                	.2byte	0x8
 62e:	0501                	addi	a0,a0,0
 630:	0305                	addi	t1,t1,1
 632:	0900                	addi	s0,sp,144
 634:	0006                	c.slli	zero,0x1
 636:	0501                	addi	a0,a0,0
 638:	0325                	addi	t1,t1,9
 63a:	0900                	addi	s0,sp,144
 63c:	0008                	.2byte	0x8
 63e:	0501                	addi	a0,a0,0
 640:	0305                	addi	t1,t1,1
 642:	0901                	addi	s2,s2,0
 644:	000c                	.2byte	0xc
 646:	0501                	addi	a0,a0,0
 648:	09020313          	addi	t1,tp,144 # 90 <_prog_start-0x7fffff70>
 64c:	0006                	c.slli	zero,0x1
 64e:	0501                	addi	a0,a0,0
 650:	0901030b          	.4byte	0x901030b
 654:	000a                	c.slli	zero,0x2
 656:	0501                	addi	a0,a0,0
 658:	0030                	addi	a2,sp,8
 65a:	0402                	c.slli64	s0
 65c:	09000303          	lb	t1,144(zero) # 90 <_prog_start-0x7fffff70>
 660:	0002                	c.slli64	zero
 662:	0501                	addi	a0,a0,0
 664:	003d                	c.nop	15
 666:	0402                	c.slli64	s0
 668:	0301                	addi	t1,t1,0
 66a:	0900                	addi	s0,sp,144
 66c:	0010                	.2byte	0x10
 66e:	0501                	addi	a0,a0,0
 670:	0058                	addi	a4,sp,4
 672:	0402                	c.slli64	s0
 674:	0301                	addi	t1,t1,0
 676:	0900                	addi	s0,sp,144
 678:	0006                	c.slli	zero,0x1
 67a:	0501                	addi	a0,a0,0
 67c:	0072                	c.slli	zero,0x1c
 67e:	0402                	c.slli64	s0
 680:	0301                	addi	t1,t1,0
 682:	0900                	addi	s0,sp,144
 684:	0004                	.2byte	0x4
 686:	0501                	addi	a0,a0,0
 688:	000d                	c.nop	3
 68a:	0402                	c.slli64	s0
 68c:	0302                	c.slli64	t1
 68e:	0900                	addi	s0,sp,144
 690:	0004                	.2byte	0x4
 692:	0501                	addi	a0,a0,0
 694:	04020027          	.4byte	0x4020027
 698:	0302                	c.slli64	t1
 69a:	0900                	addi	s0,sp,144
 69c:	0008                	.2byte	0x8
 69e:	0501                	addi	a0,a0,0
 6a0:	09010307          	.4byte	0x9010307
 6a4:	0008                	.2byte	0x8
 6a6:	0501                	addi	a0,a0,0
 6a8:	0901030b          	.4byte	0x901030b
 6ac:	000a                	c.slli	zero,0x2
 6ae:	0501                	addi	a0,a0,0
 6b0:	002a                	c.slli	zero,0xa
 6b2:	0402                	c.slli64	s0
 6b4:	09000303          	lb	t1,144(zero) # 90 <_prog_start-0x7fffff70>
 6b8:	0002                	c.slli64	zero
 6ba:	0501                	addi	a0,a0,0
 6bc:	04020037          	lui	zero,0x4020
 6c0:	0301                	addi	t1,t1,0
 6c2:	0900                	addi	s0,sp,144
 6c4:	0010                	.2byte	0x10
 6c6:	0501                	addi	a0,a0,0
 6c8:	0052                	c.slli	zero,0x14
 6ca:	0402                	c.slli64	s0
 6cc:	0301                	addi	t1,t1,0
 6ce:	0900                	addi	s0,sp,144
 6d0:	0006                	c.slli	zero,0x1
 6d2:	0501                	addi	a0,a0,0
 6d4:	006c                	addi	a1,sp,12
 6d6:	0402                	c.slli64	s0
 6d8:	0301                	addi	t1,t1,0
 6da:	0900                	addi	s0,sp,144
 6dc:	0004                	.2byte	0x4
 6de:	0501                	addi	a0,a0,0
 6e0:	000c                	.2byte	0xc
 6e2:	0402                	c.slli64	s0
 6e4:	0302                	c.slli64	t1
 6e6:	0900                	addi	s0,sp,144
 6e8:	0004                	.2byte	0x4
 6ea:	0501                	addi	a0,a0,0
 6ec:	001e                	c.slli	zero,0x7
 6ee:	0402                	c.slli64	s0
 6f0:	0302                	c.slli64	t1
 6f2:	0900                	addi	s0,sp,144
 6f4:	000a                	c.slli	zero,0x2
 6f6:	0501                	addi	a0,a0,0
 6f8:	030e                	slli	t1,t1,0x3
 6fa:	0901                	addi	s2,s2,0
 6fc:	0008                	.2byte	0x8
 6fe:	0501                	addi	a0,a0,0
 700:	0305                	addi	t1,t1,1
 702:	0900                	addi	s0,sp,144
 704:	0004                	.2byte	0x4
 706:	0501                	addi	a0,a0,0
 708:	0029                	c.nop	10
 70a:	0402                	c.slli64	s0
 70c:	09000303          	lb	t1,144(zero) # 90 <_prog_start-0x7fffff70>
 710:	0002                	c.slli64	zero
 712:	0501                	addi	a0,a0,0
 714:	0402002f          	.4byte	0x402002f
 718:	09000303          	lb	t1,144(zero) # 90 <_prog_start-0x7fffff70>
 71c:	000c                	.2byte	0xc
 71e:	0501                	addi	a0,a0,0
 720:	002d                	c.nop	11
 722:	0402                	c.slli64	s0
 724:	09000303          	lb	t1,144(zero) # 90 <_prog_start-0x7fffff70>
 728:	0008                	.2byte	0x8
 72a:	0501                	addi	a0,a0,0
 72c:	001f 0402 0303      	.byte	0x1f, 0x00, 0x02, 0x04, 0x03, 0x03
 732:	0900                	addi	s0,sp,144
 734:	0004                	.2byte	0x4
 736:	0501                	addi	a0,a0,0
 738:	04020017          	auipc	zero,0x4020
 73c:	0301                	addi	t1,t1,0
 73e:	0900                	addi	s0,sp,144
 740:	000a                	c.slli	zero,0x2
 742:	0501                	addi	a0,a0,0
 744:	0305                	addi	t1,t1,1
 746:	0901                	addi	s2,s2,0
 748:	000c                	.2byte	0xc
 74a:	0501                	addi	a0,a0,0
 74c:	0318                	addi	a4,sp,384
 74e:	0900                	addi	s0,sp,144
 750:	0006                	c.slli	zero,0x1
 752:	0501                	addi	a0,a0,0
 754:	0305                	addi	t1,t1,1
 756:	0902                	c.slli64	s2
 758:	0006                	c.slli	zero,0x1
 75a:	0501                	addi	a0,a0,0
 75c:	0320                	addi	s0,sp,392
 75e:	0900                	addi	s0,sp,144
 760:	0006                	c.slli	zero,0x1
 762:	0501                	addi	a0,a0,0
 764:	030d                	addi	t1,t1,3
 766:	0901                	addi	s2,s2,0
 768:	0004                	.2byte	0x4
 76a:	0501                	addi	a0,a0,0
 76c:	0305                	addi	t1,t1,1
 76e:	0900                	addi	s0,sp,144
 770:	0004                	.2byte	0x4
 772:	0501                	addi	a0,a0,0
 774:	0020                	addi	s0,sp,8
 776:	0402                	c.slli64	s0
 778:	09000303          	lb	t1,144(zero) # 90 <_prog_start-0x7fffff70>
 77c:	0002                	c.slli64	zero
 77e:	0501                	addi	a0,a0,0
 780:	001c                	.2byte	0x1c
 782:	0402                	c.slli64	s0
 784:	09000303          	lb	t1,144(zero) # 90 <_prog_start-0x7fffff70>
 788:	0006                	c.slli	zero,0x1
 78a:	0501                	addi	a0,a0,0
 78c:	0016                	c.slli	zero,0x5
 78e:	0402                	c.slli64	s0
 790:	0301                	addi	t1,t1,0
 792:	0900                	addi	s0,sp,144
 794:	000a                	c.slli	zero,0x2
 796:	0501                	addi	a0,a0,0
 798:	030c                	addi	a1,sp,384
 79a:	0901                	addi	s2,s2,0
 79c:	000a                	c.slli	zero,0x2
 79e:	0501                	addi	a0,a0,0
 7a0:	0301                	addi	t1,t1,0
 7a2:	0901                	addi	s2,s2,0
 7a4:	0002                	c.slli64	zero
 7a6:	0501                	addi	a0,a0,0
 7a8:	09020323          	sb	a6,134(tp) # 86 <_prog_start-0x7fffff7a>
 7ac:	000c                	.2byte	0xc
 7ae:	0501                	addi	a0,a0,0
 7b0:	0305                	addi	t1,t1,1
 7b2:	0901                	addi	s2,s2,0
 7b4:	0028                	addi	a0,sp,8
 7b6:	0501                	addi	a0,a0,0
 7b8:	0322                	slli	t1,t1,0x8
 7ba:	0900                	addi	s0,sp,144
 7bc:	0006                	c.slli	zero,0x1
 7be:	0501                	addi	a0,a0,0
 7c0:	0305                	addi	t1,t1,1
 7c2:	0902                	c.slli64	s2
 7c4:	0004                	.2byte	0x4
 7c6:	0301                	addi	t1,t1,0
 7c8:	0901                	addi	s2,s2,0
 7ca:	000a                	c.slli	zero,0x2
 7cc:	0301                	addi	t1,t1,0
 7ce:	0901                	addi	s2,s2,0
 7d0:	000a                	c.slli	zero,0x2
 7d2:	0301                	addi	t1,t1,0
 7d4:	000a0903          	lb	s2,0(s4)
 7d8:	0501                	addi	a0,a0,0
 7da:	0326                	slli	t1,t1,0x9
 7dc:	0900                	addi	s0,sp,144
 7de:	0004                	.2byte	0x4
 7e0:	0501                	addi	a0,a0,0
 7e2:	0305                	addi	t1,t1,1
 7e4:	0901                	addi	s2,s2,0
 7e6:	0004                	.2byte	0x4
 7e8:	0301                	addi	t1,t1,0
 7ea:	0901                	addi	s2,s2,0
 7ec:	0006                	c.slli	zero,0x1
 7ee:	0501                	addi	a0,a0,0
 7f0:	0326                	slli	t1,t1,0x9
 7f2:	0900                	addi	s0,sp,144
 7f4:	0004                	.2byte	0x4
 7f6:	0501                	addi	a0,a0,0
 7f8:	0305                	addi	t1,t1,1
 7fa:	0901                	addi	s2,s2,0
 7fc:	0004                	.2byte	0x4
 7fe:	0501                	addi	a0,a0,0
 800:	030e                	slli	t1,t1,0x3
 802:	0904                	addi	s1,sp,144
 804:	0006                	c.slli	zero,0x1
 806:	0301                	addi	t1,t1,0
 808:	0902                	c.slli64	s2
 80a:	000e                	c.slli	zero,0x3
 80c:	0501                	addi	a0,a0,0
 80e:	0305                	addi	t1,t1,1
 810:	0900                	addi	s0,sp,144
 812:	0004                	.2byte	0x4
 814:	0501                	addi	a0,a0,0
 816:	002d                	c.nop	11
 818:	0402                	c.slli64	s0
 81a:	09010303          	lb	t1,144(sp)
 81e:	0002                	c.slli64	zero
 820:	0501                	addi	a0,a0,0
 822:	0009                	c.nop	2
 824:	0402                	c.slli64	s0
 826:	09000303          	lb	t1,144(zero) # 90 <_prog_start-0x7fffff70>
 82a:	0008                	.2byte	0x8
 82c:	0501                	addi	a0,a0,0
 82e:	0045                	c.nop	17
 830:	0402                	c.slli64	s0
 832:	09000303          	lb	t1,144(zero) # 90 <_prog_start-0x7fffff70>
 836:	0002                	c.slli64	zero
 838:	0501                	addi	a0,a0,0
 83a:	0009                	c.nop	2
 83c:	0402                	c.slli64	s0
 83e:	09000303          	lb	t1,144(zero) # 90 <_prog_start-0x7fffff70>
 842:	0008                	.2byte	0x8
 844:	0501                	addi	a0,a0,0
 846:	001d                	c.nop	7
 848:	0402                	c.slli64	s0
 84a:	097f0303          	lb	t1,151(t5)
 84e:	000c                	.2byte	0xc
 850:	0501                	addi	a0,a0,0
 852:	04020017          	auipc	zero,0x4020
 856:	0301                	addi	t1,t1,0
 858:	0900                	addi	s0,sp,144
 85a:	000a                	c.slli	zero,0x2
 85c:	0501                	addi	a0,a0,0
 85e:	0305                	addi	t1,t1,1
 860:	0904                	addi	s1,sp,144
 862:	000a                	c.slli	zero,0x2
 864:	0501                	addi	a0,a0,0
 866:	0326                	slli	t1,t1,0x9
 868:	0900                	addi	s0,sp,144
 86a:	0004                	.2byte	0x4
 86c:	0501                	addi	a0,a0,0
 86e:	0305                	addi	t1,t1,1
 870:	0901                	addi	s2,s2,0
 872:	0004                	.2byte	0x4
 874:	0501                	addi	a0,a0,0
 876:	030e                	slli	t1,t1,0x3
 878:	0902                	c.slli64	s2
 87a:	0004                	.2byte	0x4
 87c:	0501                	addi	a0,a0,0
 87e:	0305                	addi	t1,t1,1
 880:	0900                	addi	s0,sp,144
 882:	0004                	.2byte	0x4
 884:	0501                	addi	a0,a0,0
 886:	003c                	addi	a5,sp,8
 888:	0402                	c.slli64	s0
 88a:	09010303          	lb	t1,144(sp)
 88e:	0002                	c.slli64	zero
 890:	0501                	addi	a0,a0,0
 892:	0009                	c.nop	2
 894:	0402                	c.slli64	s0
 896:	09000303          	lb	t1,144(zero) # 90 <_prog_start-0x7fffff70>
 89a:	0014                	.2byte	0x14
 89c:	0501                	addi	a0,a0,0
 89e:	0044                	addi	s1,sp,4
 8a0:	0402                	c.slli64	s0
 8a2:	09000303          	lb	t1,144(zero) # 90 <_prog_start-0x7fffff70>
 8a6:	0006                	c.slli	zero,0x1
 8a8:	0501                	addi	a0,a0,0
 8aa:	002a                	c.slli	zero,0xa
 8ac:	0402                	c.slli64	s0
 8ae:	09000303          	lb	t1,144(zero) # 90 <_prog_start-0x7fffff70>
 8b2:	0008                	.2byte	0x8
 8b4:	0501                	addi	a0,a0,0
 8b6:	0009                	c.nop	2
 8b8:	0402                	c.slli64	s0
 8ba:	09010303          	lb	t1,144(sp)
 8be:	0002                	c.slli64	zero
 8c0:	0501                	addi	a0,a0,0
 8c2:	002a                	c.slli	zero,0xa
 8c4:	0402                	c.slli64	s0
 8c6:	09000303          	lb	t1,144(zero) # 90 <_prog_start-0x7fffff70>
 8ca:	0004                	.2byte	0x4
 8cc:	0501                	addi	a0,a0,0
 8ce:	0009                	c.nop	2
 8d0:	0402                	c.slli64	s0
 8d2:	09010303          	lb	t1,144(sp)
 8d6:	0004                	.2byte	0x4
 8d8:	0501                	addi	a0,a0,0
 8da:	002a                	c.slli	zero,0xa
 8dc:	0402                	c.slli64	s0
 8de:	09000303          	lb	t1,144(zero) # 90 <_prog_start-0x7fffff70>
 8e2:	0004                	.2byte	0x4
 8e4:	0501                	addi	a0,a0,0
 8e6:	0402002b          	.4byte	0x402002b
 8ea:	097d0303          	lb	t1,151(s10)
 8ee:	0004                	.2byte	0x4
 8f0:	0501                	addi	a0,a0,0
 8f2:	001f 0402 0301      	.byte	0x1f, 0x00, 0x02, 0x04, 0x01, 0x03
 8f8:	0900                	addi	s0,sp,144
 8fa:	000a                	c.slli	zero,0x2
 8fc:	0501                	addi	a0,a0,0
 8fe:	0305                	addi	t1,t1,1
 900:	0906                	slli	s2,s2,0x1
 902:	000c                	.2byte	0xc
 904:	0501                	addi	a0,a0,0
 906:	0326                	slli	t1,t1,0x9
 908:	0900                	addi	s0,sp,144
 90a:	0004                	.2byte	0x4
 90c:	0501                	addi	a0,a0,0
 90e:	0305                	addi	t1,t1,1
 910:	0901                	addi	s2,s2,0
 912:	0004                	.2byte	0x4
 914:	0301                	addi	t1,t1,0
 916:	0902                	c.slli64	s2
 918:	0004                	.2byte	0x4
 91a:	0501                	addi	a0,a0,0
 91c:	030e                	slli	t1,t1,0x3
 91e:	0902                	c.slli64	s2
 920:	000a                	c.slli	zero,0x2
 922:	0301                	addi	t1,t1,0
 924:	0901                	addi	s2,s2,0
 926:	001e                	c.slli	zero,0x7
 928:	0301                	addi	t1,t1,0
 92a:	00040903          	lb	s2,0(s0)
 92e:	0501                	addi	a0,a0,0
 930:	0305                	addi	t1,t1,1
 932:	0900                	addi	s0,sp,144
 934:	0004                	.2byte	0x4
 936:	0501                	addi	a0,a0,0
 938:	0312                	slli	t1,t1,0x4
 93a:	0901                	addi	s2,s2,0
 93c:	0002                	c.slli64	zero
 93e:	0301                	addi	t1,t1,0
 940:	0901                	addi	s2,s2,0
 942:	0004                	.2byte	0x4
 944:	0501                	addi	a0,a0,0
 946:	0309                	addi	t1,t1,2
 948:	0902                	c.slli64	s2
 94a:	0004                	.2byte	0x4
 94c:	0501                	addi	a0,a0,0
 94e:	032c                	addi	a1,sp,392
 950:	0900                	addi	s0,sp,144
 952:	000a                	c.slli	zero,0x2
 954:	0501                	addi	a0,a0,0
 956:	0342                	slli	t1,t1,0x10
 958:	0900                	addi	s0,sp,144
 95a:	0006                	c.slli	zero,0x1
 95c:	0501                	addi	a0,a0,0
 95e:	0309                	addi	t1,t1,2
 960:	0901                	addi	s2,s2,0
 962:	000a                	c.slli	zero,0x2
 964:	0301                	addi	t1,t1,0
 966:	0901                	addi	s2,s2,0
 968:	0016                	c.slli	zero,0x5
 96a:	0501                	addi	a0,a0,0
 96c:	0312                	slli	t1,t1,0x4
 96e:	0902                	c.slli64	s2
 970:	000a                	c.slli	zero,0x2
 972:	0501                	addi	a0,a0,0
 974:	0309                	addi	t1,t1,2
 976:	0900                	addi	s0,sp,144
 978:	0004                	.2byte	0x4
 97a:	0501                	addi	a0,a0,0
 97c:	0335                	addi	t1,t1,13
 97e:	0902                	c.slli64	s2
 980:	0002                	c.slli64	zero
 982:	0501                	addi	a0,a0,0
 984:	034a                	slli	t1,t1,0x12
 986:	0900                	addi	s0,sp,144
 988:	000c                	.2byte	0xc
 98a:	0501                	addi	a0,a0,0
 98c:	0316                	slli	t1,t1,0x5
 98e:	0900                	addi	s0,sp,144
 990:	0006                	c.slli	zero,0x1
 992:	0301                	addi	t1,t1,0
 994:	0901                	addi	s2,s2,0
 996:	0004                	.2byte	0x4
 998:	0501                	addi	a0,a0,0
 99a:	0311                	addi	t1,t1,4
 99c:	000c0903          	lb	s2,0(s8)
 9a0:	0501                	addi	a0,a0,0
 9a2:	0310                	addi	a2,sp,384
 9a4:	0900                	addi	s0,sp,144
 9a6:	0014                	.2byte	0x14
 9a8:	0501                	addi	a0,a0,0
 9aa:	030d                	addi	t1,t1,3
 9ac:	00040903          	lb	s2,0(s0)
 9b0:	0501                	addi	a0,a0,0
 9b2:	032e                	slli	t1,t1,0xb
 9b4:	0900                	addi	s0,sp,144
 9b6:	0004                	.2byte	0x4
 9b8:	0501                	addi	a0,a0,0
 9ba:	030d                	addi	t1,t1,3
 9bc:	0901                	addi	s2,s2,0
 9be:	0004                	.2byte	0x4
 9c0:	0301                	addi	t1,t1,0
 9c2:	0901                	addi	s2,s2,0
 9c4:	0004                	.2byte	0x4
 9c6:	0501                	addi	a0,a0,0
 9c8:	032e                	slli	t1,t1,0xb
 9ca:	0900                	addi	s0,sp,144
 9cc:	0004                	.2byte	0x4
 9ce:	0501                	addi	a0,a0,0
 9d0:	030d                	addi	t1,t1,3
 9d2:	00040903          	lb	s2,0(s0)
 9d6:	0501                	addi	a0,a0,0
 9d8:	09030313          	addi	t1,t1,144
 9dc:	0004                	.2byte	0x4
 9de:	0501                	addi	a0,a0,0
 9e0:	0015                	c.nop	5
 9e2:	0402                	c.slli64	s0
 9e4:	0301                	addi	t1,t1,0
 9e6:	0900                	addi	s0,sp,144
 9e8:	0002                	c.slli64	zero
 9ea:	0501                	addi	a0,a0,0
 9ec:	0034                	addi	a3,sp,8
 9ee:	0402                	c.slli64	s0
 9f0:	0301                	addi	t1,t1,0
 9f2:	0900                	addi	s0,sp,144
 9f4:	0008                	.2byte	0x8
 9f6:	0501                	addi	a0,a0,0
 9f8:	003c                	addi	a5,sp,8
 9fa:	0402                	c.slli64	s0
 9fc:	0301                	addi	t1,t1,0
 9fe:	0900                	addi	s0,sp,144
 a00:	0002                	c.slli64	zero
 a02:	0501                	addi	a0,a0,0
 a04:	0316                	slli	t1,t1,0x5
 a06:	00020903          	lb	s2,0(tp) # 0 <_prog_start-0x80000000>
 a0a:	0501                	addi	a0,a0,0
 a0c:	030d                	addi	t1,t1,3
 a0e:	0900                	addi	s0,sp,144
 a10:	0004                	.2byte	0x4
 a12:	0501                	addi	a0,a0,0
 a14:	0011                	c.nop	4
 a16:	0402                	c.slli64	s0
 a18:	09010303          	lb	t1,144(sp)
 a1c:	0002                	c.slli64	zero
 a1e:	0501                	addi	a0,a0,0
 a20:	0032                	c.slli	zero,0xc
 a22:	0402                	c.slli64	s0
 a24:	09000303          	lb	t1,144(zero) # 90 <_prog_start-0x7fffff70>
 a28:	0006                	c.slli	zero,0x1
 a2a:	0501                	addi	a0,a0,0
 a2c:	0011                	c.nop	4
 a2e:	0402                	c.slli64	s0
 a30:	09010303          	lb	t1,144(sp)
 a34:	0004                	.2byte	0x4
 a36:	0501                	addi	a0,a0,0
 a38:	0032                	c.slli	zero,0xc
 a3a:	0402                	c.slli64	s0
 a3c:	09000303          	lb	t1,144(zero) # 90 <_prog_start-0x7fffff70>
 a40:	0004                	.2byte	0x4
 a42:	0501                	addi	a0,a0,0
 a44:	0011                	c.nop	4
 a46:	0402                	c.slli64	s0
 a48:	09010303          	lb	t1,144(sp)
 a4c:	0004                	.2byte	0x4
 a4e:	0501                	addi	a0,a0,0
 a50:	0032                	c.slli	zero,0xc
 a52:	0402                	c.slli64	s0
 a54:	09000303          	lb	t1,144(zero) # 90 <_prog_start-0x7fffff70>
 a58:	0004                	.2byte	0x4
 a5a:	0501                	addi	a0,a0,0
 a5c:	0025                	c.nop	9
 a5e:	0402                	c.slli64	s0
 a60:	097d0303          	lb	t1,151(s10)
 a64:	0004                	.2byte	0x4
 a66:	0501                	addi	a0,a0,0
 a68:	001f 0402 0301      	.byte	0x1f, 0x00, 0x02, 0x04, 0x01, 0x03
 a6e:	0900                	addi	s0,sp,144
 a70:	000a                	c.slli	zero,0x2
 a72:	0501                	addi	a0,a0,0
 a74:	0316                	slli	t1,t1,0x5
 a76:	0906                	slli	s2,s2,0x1
 a78:	000a                	c.slli	zero,0x2
 a7a:	0501                	addi	a0,a0,0
 a7c:	030d                	addi	t1,t1,3
 a7e:	0900                	addi	s0,sp,144
 a80:	0004                	.2byte	0x4
 a82:	0501                	addi	a0,a0,0
 a84:	0040                	addi	s0,sp,4
 a86:	0402                	c.slli64	s0
 a88:	09010303          	lb	t1,144(sp)
 a8c:	0002                	c.slli64	zero
 a8e:	0501                	addi	a0,a0,0
 a90:	001a                	c.slli	zero,0x6
 a92:	0402                	c.slli64	s0
 a94:	09000303          	lb	t1,144(zero) # 90 <_prog_start-0x7fffff70>
 a98:	0012                	c.slli	zero,0x4
 a9a:	0501                	addi	a0,a0,0
 a9c:	0011                	c.nop	4
 a9e:	0402                	c.slli64	s0
 aa0:	09010303          	lb	t1,144(sp)
 aa4:	0004                	.2byte	0x4
 aa6:	0501                	addi	a0,a0,0
 aa8:	0032                	c.slli	zero,0xc
 aaa:	0402                	c.slli64	s0
 aac:	09000303          	lb	t1,144(zero) # 90 <_prog_start-0x7fffff70>
 ab0:	0006                	c.slli	zero,0x1
 ab2:	0501                	addi	a0,a0,0
 ab4:	0011                	c.nop	4
 ab6:	0402                	c.slli64	s0
 ab8:	09020303          	lb	t1,144(tp) # 90 <_prog_start-0x7fffff70>
 abc:	0006                	c.slli	zero,0x1
 abe:	0501                	addi	a0,a0,0
 ac0:	0032                	c.slli	zero,0xc
 ac2:	0402                	c.slli64	s0
 ac4:	09000303          	lb	t1,144(zero) # 90 <_prog_start-0x7fffff70>
 ac8:	0004                	.2byte	0x4
 aca:	0501                	addi	a0,a0,0
 acc:	0011                	c.nop	4
 ace:	0402                	c.slli64	s0
 ad0:	09010303          	lb	t1,144(sp)
 ad4:	0004                	.2byte	0x4
 ad6:	0501                	addi	a0,a0,0
 ad8:	0032                	c.slli	zero,0xc
 ada:	0402                	c.slli64	s0
 adc:	09000303          	lb	t1,144(zero) # 90 <_prog_start-0x7fffff70>
 ae0:	0004                	.2byte	0x4
 ae2:	0501                	addi	a0,a0,0
 ae4:	04020027          	.4byte	0x4020027
 ae8:	097b0303          	lb	t1,151(s6)
 aec:	0004                	.2byte	0x4
 aee:	0501                	addi	a0,a0,0
 af0:	001f 0402 0301      	.byte	0x1f, 0x00, 0x02, 0x04, 0x01, 0x03
 af6:	0900                	addi	s0,sp,144
 af8:	000a                	c.slli	zero,0x2
 afa:	0501                	addi	a0,a0,0
 afc:	0316                	slli	t1,t1,0x5
 afe:	0908                	addi	a0,sp,144
 b00:	000c                	.2byte	0xc
 b02:	0501                	addi	a0,a0,0
 b04:	030d                	addi	t1,t1,3
 b06:	0900                	addi	s0,sp,144
 b08:	0004                	.2byte	0x4
 b0a:	0501                	addi	a0,a0,0
 b0c:	0011                	c.nop	4
 b0e:	0402                	c.slli64	s0
 b10:	09010303          	lb	t1,144(sp)
 b14:	0002                	c.slli64	zero
 b16:	0501                	addi	a0,a0,0
 b18:	0032                	c.slli	zero,0xc
 b1a:	0402                	c.slli64	s0
 b1c:	09000303          	lb	t1,144(zero) # 90 <_prog_start-0x7fffff70>
 b20:	0006                	c.slli	zero,0x1
 b22:	0501                	addi	a0,a0,0
 b24:	0011                	c.nop	4
 b26:	0402                	c.slli64	s0
 b28:	09010303          	lb	t1,144(sp)
 b2c:	0004                	.2byte	0x4
 b2e:	0501                	addi	a0,a0,0
 b30:	0032                	c.slli	zero,0xc
 b32:	0402                	c.slli64	s0
 b34:	09000303          	lb	t1,144(zero) # 90 <_prog_start-0x7fffff70>
 b38:	0004                	.2byte	0x4
 b3a:	0501                	addi	a0,a0,0
 b3c:	0011                	c.nop	4
 b3e:	0402                	c.slli64	s0
 b40:	09010303          	lb	t1,144(sp)
 b44:	0004                	.2byte	0x4
 b46:	0501                	addi	a0,a0,0
 b48:	0032                	c.slli	zero,0xc
 b4a:	0402                	c.slli64	s0
 b4c:	09000303          	lb	t1,144(zero) # 90 <_prog_start-0x7fffff70>
 b50:	0004                	.2byte	0x4
 b52:	0501                	addi	a0,a0,0
 b54:	0025                	c.nop	9
 b56:	0402                	c.slli64	s0
 b58:	097d0303          	lb	t1,151(s10)
 b5c:	0004                	.2byte	0x4
 b5e:	0501                	addi	a0,a0,0
 b60:	001f 0402 0301      	.byte	0x1f, 0x00, 0x02, 0x04, 0x01, 0x03
 b66:	0900                	addi	s0,sp,144
 b68:	000a                	c.slli	zero,0x2
 b6a:	0501                	addi	a0,a0,0
 b6c:	030d                	addi	t1,t1,3
 b6e:	000a0907          	.4byte	0xa0907
 b72:	0501                	addi	a0,a0,0
 b74:	032e                	slli	t1,t1,0xb
 b76:	0900                	addi	s0,sp,144
 b78:	0004                	.2byte	0x4
 b7a:	0501                	addi	a0,a0,0
 b7c:	030d                	addi	t1,t1,3
 b7e:	0901                	addi	s2,s2,0
 b80:	0004                	.2byte	0x4
 b82:	0501                	addi	a0,a0,0
 b84:	032e                	slli	t1,t1,0xb
 b86:	0900                	addi	s0,sp,144
 b88:	0004                	.2byte	0x4
 b8a:	0501                	addi	a0,a0,0
 b8c:	0316                	slli	t1,t1,0x5
 b8e:	00040903          	lb	s2,0(s0)
 b92:	0501                	addi	a0,a0,0
 b94:	09010313          	addi	t1,sp,144
 b98:	0004                	.2byte	0x4
 b9a:	0501                	addi	a0,a0,0
 b9c:	0314                	addi	a3,sp,384
 b9e:	0901                	addi	s2,s2,0
 ba0:	0002                	c.slli64	zero
 ba2:	0501                	addi	a0,a0,0
 ba4:	0315                	addi	t1,t1,5
 ba6:	097f                	.2byte	0x97f
 ba8:	0018                	.2byte	0x18
 baa:	0501                	addi	a0,a0,0
 bac:	09000333          	.4byte	0x9000333
 bb0:	0008                	.2byte	0x8
 bb2:	0501                	addi	a0,a0,0
 bb4:	0900033b          	.4byte	0x900033b
 bb8:	0002                	c.slli64	zero
 bba:	0501                	addi	a0,a0,0
 bbc:	032e                	slli	t1,t1,0xb
 bbe:	0901                	addi	s2,s2,0
 bc0:	0004                	.2byte	0x4
 bc2:	0501                	addi	a0,a0,0
 bc4:	0322                	slli	t1,t1,0x8
 bc6:	00020903          	lb	s2,0(tp) # 0 <_prog_start-0x80000000>
 bca:	0501                	addi	a0,a0,0
 bcc:	0316                	slli	t1,t1,0x5
 bce:	0900                	addi	s0,sp,144
 bd0:	0006                	c.slli	zero,0x1
 bd2:	0501                	addi	a0,a0,0
 bd4:	09010327          	.4byte	0x9010327
 bd8:	0006                	c.slli	zero,0x1
 bda:	0501                	addi	a0,a0,0
 bdc:	0315                	addi	t1,t1,5
 bde:	0900                	addi	s0,sp,144
 be0:	0008                	.2byte	0x8
 be2:	0501                	addi	a0,a0,0
 be4:	030d                	addi	t1,t1,3
 be6:	0902                	c.slli64	s2
 be8:	0006                	c.slli	zero,0x1
 bea:	0501                	addi	a0,a0,0
 bec:	032e                	slli	t1,t1,0xb
 bee:	0900                	addi	s0,sp,144
 bf0:	0004                	.2byte	0x4
 bf2:	0501                	addi	a0,a0,0
 bf4:	0310                	addi	a2,sp,384
 bf6:	00040903          	lb	s2,0(s0)
 bfa:	0501                	addi	a0,a0,0
 bfc:	0311                	addi	t1,t1,4
 bfe:	0901                	addi	s2,s2,0
 c00:	000a                	c.slli	zero,0x2
 c02:	0501                	addi	a0,a0,0
 c04:	0339                	addi	t1,t1,14
 c06:	0900                	addi	s0,sp,144
 c08:	000c                	.2byte	0xc
 c0a:	0501                	addi	a0,a0,0
 c0c:	0311                	addi	t1,t1,4
 c0e:	0901                	addi	s2,s2,0
 c10:	0006                	c.slli	zero,0x1
 c12:	0501                	addi	a0,a0,0
 c14:	0330                	addi	a2,sp,392
 c16:	0900                	addi	s0,sp,144
 c18:	000c                	.2byte	0xc
 c1a:	0501                	addi	a0,a0,0
 c1c:	0325                	addi	t1,t1,9
 c1e:	0901                	addi	s2,s2,0
 c20:	0008                	.2byte	0x8
 c22:	0501                	addi	a0,a0,0
 c24:	0314                	addi	a3,sp,384
 c26:	0900                	addi	s0,sp,144
 c28:	0004                	.2byte	0x4
 c2a:	0501                	addi	a0,a0,0
 c2c:	04020033          	.4byte	0x4020033
 c30:	0301                	addi	t1,t1,0
 c32:	0900                	addi	s0,sp,144
 c34:	0008                	.2byte	0x8
 c36:	0501                	addi	a0,a0,0
 c38:	0316                	slli	t1,t1,0x5
 c3a:	0901                	addi	s2,s2,0
 c3c:	000e                	c.slli	zero,0x3
 c3e:	0501                	addi	a0,a0,0
 c40:	0321                	addi	t1,t1,8
 c42:	000c0903          	lb	s2,0(s8)
 c46:	0501                	addi	a0,a0,0
 c48:	0310                	addi	a2,sp,384
 c4a:	0900                	addi	s0,sp,144
 c4c:	0004                	.2byte	0x4
 c4e:	0501                	addi	a0,a0,0
 c50:	0901031b          	.4byte	0x901031b
 c54:	0008                	.2byte	0x8
 c56:	0301                	addi	t1,t1,0
 c58:	0902                	c.slli64	s2
 c5a:	000c                	.2byte	0xc
 c5c:	0501                	addi	a0,a0,0
 c5e:	0344                	addi	s1,sp,388
 c60:	0944                	addi	s1,sp,148
 c62:	000c                	.2byte	0xc
 c64:	0501                	addi	a0,a0,0
 c66:	003d                	c.nop	15
 c68:	0402                	c.slli64	s0
 c6a:	0302                	c.slli64	t1
 c6c:	097a                	slli	s2,s2,0x1e
 c6e:	0002                	c.slli64	zero
 c70:	0501                	addi	a0,a0,0
 c72:	04020023          	sb	zero,64(tp) # 40 <_prog_start-0x7fffffc0>
 c76:	0301                	addi	t1,t1,0
 c78:	0900                	addi	s0,sp,144
 c7a:	000a                	c.slli	zero,0x2
 c7c:	0501                	addi	a0,a0,0
 c7e:	0025                	c.nop	9
 c80:	0402                	c.slli64	s0
 c82:	0302                	c.slli64	t1
 c84:	00c6                	slli	ra,ra,0x11
 c86:	0c09                	addi	s8,s8,2
 c88:	0100                	addi	s0,sp,128
 c8a:	1405                	addi	s0,s0,-31
 c8c:	0200                	addi	s0,sp,256
 c8e:	0204                	addi	s1,sp,256
 c90:	18090103          	lb	sp,384(s2)
 c94:	0100                	addi	s0,sp,128
 c96:	2a05                	jal	dc6 <_prog_start-0x7ffff23a>
 c98:	0200                	addi	s0,sp,256
 c9a:	0204                	addi	s1,sp,256
 c9c:	0e090203          	lb	tp,224(s2)
 ca0:	0100                	addi	s0,sp,128
 ca2:	1205                	addi	tp,tp,-31 # ffffffe1 <CLASS_NAMES+0x7ffff431>
 ca4:	0200                	addi	s0,sp,256
 ca6:	0204                	addi	s1,sp,256
 ca8:	0c090003          	lb	zero,192(s2)
 cac:	0100                	addi	s0,sp,128
 cae:	0905                	addi	s2,s2,1
 cb0:	0200                	addi	s0,sp,256
 cb2:	0204                	addi	s1,sp,256
 cb4:	0c090103          	lb	sp,192(s2)
 cb8:	0100                	addi	s0,sp,128
 cba:	2105                	jal	10da <_prog_start-0x7fffef26>
 cbc:	0200                	addi	s0,sp,256
 cbe:	0204                	addi	s1,sp,256
 cc0:	0c090003          	lb	zero,192(s2)
 cc4:	0100                	addi	s0,sp,128
 cc6:	0905                	addi	s2,s2,1
 cc8:	0200                	addi	s0,sp,256
 cca:	0204                	addi	s1,sp,256
 ccc:	06090103          	lb	sp,96(s2)
 cd0:	0100                	addi	s0,sp,128
 cd2:	2405                	jal	ef2 <_prog_start-0x7ffff10e>
 cd4:	0200                	addi	s0,sp,256
 cd6:	0204                	addi	s1,sp,256
 cd8:	0c090003          	lb	zero,192(s2)
 cdc:	0100                	addi	s0,sp,128
 cde:	0905                	addi	s2,s2,1
 ce0:	0200                	addi	s0,sp,256
 ce2:	0204                	addi	s1,sp,256
 ce4:	08090103          	lb	sp,128(s2)
 ce8:	0100                	addi	s0,sp,128
 cea:	1d05                	addi	s10,s10,-31
 cec:	0200                	addi	s0,sp,256
 cee:	0204                	addi	s1,sp,256
 cf0:	0c090003          	lb	zero,192(s2)
 cf4:	0100                	addi	s0,sp,128
 cf6:	0905                	addi	s2,s2,1
 cf8:	0200                	addi	s0,sp,256
 cfa:	0204                	addi	s1,sp,256
 cfc:	08090103          	lb	sp,128(s2)
 d00:	0100                	addi	s0,sp,128
 d02:	2105                	jal	1122 <_prog_start-0x7fffeede>
 d04:	0200                	addi	s0,sp,256
 d06:	0204                	addi	s1,sp,256
 d08:	0c090003          	lb	zero,192(s2)
 d0c:	0100                	addi	s0,sp,128
 d0e:	3705                	jal	c2e <_prog_start-0x7ffff3d2>
 d10:	0200                	addi	s0,sp,256
 d12:	0204                	addi	s1,sp,256
 d14:	08090003          	lb	zero,128(s2)
 d18:	0100                	addi	s0,sp,128
 d1a:	0905                	addi	s2,s2,1
 d1c:	0200                	addi	s0,sp,256
 d1e:	0204                	addi	s1,sp,256
 d20:	0c090103          	lb	sp,192(s2)
 d24:	0100                	addi	s0,sp,128
 d26:	3505                	jal	b46 <_prog_start-0x7ffff4ba>
 d28:	0200                	addi	s0,sp,256
 d2a:	0204                	addi	s1,sp,256
 d2c:	097faa03          	lw	s4,151(t6)
 d30:	000c                	.2byte	0xc
 d32:	0501                	addi	a0,a0,0
 d34:	04020027          	.4byte	0x4020027
 d38:	0301                	addi	t1,t1,0
 d3a:	0900                	addi	s0,sp,144
 d3c:	000a                	c.slli	zero,0x2
 d3e:	0501                	addi	a0,a0,0
 d40:	0305                	addi	t1,t1,1
 d42:	00da                	slli	ra,ra,0x16
 d44:	0a09                	addi	s4,s4,2
 d46:	0100                	addi	s0,sp,128
 d48:	0c090103          	lb	sp,192(s2)
 d4c:	0100                	addi	s0,sp,128
 d4e:	0e05                	addi	t3,t3,1
 d50:	0c090103          	lb	sp,192(s2)
 d54:	0100                	addi	s0,sp,128
 d56:	0505                	addi	a0,a0,1
 d58:	04090003          	lb	zero,64(s2)
 d5c:	0100                	addi	s0,sp,128
 d5e:	2905                	jal	118e <_prog_start-0x7fffee72>
 d60:	0200                	addi	s0,sp,256
 d62:	0304                	addi	s1,sp,384
 d64:	02090103          	lb	sp,32(s2)
 d68:	0100                	addi	s0,sp,128
 d6a:	2d05                	jal	139a <_prog_start-0x7fffec66>
 d6c:	0200                	addi	s0,sp,256
 d6e:	0304                	addi	s1,sp,384
 d70:	14090003          	lb	zero,320(s2)
 d74:	0100                	addi	s0,sp,128
 d76:	1205                	addi	tp,tp,-31 # ffffffe1 <CLASS_NAMES+0x7ffff431>
 d78:	0200                	addi	s0,sp,256
 d7a:	0304                	addi	s1,sp,384
 d7c:	08090003          	lb	zero,128(s2)
 d80:	0100                	addi	s0,sp,128
 d82:	0905                	addi	s2,s2,1
 d84:	0200                	addi	s0,sp,256
 d86:	0304                	addi	s1,sp,384
 d88:	0c090103          	lb	sp,192(s2)
 d8c:	0100                	addi	s0,sp,128
 d8e:	1c05                	addi	s8,s8,-31
 d90:	0200                	addi	s0,sp,256
 d92:	0304                	addi	s1,sp,384
 d94:	0c090003          	lb	zero,192(s2)
 d98:	0100                	addi	s0,sp,128
 d9a:	2a05                	jal	eca <_prog_start-0x7ffff136>
 d9c:	0200                	addi	s0,sp,256
 d9e:	0304                	addi	s1,sp,384
 da0:	06090003          	lb	zero,96(s2)
 da4:	0100                	addi	s0,sp,128
 da6:	0905                	addi	s2,s2,1
 da8:	0200                	addi	s0,sp,256
 daa:	0304                	addi	s1,sp,384
 dac:	0c090103          	lb	sp,192(s2)
 db0:	0100                	addi	s0,sp,128
 db2:	1905                	addi	s2,s2,-31
 db4:	0200                	addi	s0,sp,256
 db6:	0304                	addi	s1,sp,384
 db8:	08090003          	lb	zero,128(s2)
 dbc:	0100                	addi	s0,sp,128
 dbe:	0905                	addi	s2,s2,1
 dc0:	0200                	addi	s0,sp,256
 dc2:	0304                	addi	s1,sp,384
 dc4:	0c090103          	lb	sp,192(s2)
 dc8:	0100                	addi	s0,sp,128
 dca:	0200                	addi	s0,sp,256
 dcc:	0304                	addi	s1,sp,384
 dce:	18090103          	lb	sp,384(s2)
 dd2:	0100                	addi	s0,sp,128
 dd4:	1d05                	addi	s10,s10,-31
 dd6:	0200                	addi	s0,sp,256
 dd8:	0304                	addi	s1,sp,384
 dda:	0c097b03          	.4byte	0xc097b03
 dde:	0100                	addi	s0,sp,128
 de0:	1705                	addi	a4,a4,-31
 de2:	0200                	addi	s0,sp,256
 de4:	0104                	addi	s1,sp,128
 de6:	0a090003          	lb	zero,160(s2)
 dea:	0100                	addi	s0,sp,128
 dec:	0505                	addi	a0,a0,1
 dee:	0a090703          	lb	a4,160(s2)
 df2:	0100                	addi	s0,sp,128
 df4:	2b05                	jal	1324 <_prog_start-0x7fffecdc>
 df6:	0c090103          	lb	sp,192(s2)
 dfa:	0100                	addi	s0,sp,128
 dfc:	0e05                	addi	t3,t3,1
 dfe:	0c090003          	lb	zero,192(s2)
 e02:	0100                	addi	s0,sp,128
 e04:	0505                	addi	a0,a0,1
 e06:	0e090103          	lb	sp,224(s2)
 e0a:	0100                	addi	s0,sp,128
 e0c:	3505                	jal	c2c <_prog_start-0x7ffff3d4>
 e0e:	0c090003          	lb	zero,192(s2)
 e12:	0100                	addi	s0,sp,128
 e14:	5005                	c.li	zero,-31
 e16:	0a090003          	lb	zero,160(s2)
 e1a:	0100                	addi	s0,sp,128
 e1c:	0505                	addi	a0,a0,1
 e1e:	0c090103          	lb	sp,192(s2)
 e22:	0100                	addi	s0,sp,128
 e24:	0a05                	addi	s4,s4,1
 e26:	0200                	addi	s0,sp,256
 e28:	0104                	addi	s1,sp,128
 e2a:	0c090203          	lb	tp,192(s2)
 e2e:	0100                	addi	s0,sp,128
 e30:	0409                	addi	s0,s0,2
 e32:	0000                	unimp
 e34:	0101                	addi	sp,sp,0

Disassembly of section .debug_line_str:

00000000 <.debug_line_str>:
   0:	6d6f682f          	.4byte	0x6d6f682f
   4:	2f65                	jal	7bc <_prog_start-0x7ffff844>
   6:	7568                	.2byte	0x7568
   8:	676e                	.2byte	0x676e
   a:	6874                	.2byte	0x6874
   c:	326b696f          	jal	s2,b6332 <_prog_start-0x7ff49cce>
  10:	2f34                	.2byte	0x2f34
  12:	4952                	lw	s2,20(sp)
  14:	54564353          	.4byte	0x54564353
  18:	7475                	lui	s0,0xffffd
  1a:	6169726f          	jal	tp,97630 <_prog_start-0x7ff689d0>
  1e:	316c                	.2byte	0x316c
  20:	6770662f          	.4byte	0x6770662f
  24:	2f61                	jal	7bc <_prog_start-0x7ffff844>
  26:	632f7773          	csrrci	a4,0x632,30
  2a:	6e6e                	.2byte	0x6e6e
  2c:	2f00                	.2byte	0x2f00
  2e:	6f68                	.2byte	0x6f68
  30:	656d                	lui	a0,0x1b
  32:	6e75682f          	.4byte	0x6e75682f
  36:	6f687467          	.4byte	0x6f687467
  3a:	6b69                	lui	s6,0x1a
  3c:	3432                	.2byte	0x3432
  3e:	5349522f          	.4byte	0x5349522f
  42:	75545643          	.4byte	0x75545643
  46:	6f74                	.2byte	0x6f74
  48:	6972                	.2byte	0x6972
  4a:	6c61                	lui	s8,0x18
  4c:	2f31                	jal	768 <_prog_start-0x7ffff898>
  4e:	7066                	.2byte	0x7066
  50:	732f6167          	.4byte	0x732f6167
  54:	6e632f77          	.4byte	0x6e632f77
  58:	2f6e                	.2byte	0x2f6e
  5a:	00637273          	csrrci	tp,0x6,6
  5e:	30747263          	bgeu	s0,t2,362 <_prog_start-0x7ffffc9e>
  62:	532e                	lw	t1,232(sp)
  64:	2f00                	.2byte	0x2f00
  66:	6f68                	.2byte	0x6f68
  68:	656d                	lui	a0,0x1b
  6a:	6e75682f          	.4byte	0x6e75682f
  6e:	6f687467          	.4byte	0x6f687467
  72:	6b69                	lui	s6,0x1a
  74:	3432                	.2byte	0x3432
  76:	5349522f          	.4byte	0x5349522f
  7a:	75545643          	.4byte	0x75545643
  7e:	6f74                	.2byte	0x6f74
  80:	6972                	.2byte	0x6972
  82:	6c61                	lui	s8,0x18
  84:	2f31                	jal	7a0 <_prog_start-0x7ffff860>
  86:	7066                	.2byte	0x7066
  88:	732f6167          	.4byte	0x732f6167
  8c:	6e632f77          	.4byte	0x6e632f77
  90:	2f6e                	.2byte	0x2f6e
  92:	2f637273          	csrrci	tp,0x2f6,6
  96:	6972706b          	.4byte	0x6972706b
  9a:	746e                	.2byte	0x746e
  9c:	2e66                	.2byte	0x2e66
  9e:	682f0063          	beq	t5,sp,71e <_prog_start-0x7ffff8e2>
  a2:	2f656d6f          	jal	s10,56398 <_prog_start-0x7ffa9c68>
  a6:	7568                	.2byte	0x7568
  a8:	676e                	.2byte	0x676e
  aa:	6874                	.2byte	0x6874
  ac:	326b696f          	jal	s2,b63d2 <_prog_start-0x7ff49c2e>
  b0:	2f34                	.2byte	0x2f34
  b2:	4952                	lw	s2,20(sp)
  b4:	54564353          	.4byte	0x54564353
  b8:	7475                	lui	s0,0xffffd
  ba:	6169726f          	jal	tp,976d0 <_prog_start-0x7ff68930>
  be:	316c                	.2byte	0x316c
  c0:	6770662f          	.4byte	0x6770662f
  c4:	2f61                	jal	85c <_prog_start-0x7ffff7a4>
  c6:	632f7773          	csrrci	a4,0x632,30
  ca:	6e6e                	.2byte	0x6e6e
  cc:	636e692f          	.4byte	0x636e692f
  d0:	756c                	.2byte	0x756c
  d2:	6564                	.2byte	0x6564
  d4:	2f00                	.2byte	0x2f00
  d6:	6f68                	.2byte	0x6f68
  d8:	656d                	lui	a0,0x1b
  da:	6e75682f          	.4byte	0x6e75682f
  de:	6f687467          	.4byte	0x6f687467
  e2:	6b69                	lui	s6,0x1a
  e4:	3432                	.2byte	0x3432
  e6:	5349522f          	.4byte	0x5349522f
  ea:	75545643          	.4byte	0x75545643
  ee:	6f74                	.2byte	0x6f74
  f0:	6972                	.2byte	0x6972
  f2:	6c61                	lui	s8,0x18
  f4:	6f632e2f          	.4byte	0x6f632e2f
  f8:	646e                	.2byte	0x646e
  fa:	2d61                	jal	792 <_prog_start-0x7ffff86e>
  fc:	6e65                	lui	t3,0x19
  fe:	2f76                	.2byte	0x2f76
 100:	6972                	.2byte	0x6972
 102:	2d766373          	csrrsi	t1,0x2d7,12
 106:	6f74                	.2byte	0x6f74
 108:	2f736c6f          	jal	s8,36bfe <_prog_start-0x7ffc9402>
 10c:	696c                	.2byte	0x696c
 10e:	2f62                	.2byte	0x2f62
 110:	2f636367          	.4byte	0x2f636367
 114:	6972                	.2byte	0x6972
 116:	36766373          	csrrsi	t1,0x367,12
 11a:	2d34                	.2byte	0x2d34
 11c:	6e75                	lui	t3,0x1d
 11e:	776f6e6b          	.4byte	0x776f6e6b
 122:	2d6e                	.2byte	0x2d6e
 124:	6c65                	lui	s8,0x19
 126:	2f66                	.2byte	0x2f66
 128:	3231                	jal	fffffa34 <CLASS_NAMES+0x7fffee84>
 12a:	322e                	.2byte	0x322e
 12c:	302e                	.2byte	0x302e
 12e:	636e692f          	.4byte	0x636e692f
 132:	756c                	.2byte	0x756c
 134:	6564                	.2byte	0x6564
 136:	2f00                	.2byte	0x2f00
 138:	6f68                	.2byte	0x6f68
 13a:	656d                	lui	a0,0x1b
 13c:	6e75682f          	.4byte	0x6e75682f
 140:	6f687467          	.4byte	0x6f687467
 144:	6b69                	lui	s6,0x1a
 146:	3432                	.2byte	0x3432
 148:	5349522f          	.4byte	0x5349522f
 14c:	75545643          	.4byte	0x75545643
 150:	6f74                	.2byte	0x6f74
 152:	6972                	.2byte	0x6972
 154:	6c61                	lui	s8,0x18
 156:	6f632e2f          	.4byte	0x6f632e2f
 15a:	646e                	.2byte	0x646e
 15c:	2d61                	jal	7f4 <_prog_start-0x7ffff80c>
 15e:	6e65                	lui	t3,0x19
 160:	2f76                	.2byte	0x2f76
 162:	6972                	.2byte	0x6972
 164:	2d766373          	csrrsi	t1,0x2d7,12
 168:	6f74                	.2byte	0x6f74
 16a:	2f736c6f          	jal	s8,36c60 <_prog_start-0x7ffc93a0>
 16e:	6972                	.2byte	0x6972
 170:	36766373          	csrrsi	t1,0x367,12
 174:	2d34                	.2byte	0x2d34
 176:	6e75                	lui	t3,0x1d
 178:	776f6e6b          	.4byte	0x776f6e6b
 17c:	2d6e                	.2byte	0x2d6e
 17e:	6c65                	lui	s8,0x19
 180:	2f66                	.2byte	0x2f66
 182:	6e69                	lui	t3,0x1a
 184:	64756c63          	bltu	a0,t2,7dc <_prog_start-0x7ffff824>
 188:	2f65                	jal	940 <_prog_start-0x7ffff6c0>
 18a:	616d                	addi	sp,sp,240
 18c:	6e696863          	bltu	s2,t1,87c <_prog_start-0x7ffff784>
 190:	0065                	c.nop	25
 192:	6d6f682f          	.4byte	0x6d6f682f
 196:	2f65                	jal	94e <_prog_start-0x7ffff6b2>
 198:	7568                	.2byte	0x7568
 19a:	676e                	.2byte	0x676e
 19c:	6874                	.2byte	0x6874
 19e:	326b696f          	jal	s2,b64c4 <_prog_start-0x7ff49b3c>
 1a2:	2f34                	.2byte	0x2f34
 1a4:	4952                	lw	s2,20(sp)
 1a6:	54564353          	.4byte	0x54564353
 1aa:	7475                	lui	s0,0xffffd
 1ac:	6169726f          	jal	tp,977c2 <_prog_start-0x7ff6883e>
 1b0:	2f6c                	.2byte	0x2f6c
 1b2:	632e                	.2byte	0x632e
 1b4:	61646e6f          	jal	t3,467ca <_prog_start-0x7ffb9836>
 1b8:	652d                	lui	a0,0xb
 1ba:	766e                	.2byte	0x766e
 1bc:	7369722f          	.4byte	0x7369722f
 1c0:	742d7663          	bgeu	s10,sp,90c <_prog_start-0x7ffff6f4>
 1c4:	736c6f6f          	jal	t5,c68fa <_prog_start-0x7ff39706>
 1c8:	7369722f          	.4byte	0x7369722f
 1cc:	34367663          	bgeu	a2,gp,518 <_prog_start-0x7ffffae8>
 1d0:	752d                	lui	a0,0xfffeb
 1d2:	6b6e                	.2byte	0x6b6e
 1d4:	6f6e                	.2byte	0x6f6e
 1d6:	652d6e77          	.4byte	0x652d6e77
 1da:	666c                	.2byte	0x666c
 1dc:	636e692f          	.4byte	0x636e692f
 1e0:	756c                	.2byte	0x756c
 1e2:	6564                	.2byte	0x6564
 1e4:	7379732f          	.4byte	0x7379732f
 1e8:	6b00                	.2byte	0x6b00
 1ea:	7270                	.2byte	0x7270
 1ec:	6e69                	lui	t3,0x1a
 1ee:	6674                	.2byte	0x6674
 1f0:	682e                	.2byte	0x682e
 1f2:	7300                	.2byte	0x7300
 1f4:	6474                	.2byte	0x6474
 1f6:	7261                	lui	tp,0xffff8
 1f8:	00682e67          	.4byte	0x682e67
 1fc:	645f 6665 7561      	.byte	0x5f, 0x64, 0x65, 0x66, 0x61, 0x75
 202:	746c                	.2byte	0x746c
 204:	745f 7079 7365      	.byte	0x5f, 0x74, 0x79, 0x70, 0x65, 0x73
 20a:	682e                	.2byte	0x682e
 20c:	5f00                	lw	s0,56(a4)
 20e:	69647473          	csrrci	s0,0x696,8
 212:	746e                	.2byte	0x746e
 214:	682e                	.2byte	0x682e
 216:	2f00                	.2byte	0x2f00
 218:	6f68                	.2byte	0x6f68
 21a:	656d                	lui	a0,0x1b
 21c:	6e75682f          	.4byte	0x6e75682f
 220:	6f687467          	.4byte	0x6f687467
 224:	6b69                	lui	s6,0x1a
 226:	3432                	.2byte	0x3432
 228:	5349522f          	.4byte	0x5349522f
 22c:	75545643          	.4byte	0x75545643
 230:	6f74                	.2byte	0x6f74
 232:	6972                	.2byte	0x6972
 234:	6c61                	lui	s8,0x18
 236:	2f31                	jal	952 <_prog_start-0x7ffff6ae>
 238:	7066                	.2byte	0x7066
 23a:	732f6167          	.4byte	0x732f6167
 23e:	6e632f77          	.4byte	0x6e632f77
 242:	2f6e                	.2byte	0x2f6e
 244:	2f637273          	csrrci	tp,0x2f6,6
 248:	616d                	addi	sp,sp,240
 24a:	6e69                	lui	t3,0x1a
 24c:	632e                	.2byte	0x632e
	...

Disassembly of section .debug_info:

00000000 <.debug_info>:
   0:	0020                	addi	s0,sp,8
   2:	0000                	unimp
   4:	0005                	c.nop	1
   6:	0401                	addi	s0,s0,0 # ffffd000 <CLASS_NAMES+0x7fffc450>
   8:	0000                	unimp
   a:	0000                	unimp
   c:	0001                	nop
   e:	0000                	unimp
  10:	0000                	unimp
  12:	0000                	unimp
  14:	3080                	.2byte	0x3080
  16:	0000                	unimp
  18:	0000                	unimp
  1a:	0038                	addi	a4,sp,8
  1c:	0000                	unimp
  1e:	0065                	c.nop	25
  20:	0000                	unimp
  22:	8001                	c.srli64	s0
  24:	000002b3          	add	t0,zero,zero
  28:	0005                	c.nop	1
  2a:	0401                	addi	s0,s0,0
  2c:	0014                	.2byte	0x14
  2e:	0000                	unimp
  30:	00010f0b          	.4byte	0x10f0b
  34:	1d00                	addi	s0,sp,688
  36:	0065                	c.nop	25
  38:	0000                	unimp
  3a:	0000                	unimp
  3c:	0000                	unimp
  3e:	002a                	c.slli	zero,0xa
  40:	8000                	.2byte	0x8000
  42:	030a                	slli	t1,t1,0x2
  44:	0000                	unimp
  46:	0080                	addi	s0,sp,64
  48:	0000                	unimp
  4a:	0000a503          	lw	a0,0(ra)
  4e:	0300                	addi	s0,sp,384
  50:	1b28                	addi	a0,sp,440
  52:	0032                	c.slli	zero,0xc
  54:	0000                	unimp
  56:	040c                	addi	a1,sp,512
  58:	0079                	c.nop	30
  5a:	0000                	unimp
  5c:	0000ac03          	lw	s8,0(ra)
  60:	0300                	addi	s0,sp,384
  62:	00261863          	bne	a2,sp,72 <_prog_start-0x7fffff8e>
  66:	0000                	unimp
  68:	0102                	c.slli64	sp
  6a:	b606                	.2byte	0xb606
  6c:	0000                	unimp
  6e:	0200                	addi	s0,sp,256
  70:	0801                	addi	a6,a6,0
  72:	00b4                	addi	a3,sp,72
  74:	0000                	unimp
  76:	0202                	c.slli64	tp
  78:	8505                	srai	a0,a0,0x1
  7a:	0001                	nop
  7c:	0200                	addi	s0,sp,256
  7e:	0702                	c.slli64	a4
  80:	00c2                	slli	ra,ra,0x10
  82:	0000                	unimp
  84:	00008b03          	lb	s6,0(ra)
  88:	0400                	addi	s0,sp,512
  8a:	184d                	addi	a6,a6,-13
  8c:	006c                	addi	a1,sp,12
  8e:	0000                	unimp
  90:	0402                	c.slli64	s0
  92:	0605                	addi	a2,a2,1
  94:	0001                	nop
  96:	0300                	addi	s0,sp,384
  98:	00d5                	addi	ra,ra,21
  9a:	0000                	unimp
  9c:	4f04                	lw	s1,24(a4)
  9e:	7f19                	lui	t5,0xfffe6
  a0:	0000                	unimp
  a2:	0200                	addi	s0,sp,256
  a4:	0704                	addi	s1,sp,896
  a6:	000000ef          	jal	ra,a6 <_prog_start-0x7fffff5a>
  aa:	0802                	c.slli64	a6
  ac:	0105                	addi	sp,sp,1
  ae:	0001                	nop
  b0:	0200                	addi	s0,sp,256
  b2:	0708                	addi	a0,sp,896
  b4:	00ea                	slli	ra,ra,0x1a
  b6:	0000                	unimp
  b8:	040d                	addi	s0,s0,3
  ba:	6905                	lui	s2,0x1
  bc:	746e                	.2byte	0x746e
  be:	0200                	addi	s0,sp,256
  c0:	0704                	addi	s1,sp,896
  c2:	00f4                	addi	a3,sp,76
  c4:	0000                	unimp
  c6:	00008d03          	lb	s10,0(ra)
  ca:	0500                	addi	s0,sp,640
  cc:	132c                	addi	a1,sp,424
  ce:	0060                	addi	s0,sp,12
  d0:	0000                	unimp
  d2:	0000d703          	lhu	a4,0(ra)
  d6:	0500                	addi	s0,sp,640
  d8:	1430                	addi	a2,sp,552
  da:	00000073          	ecall
  de:	ae0e                	.2byte	0xae0e
  e0:	0000                	unimp
  e2:	0400                	addi	s0,sp,512
  e4:	0196                	slli	gp,gp,0x5
  e6:	0000                	unimp
  e8:	1301                	addi	t1,t1,-32
  ea:	d622                	sw	s0,44(sp)
  ec:	0000                	unimp
  ee:	0500                	addi	s0,sp,640
  f0:	000ba003          	lw	zero,0(s7)
  f4:	0880                	addi	s0,sp,80
  f6:	00ba                	slli	ra,ra,0xe
  f8:	0000                	unimp
  fa:	d109                	beqz	a0,fffffffc <CLASS_NAMES+0x7ffff44c>
  fc:	0000                	unimp
  fe:	0a00                	addi	s0,sp,272
 100:	009d                	addi	ra,ra,7
 102:	0000                	unimp
 104:	c816                	sw	t0,16(sp)
 106:	0000                	unimp
 108:	6c80                	.2byte	0x6c80
 10a:	0002                	c.slli64	zero
 10c:	0100                	addi	s0,sp,128
 10e:	009c                	addi	a5,sp,64
 110:	0002                	c.slli64	zero
 112:	0500                	addi	s0,sp,640
 114:	6d66                	.2byte	0x6d66
 116:	0074                	addi	a3,sp,12
 118:	1602                	slli	a2,a2,0x20
 11a:	001a                	c.slli	zero,0x6
 11c:	0002                	c.slli64	zero
 11e:	0300                	addi	s0,sp,384
 120:	dc91                	beqz	s1,3c <_prog_start-0x7fffffc4>
 122:	0f7e                	slli	t5,t5,0x1f
 124:	7601                	lui	a2,0xfffe0
 126:	006c                	addi	a1,sp,12
 128:	1802                	slli	a6,a6,0x20
 12a:	380a                	.2byte	0x380a
 12c:	0000                	unimp
 12e:	0300                	addi	s0,sp,384
 130:	a891                	j	184 <_prog_start-0x7ffffe7c>
 132:	047f                	.2byte	0x47f
 134:	00e0                	addi	s0,sp,76
 136:	0000                	unimp
 138:	1902                	slli	s2,s2,0x20
 13a:	00021107          	.4byte	0x21107
 13e:	0200                	addi	s0,sp,256
 140:	4f91                	li	t6,4
 142:	9504                	.2byte	0x9504
 144:	0000                	unimp
 146:	0200                	addi	s0,sp,256
 148:	1219                	addi	tp,tp,-26 # ffff7fe6 <CLASS_NAMES+0x7fff7436>
 14a:	0211                	addi	tp,tp,4 # 4 <_prog_start-0x7ffffffc>
 14c:	0000                	unimp
 14e:	9102                	jalr	sp
 150:	044e                	slli	s0,s0,0x13
 152:	0071                	c.nop	28
 154:	0000                	unimp
 156:	1902                	slli	s2,s2,0x20
 158:	0002111b          	.4byte	0x2111b
 15c:	0200                	addi	s0,sp,256
 15e:	4d91                	li	s11,4
 160:	6301                	.2byte	0x6301
 162:	0200                	addi	s0,sp,256
 164:	071a                	slli	a4,a4,0x6
 166:	0205                	addi	tp,tp,1 # 1 <_prog_start-0x7fffffff>
 168:	0000                	unimp
 16a:	7fb39103          	lh	sp,2043(t2)
 16e:	3806                	.2byte	0x3806
 170:	0001                	nop
 172:	aa80                	.2byte	0xaa80
 174:	0001                	nop
 176:	0100                	addi	s0,sp,128
 178:	006e                	c.slli	zero,0x1b
 17a:	2402                	.2byte	0x2402
 17c:	00007f13          	andi	t5,zero,0
 180:	0200                	addi	s0,sp,256
 182:	4891                	li	a7,4
 184:	6301                	.2byte	0x6301
 186:	0200                	addi	s0,sp,256
 188:	0a26                	slli	s4,s4,0x9
 18a:	0218                	addi	a4,sp,256
 18c:	0000                	unimp
 18e:	7ee89103          	lh	sp,2030(a7)
 192:	00014a07          	.4byte	0x14a07
 196:	2880                	.2byte	0x2880
 198:	0000                	unimp
 19a:	8900                	.2byte	0x8900
 19c:	0001                	nop
 19e:	0100                	addi	s0,sp,128
 1a0:	0069                	c.nop	26
 1a2:	2702                	.2byte	0x2702
 1a4:	940e                	add	s0,s0,gp
 1a6:	0000                	unimp
 1a8:	0200                	addi	s0,sp,256
 1aa:	4491                	li	s1,4
 1ac:	0700                	addi	s0,sp,896
 1ae:	0180                	addi	s0,sp,192
 1b0:	8000                	.2byte	0x8000
 1b2:	0036                	c.slli	zero,0xd
 1b4:	0000                	unimp
 1b6:	01a4                	addi	s1,sp,200
 1b8:	0000                	unimp
 1ba:	6901                	.2byte	0x6901
 1bc:	0200                	addi	s0,sp,256
 1be:	0f2d                	addi	t5,t5,11 # fffe600b <CLASS_NAMES+0x7ffe545b>
 1c0:	0094                	addi	a3,sp,64
 1c2:	0000                	unimp
 1c4:	9102                	jalr	sp
 1c6:	0040                	addi	s0,sp,4
 1c8:	0001e407          	.4byte	0x1e407
 1cc:	2e80                	.2byte	0x2e80
 1ce:	0000                	unimp
 1d0:	c000                	sw	s0,0(s0)
 1d2:	0001                	nop
 1d4:	0100                	addi	s0,sp,128
 1d6:	0069                	c.nop	26
 1d8:	3102                	.2byte	0x3102
 1da:	940e                	add	s0,s0,gp
 1dc:	0000                	unimp
 1de:	0300                	addi	s0,sp,384
 1e0:	bc91                	j	fffffc34 <CLASS_NAMES+0x7ffff084>
 1e2:	007f                	.2byte	0x7f
 1e4:	1c06                	slli	s8,s8,0x21
 1e6:	0002                	c.slli64	zero
 1e8:	9a80                	.2byte	0x9a80
 1ea:	0000                	unimp
 1ec:	0100                	addi	s0,sp,128
 1ee:	006e                	c.slli	zero,0x1b
 1f0:	3702                	.2byte	0x3702
 1f2:	00007f13          	andi	t5,zero,0
 1f6:	0300                	addi	s0,sp,384
 1f8:	b891                	j	fffffa4c <CLASS_NAMES+0x7fffee9c>
 1fa:	017f                	.2byte	0x17f
 1fc:	0069                	c.nop	26
 1fe:	3802                	.2byte	0x3802
 200:	6c0a                	.2byte	0x6c0a
 202:	0000                	unimp
 204:	0300                	addi	s0,sp,384
 206:	b491                	j	fffffc4a <CLASS_NAMES+0x7ffff09a>
 208:	067f                	.2byte	0x67f
 20a:	0260                	addi	s0,sp,268
 20c:	8000                	.2byte	0x8000
 20e:	0042                	c.slli	zero,0x10
 210:	0000                	unimp
 212:	6401                	.2byte	0x6401
 214:	0200                	addi	s0,sp,256
 216:	0b41                	addi	s6,s6,16 # 1a010 <_prog_start-0x7ffe5ff0>
 218:	006c                	addi	a1,sp,12
 21a:	0000                	unimp
 21c:	7fac9103          	lh	sp,2042(s9)
 220:	0000                	unimp
 222:	0000                	unimp
 224:	0c08                	addi	a0,sp,528
 226:	0002                	c.slli64	zero
 228:	0200                	addi	s0,sp,256
 22a:	0801                	addi	a6,a6,0
 22c:	00bd                	addi	ra,ra,15
 22e:	0000                	unimp
 230:	0509                	addi	a0,a0,2 # 1b002 <_prog_start-0x7ffe4ffe>
 232:	0002                	c.slli64	zero
 234:	0200                	addi	s0,sp,256
 236:	0201                	addi	tp,tp,0 # 0 <_prog_start-0x80000000>
 238:	01a1                	addi	gp,gp,8
 23a:	0000                	unimp
 23c:	0510                	addi	a2,sp,640
 23e:	0002                	c.slli64	zero
 240:	2800                	.2byte	0x2800
 242:	0002                	c.slli64	zero
 244:	1100                	addi	s0,sp,160
 246:	0000009b          	.4byte	0x9b
 24a:	900a003f 0f000001 	.8byte	0xf000001900a003f
 252:	00a4                	addi	s1,sp,72
 254:	8000                	.2byte	0x8000
 256:	0024                	addi	s1,sp,8
 258:	0000                	unimp
 25a:	9c01                	.2byte	0x9c01
 25c:	024a                	slli	tp,tp,0x12
 25e:	0000                	unimp
 260:	7305                	lui	t1,0xfffe1
 262:	0200                	addi	s0,sp,256
 264:	0200180f          	.4byte	0x200180f
 268:	0000                	unimp
 26a:	9102                	jalr	sp
 26c:	006c                	addi	a1,sp,12
 26e:	8f12                	mv	t5,tp
 270:	0001                	nop
 272:	0200                	addi	s0,sp,256
 274:	1408                	addi	a0,sp,544
 276:	0066                	c.slli	zero,0x19
 278:	8000                	.2byte	0x8000
 27a:	003e                	c.slli	zero,0xf
 27c:	0000                	unimp
 27e:	9c01                	.2byte	0x9c01
 280:	0000027b          	.4byte	0x27b
 284:	7305                	lui	t1,0xfffe1
 286:	0200                	addi	s0,sp,256
 288:	2708                	.2byte	0x2708
 28a:	0200                	addi	s0,sp,256
 28c:	0000                	unimp
 28e:	9102                	jalr	sp
 290:	015c                	addi	a5,sp,132
 292:	0a020063          	beqz	tp,332 <_prog_start-0x7ffffcce>
 296:	00020507          	.4byte	0x20507
 29a:	0200                	addi	s0,sp,256
 29c:	6f91                	lui	t6,0x4
 29e:	1300                	addi	s0,sp,416
 2a0:	0000019b          	.4byte	0x19b
 2a4:	1501                	addi	a0,a0,-32
 2a6:	2a14                	.2byte	0x2a14
 2a8:	0000                	unimp
 2aa:	3c80                	.2byte	0x3c80
 2ac:	0000                	unimp
 2ae:	0100                	addi	s0,sp,128
 2b0:	059c                	addi	a5,sp,704
 2b2:	15010063          	beq	sp,a6,3f2 <_prog_start-0x7ffffc0e>
 2b6:	051f 0002 0200      	.byte	0x1f, 0x05, 0x02, 0x00, 0x00, 0x02
 2bc:	5f91                	li	t6,-28
 2be:	7401                	lui	s0,0xfffe0
 2c0:	0078                	addi	a4,sp,12
 2c2:	1701                	addi	a4,a4,-32
 2c4:	d115                	beqz	a0,1e8 <_prog_start-0x7ffffe18>
 2c6:	0000                	unimp
 2c8:	0200                	addi	s0,sp,256
 2ca:	6c91                	lui	s9,0x4
 2cc:	7201                	lui	tp,0xfffe0
 2ce:	0100                	addi	s0,sp,128
 2d0:	0a19                	addi	s4,s4,6
 2d2:	00a2                	slli	ra,ra,0x8
 2d4:	0000                	unimp
 2d6:	9102                	jalr	sp
 2d8:	0068                	addi	a0,sp,12
 2da:	1a00                	addi	s0,sp,304
 2dc:	0005                	c.nop	1
 2de:	0500                	addi	s0,sp,640
 2e0:	0100                	addi	s0,sp,128
 2e2:	1904                	addi	s1,sp,176
 2e4:	0001                	nop
 2e6:	0f00                	addi	s0,sp,912
 2e8:	0000010f          	.4byte	0x10f
 2ec:	171d                	addi	a4,a4,-25
 2ee:	0002                	c.slli64	zero
 2f0:	0000                	unimp
 2f2:	0000                	unimp
 2f4:	3400                	.2byte	0x3400
 2f6:	26800003          	lb	zero,616(zero) # 268 <_prog_start-0x7ffffd98>
 2fa:	0008                	.2byte	0x8
 2fc:	0c00                	addi	s0,sp,528
 2fe:	0004                	.2byte	0x4
 300:	0300                	addi	s0,sp,384
 302:	0601                	addi	a2,a2,0 # fffe0000 <CLASS_NAMES+0x7ffdf450>
 304:	00b6                	slli	ra,ra,0xd
 306:	0000                	unimp
 308:	1005                	c.nop	-31
 30a:	0002                	c.slli64	zero
 30c:	0200                	addi	s0,sp,256
 30e:	0039182b          	.4byte	0x39182b
 312:	0000                	unimp
 314:	b4080103          	lb	sp,-1216(a6)
 318:	0000                	unimp
 31a:	0300                	addi	s0,sp,384
 31c:	0502                	c.slli64	a0
 31e:	0185                	addi	gp,gp,1
 320:	0000                	unimp
 322:	c2070203          	lb	tp,-992(a4)
 326:	0000                	unimp
 328:	0500                	addi	s0,sp,640
 32a:	0000008b          	.4byte	0x8b
 32e:	4d02                	lw	s10,0(sp)
 330:	5a18                	lw	a4,48(a2)
 332:	0000                	unimp
 334:	0300                	addi	s0,sp,384
 336:	0504                	addi	s1,sp,640
 338:	0106                	slli	sp,sp,0x1
 33a:	0000                	unimp
 33c:	d505                	beqz	a0,264 <_prog_start-0x7ffffd9c>
 33e:	0000                	unimp
 340:	0200                	addi	s0,sp,256
 342:	006d194f          	.4byte	0x6d194f
 346:	0000                	unimp
 348:	ef070403          	lb	s0,-272(a4)
 34c:	0000                	unimp
 34e:	0300                	addi	s0,sp,384
 350:	0508                	addi	a0,sp,640
 352:	0101                	addi	sp,sp,0
 354:	0000                	unimp
 356:	ea070803          	lb	a6,-352(a4)
 35a:	0000                	unimp
 35c:	1000                	addi	s0,sp,32
 35e:	0504                	addi	s1,sp,640
 360:	6e69                	lui	t3,0x1a
 362:	0074                	addi	a3,sp,12
 364:	f4070403          	lb	s0,-192(a4)
 368:	0000                	unimp
 36a:	0500                	addi	s0,sp,640
 36c:	0212                	slli	tp,tp,0x4
 36e:	0000                	unimp
 370:	2d131803          	lh	a6,721(t1) # fffe12d1 <CLASS_NAMES+0x7ffe0721>
 374:	0000                	unimp
 376:	0500                	addi	s0,sp,640
 378:	008d                	addi	ra,ra,3
 37a:	0000                	unimp
 37c:	4e132c03          	lw	s8,1249(t1)
 380:	0000                	unimp
 382:	0500                	addi	s0,sp,640
 384:	000000d7          	.4byte	0xd7
 388:	61143003          	.4byte	0x61143003
 38c:	0000                	unimp
 38e:	1100                	addi	s0,sp,160
 390:	00a8                	addi	a0,sp,72
 392:	0000                	unimp
 394:	28041003          	lh	zero,640(s0) # fffe0280 <CLASS_NAMES+0x7ffdf6d0>
 398:	0002                	c.slli64	zero
 39a:	0100                	addi	s0,sp,128
 39c:	0196                	slli	gp,gp,0x5
 39e:	0000                	unimp
 3a0:	1304                	addi	s1,sp,416
 3a2:	d722                	sw	s0,172(sp)
 3a4:	0000                	unimp
 3a6:	0500                	addi	s0,sp,640
 3a8:	000ba403          	lw	s0,0(s7)
 3ac:	0780                	addi	s0,sp,960
 3ae:	00b4                	addi	a3,sp,72
 3b0:	0000                	unimp
 3b2:	d20c                	sw	a1,32(a2)
 3b4:	0000                	unimp
 3b6:	0100                	addi	s0,sp,128
 3b8:	02c0                	addi	s0,sp,324
 3ba:	0000                	unimp
 3bc:	0d01                	addi	s10,s10,0
 3be:	d722                	sw	s0,172(sp)
 3c0:	0000                	unimp
 3c2:	0500                	addi	s0,sp,640
 3c4:	000ba803          	lw	a6,0(s7)
 3c8:	0280                	addi	s0,sp,320
 3ca:	00697073          	csrci	0x6,18
 3ce:	220e                	.2byte	0x220e
 3d0:	000000d7          	.4byte	0xd7
 3d4:	0305                	addi	t1,t1,1
 3d6:	0bac                	addi	a1,sp,472
 3d8:	8000                	.2byte	0x8000
 3da:	0f08                	addi	a0,sp,912
 3dc:	0001                	nop
 3de:	0f00                	addi	s0,sp,912
 3e0:	0001                	nop
 3e2:	0a00                	addi	s0,sp,272
 3e4:	0089                	addi	ra,ra,2
 3e6:	0000                	unimp
 3e8:	0005                	c.nop	1
 3ea:	00011b07          	.4byte	0x11b07
 3ee:	0300                	addi	s0,sp,384
 3f0:	0801                	addi	a6,a6,0
 3f2:	00bd                	addi	ra,ra,15
 3f4:	0000                	unimp
 3f6:	140c                	addi	a1,sp,544
 3f8:	0001                	nop
 3fa:	1200                	addi	s0,sp,288
 3fc:	0234                	addi	a3,sp,264
 3fe:	0000                	unimp
 400:	1b01                	addi	s6,s6,-32
 402:	ff0d                	bnez	a4,33c <_prog_start-0x7ffffcc4>
 404:	0000                	unimp
 406:	0500                	addi	s0,sp,640
 408:	000bb003          	.4byte	0xbb003
 40c:	1380                	addi	s0,sp,480
 40e:	009d                	addi	ra,ra,7
 410:	0000                	unimp
 412:	2704                	.2byte	0x2704
 414:	450d                	li	a0,3
 416:	0001                	nop
 418:	1400                	addi	s0,sp,544
 41a:	0000010f          	.4byte	0x10f
 41e:	0015                	c.nop	5
 420:	c50d                	beqz	a0,44a <_prog_start-0x7ffffbb6>
 422:	0001                	nop
 424:	5900                	lw	s0,48(a0)
 426:	0082                	c.slli64	ra
 428:	0000                	unimp
 42a:	05fe                	slli	a1,a1,0x1f
 42c:	8000                	.2byte	0x8000
 42e:	055c                	addi	a5,sp,644
 430:	0000                	unimp
 432:	9c01                	.2byte	0x9c01
 434:	036c                	addi	a1,sp,396
 436:	0000                	unimp
 438:	ca09                	beqz	a2,44a <_prog_start-0x7ffffbb6>
 43a:	0001                	nop
 43c:	5900                	lw	s0,48(a0)
 43e:	820e                	mv	tp,gp
 440:	0000                	unimp
 442:	0300                	addi	s0,sp,384
 444:	fc91                	bnez	s1,360 <_prog_start-0x7ffffca0>
 446:	096a                	slli	s2,s2,0x1a
 448:	0276                	slli	tp,tp,0x1d
 44a:	0000                	unimp
 44c:	1d59                	addi	s10,s10,-10
 44e:	036c                	addi	a1,sp,396
 450:	0000                	unimp
 452:	6af89103          	lh	sp,1711(a7)
 456:	f801                	bnez	s0,366 <_prog_start-0x7ffffc9a>
 458:	0002                	c.slli64	zero
 45a:	0100                	addi	s0,sp,128
 45c:	03760e67          	jalr	t3,55(a2)
 460:	0000                	unimp
 462:	6f9c9103          	lh	sp,1785(s9) # 46f9 <_prog_start-0x7fffb907>
 466:	b001                	j	fffffc66 <CLASS_NAMES+0x7ffff0b6>
 468:	0002                	c.slli64	zero
 46a:	0100                	addi	s0,sp,128
 46c:	0e68                	addi	a0,sp,796
 46e:	0385                	addi	t2,t2,1
 470:	0000                	unimp
 472:	7fbc9103          	lh	sp,2043(s9)
 476:	9f01                	.2byte	0x9f01
 478:	0002                	c.slli64	zero
 47a:	0100                	addi	s0,sp,128
 47c:	0e7c                	addi	a5,sp,796
 47e:	038a                	slli	t2,t2,0x2
 480:	0000                	unimp
 482:	6f849103          	lh	sp,1784(s1)
 486:	f901                	bnez	a0,396 <_prog_start-0x7ffffc6a>
 488:	0001                	nop
 48a:	0100                	addi	s0,sp,128
 48c:	0e7d                	addi	t3,t3,31 # 1a01f <_prog_start-0x7ffe5fe1>
 48e:	00a8                	addi	a0,sp,72
 490:	0000                	unimp
 492:	9102                	jalr	sp
 494:	0164                	addi	s1,sp,140
 496:	02c9                	addi	t0,t0,18
 498:	0000                	unimp
 49a:	e401                	bnez	s0,4a2 <_prog_start-0x7ffffb5e>
 49c:	a80e                	.2byte	0xa80e
 49e:	0000                	unimp
 4a0:	0300                	addi	s0,sp,384
 4a2:	b891                	j	fffffcf6 <CLASS_NAMES+0x7ffff146>
 4a4:	067f                	.2byte	0x67f
 4a6:	0678                	addi	a4,sp,780
 4a8:	8000                	.2byte	0x8000
 4aa:	0038                	addi	a4,sp,8
 4ac:	0000                	unimp
 4ae:	01e4                	addi	s1,sp,204
 4b0:	0000                	unimp
 4b2:	7302                	.2byte	0x7302
 4b4:	6a00                	.2byte	0x6a00
 4b6:	820e                	mv	tp,gp
 4b8:	0000                	unimp
 4ba:	0200                	addi	s0,sp,256
 4bc:	6c91                	lui	s9,0x4
 4be:	0600                	addi	s0,sp,768
 4c0:	06bc                	addi	a5,sp,840
 4c2:	8000                	.2byte	0x8000
 4c4:	0050                	addi	a2,sp,4
 4c6:	0000                	unimp
 4c8:	0201                	addi	tp,tp,0 # fffe0000 <CLASS_NAMES+0x7ffdf450>
 4ca:	0000                	unimp
 4cc:	f201                	bnez	a2,3cc <_prog_start-0x7ffffc34>
 4ce:	0002                	c.slli64	zero
 4d0:	0100                	addi	s0,sp,128
 4d2:	0e71                	addi	t3,t3,28
 4d4:	0082                	c.slli64	ra
 4d6:	0000                	unimp
 4d8:	9102                	jalr	sp
 4da:	0068                	addi	a0,sp,12
 4dc:	4406                	lw	s0,64(sp)
 4de:	0e800007          	.4byte	0xe800007
 4e2:	3c000003          	lb	zero,960(zero) # 3c0 <_prog_start-0x7ffffc40>
 4e6:	01000003          	lb	zero,16(zero) # 10 <_prog_start-0x7ffffff0>
 4ea:	01b1                	addi	gp,gp,12
 4ec:	0000                	unimp
 4ee:	8001                	c.srli64	s0
 4f0:	820e                	mv	tp,gp
 4f2:	0000                	unimp
 4f4:	0200                	addi	s0,sp,256
 4f6:	6091                	lui	ra,0x4
 4f8:	4a04                	lw	s1,16(a2)
 4fa:	f4800007          	.4byte	0xf4800007
 4fe:	0002                	c.slli64	zero
 500:	0100                	addi	s0,sp,128
 502:	02a5                	addi	t0,t0,9
 504:	0000                	unimp
 506:	8101                	c.srli64	a0
 508:	a812                	.2byte	0xa812
 50a:	0000                	unimp
 50c:	0200                	addi	s0,sp,256
 50e:	5c91                	li	s9,-28
 510:	5901                	li	s2,-32
 512:	0002                	c.slli64	zero
 514:	0100                	addi	s0,sp,128
 516:	1282                	slli	t0,t0,0x20
 518:	00a8                	addi	a0,sp,72
 51a:	0000                	unimp
 51c:	9102                	jalr	sp
 51e:	0158                	addi	a4,sp,132
 520:	0295                	addi	t0,t0,5
 522:	0000                	unimp
 524:	d101                	beqz	a0,424 <_prog_start-0x7ffffbdc>
 526:	a812                	.2byte	0xa812
 528:	0000                	unimp
 52a:	0300                	addi	s0,sp,384
 52c:	b091                	j	fffffd70 <CLASS_NAMES+0x7ffff1c0>
 52e:	047f                	.2byte	0x47f
 530:	078c                	addi	a1,sp,960
 532:	8000                	.2byte	0x8000
 534:	020e                	slli	tp,tp,0x3
 536:	0000                	unimp
 538:	b501                	j	338 <_prog_start-0x7ffffcc8>
 53a:	0001                	nop
 53c:	0100                	addi	s0,sp,128
 53e:	1288                	addi	a0,sp,352
 540:	0082                	c.slli64	ra
 542:	0000                	unimp
 544:	9102                	jalr	sp
 546:	0454                	addi	a3,sp,516
 548:	0792                	slli	a5,a5,0x4
 54a:	8000                	.2byte	0x8000
 54c:	01f2                	slli	gp,gp,0x1c
 54e:	0000                	unimp
 550:	6401                	.2byte	0x6401
 552:	0002                	c.slli64	zero
 554:	0100                	addi	s0,sp,128
 556:	168a                	slli	a3,a3,0x22
 558:	00a8                	addi	a0,sp,72
 55a:	0000                	unimp
 55c:	7fac9103          	lh	sp,2042(s9) # 47fa <_prog_start-0x7fffb806>
 560:	7b01                	lui	s6,0xfffe0
 562:	0002                	c.slli64	zero
 564:	0100                	addi	s0,sp,128
 566:	00a8168b          	.4byte	0xa8168b
 56a:	0000                	unimp
 56c:	7fa89103          	lh	sp,2042(a7)
 570:	1a01                	addi	s4,s4,-32
 572:	0002                	c.slli64	zero
 574:	0100                	addi	s0,sp,128
 576:	158d                	addi	a1,a1,-29
 578:	039a                	slli	t2,t2,0x6
 57a:	0000                	unimp
 57c:	6b849103          	lh	sp,1720(s1)
 580:	4001                	c.li	zero,0
 582:	0002                	c.slli64	zero
 584:	0100                	addi	s0,sp,128
 586:	16b5                	addi	a3,a3,-19
 588:	00a8                	addi	a0,sp,72
 58a:	0000                	unimp
 58c:	9102                	jalr	sp
 58e:	0144                	addi	s1,sp,132
 590:	000001a7          	.4byte	0x1a7
 594:	ba01                	j	fffffea4 <CLASS_NAMES+0x7ffff2f4>
 596:	a816                	.2byte	0xa816
 598:	0000                	unimp
 59a:	0300                	addi	s0,sp,384
 59c:	a491                	j	7e0 <_prog_start-0x7ffff820>
 59e:	017f                	.2byte	0x17f
 5a0:	02d8                	addi	a4,sp,324
 5a2:	0000                	unimp
 5a4:	bb01                	j	2b4 <_prog_start-0x7ffffd4c>
 5a6:	9015                	srli	s0,s0,0x25
 5a8:	0000                	unimp
 5aa:	0300                	addi	s0,sp,384
 5ac:	a391                	j	af0 <_prog_start-0x7ffff510>
 5ae:	067f                	.2byte	0x67f
 5b0:	07f2                	slli	a5,a5,0x1c
 5b2:	8000                	.2byte	0x8000
 5b4:	0034                	addi	a3,sp,8
 5b6:	0000                	unimp
 5b8:	02ee                	slli	t0,t0,0x1b
 5ba:	0000                	unimp
 5bc:	7002                	.2byte	0x7002
 5be:	9c00                	.2byte	0x9c00
 5c0:	8216                	mv	tp,t0
 5c2:	0000                	unimp
 5c4:	0200                	addi	s0,sp,256
 5c6:	5091                	li	ra,-28
 5c8:	0600                	addi	s0,sp,768
 5ca:	0826                	slli	a6,a6,0x9
 5cc:	8000                	.2byte	0x8000
 5ce:	004e                	c.slli	zero,0x13
 5d0:	0000                	unimp
 5d2:	0322                	slli	t1,t1,0x8
 5d4:	0000                	unimp
 5d6:	6902                	.2byte	0x6902
 5d8:	a200                	.2byte	0xa200
 5da:	8216                	mv	tp,t0
 5dc:	0000                	unimp
 5de:	0200                	addi	s0,sp,256
 5e0:	4c91                	li	s9,4
 5e2:	2c04                	.2byte	0x2c04
 5e4:	0008                	.2byte	0x8
 5e6:	3280                	.2byte	0x3280
 5e8:	0000                	unimp
 5ea:	0100                	addi	s0,sp,128
 5ec:	0289                	addi	t0,t0,2
 5ee:	0000                	unimp
 5f0:	a301                	j	af0 <_prog_start-0x7ffff510>
 5f2:	a81a                	.2byte	0xa81a
 5f4:	0000                	unimp
 5f6:	0300                	addi	s0,sp,384
 5f8:	9c91                	.2byte	0x9c91
 5fa:	007f                	.2byte	0x7f
 5fc:	0400                	addi	s0,sp,512
 5fe:	0874                	addi	a3,sp,28
 600:	8000                	.2byte	0x8000
 602:	0034                	addi	a3,sp,8
 604:	0000                	unimp
 606:	7002                	.2byte	0x7002
 608:	aa00                	.2byte	0xaa00
 60a:	8216                	mv	tp,t0
 60c:	0000                	unimp
 60e:	0200                	addi	s0,sp,256
 610:	4891                	li	a7,4
 612:	0000                	unimp
 614:	0000                	unimp
 616:	0400                	addi	s0,sp,512
 618:	0a6a                	slli	s4,s4,0x1a
 61a:	8000                	.2byte	0x8000
 61c:	0098                	addi	a4,sp,64
 61e:	0000                	unimp
 620:	6302                	.2byte	0x6302
 622:	dc00                	sw	s0,56(s0)
 624:	820e                	mv	tp,gp
 626:	0000                	unimp
 628:	0200                	addi	s0,sp,256
 62a:	4091                	li	ra,4
 62c:	7004                	.2byte	0x7004
 62e:	000a                	c.slli	zero,0x2
 630:	7e80                	.2byte	0x7e80
 632:	0000                	unimp
 634:	0200                	addi	s0,sp,256
 636:	6361                	lui	t1,0x18
 638:	12dd0063          	beq	s10,a3,758 <_prog_start-0x7ffff8a8>
 63c:	00a8                	addi	a0,sp,72
 63e:	0000                	unimp
 640:	7fb49103          	lh	sp,2043(s1)
 644:	0000                	unimp
 646:	0700                	addi	s0,sp,896
 648:	0371                	addi	t1,t1,28 # 1801c <_prog_start-0x7ffe7fe4>
 64a:	0000                	unimp
 64c:	00011407          	.4byte	0x11407
 650:	0800                	addi	s0,sp,16
 652:	00a8                	addi	a0,sp,72
 654:	0000                	unimp
 656:	0385                	addi	t2,t2,1
 658:	0000                	unimp
 65a:	890e                	mv	s2,gp
 65c:	0000                	unimp
 65e:	0000                	unimp
 660:	00009007          	.4byte	0x9007
 664:	0800                	addi	s0,sp,16
 666:	00a8                	addi	a0,sp,72
 668:	0000                	unimp
 66a:	039a                	slli	t2,t2,0x6
 66c:	0000                	unimp
 66e:	890a                	mv	s2,sp
 670:	0000                	unimp
 672:	0500                	addi	s0,sp,640
 674:	0800                	addi	s0,sp,16
 676:	0090                	addi	a2,sp,64
 678:	0000                	unimp
 67a:	03a9                	addi	t2,t2,10
 67c:	0000                	unimp
 67e:	890e                	mv	s2,gp
 680:	0000                	unimp
 682:	0000                	unimp
 684:	ea0d                	bnez	a2,6b6 <_prog_start-0x7ffff94a>
 686:	0001                	nop
 688:	4400                	lw	s0,8(s0)
 68a:	0082                	c.slli64	ra
 68c:	0000                	unimp
 68e:	04ac                	addi	a1,sp,584
 690:	8000                	.2byte	0x8000
 692:	0152                	slli	sp,sp,0x14
 694:	0000                	unimp
 696:	9c01                	.2byte	0x9c01
 698:	041a                	slli	s0,s0,0x6
 69a:	0000                	unimp
 69c:	4d09                	li	s10,2
 69e:	0002                	c.slli64	zero
 6a0:	4400                	lw	s0,8(s0)
 6a2:	a81d                	j	6d8 <_prog_start-0x7ffff928>
 6a4:	0000                	unimp
 6a6:	0200                	addi	s0,sp,256
 6a8:	5c91                	li	s9,-28
 6aa:	2109                	jal	aac <_prog_start-0x7ffff554>
 6ac:	0002                	c.slli64	zero
 6ae:	4400                	lw	s0,8(s0)
 6b0:	00038533          	add	a0,t2,zero
 6b4:	0200                	addi	s0,sp,256
 6b6:	5891                	li	a7,-28
 6b8:	6e02                	.2byte	0x6e02
 6ba:	4d00                	lw	s0,24(a0)
 6bc:	00006d13          	ori	s10,zero,0
 6c0:	0200                	addi	s0,sp,256
 6c2:	6c91                	lui	s9,0x4
 6c4:	8606                	mv	a2,ra
 6c6:	0005                	c.nop	1
 6c8:	3480                	.2byte	0x3480
 6ca:	0000                	unimp
 6cc:	0300                	addi	s0,sp,384
 6ce:	0004                	.2byte	0x4
 6d0:	0200                	addi	s0,sp,256
 6d2:	0069                	c.nop	26
 6d4:	0e51                	addi	t3,t3,20
 6d6:	0082                	c.slli64	ra
 6d8:	0000                	unimp
 6da:	9102                	jalr	sp
 6dc:	0068                	addi	a0,sp,12
 6de:	d004                	sw	s1,32(s0)
 6e0:	0005                	c.nop	1
 6e2:	2080                	.2byte	0x2080
 6e4:	0000                	unimp
 6e6:	0200                	addi	s0,sp,256
 6e8:	0064                	addi	s1,sp,12
 6ea:	0d55                	addi	s10,s10,21
 6ec:	0082                	c.slli64	ra
 6ee:	0000                	unimp
 6f0:	9102                	jalr	sp
 6f2:	0064                	addi	s1,sp,12
 6f4:	1600                	addi	s0,sp,800
 6f6:	01de                	slli	gp,gp,0x17
 6f8:	0000                	unimp
 6fa:	3d01                	jal	50a <_prog_start-0x7ffffaf6>
 6fc:	00009017          	auipc	zero,0x9
 700:	6c00                	.2byte	0x6c00
 702:	0004                	.2byte	0x4
 704:	4080                	lw	s0,0(s1)
 706:	0000                	unimp
 708:	0100                	addi	s0,sp,128
 70a:	4d9c                	lw	a5,24(a1)
 70c:	0004                	.2byte	0x4
 70e:	0b00                	addi	s0,sp,400
 710:	0064                	addi	s1,sp,12
 712:	2b3d                	jal	c50 <_prog_start-0x7ffff3b0>
 714:	0090                	addi	a2,sp,64
 716:	0000                	unimp
 718:	9102                	jalr	sp
 71a:	025f 0072 0d3e      	.byte	0x5f, 0x02, 0x72, 0x00, 0x3e, 0x0d
 720:	009c                	addi	a5,sp,64
 722:	0000                	unimp
 724:	9102                	jalr	sp
 726:	006c                	addi	a1,sp,12
 728:	0001d117          	auipc	sp,0x1d
 72c:	0100                	addi	s0,sp,128
 72e:	04321433          	.4byte	0x4321433
 732:	8000                	.2byte	0x8000
 734:	003a                	c.slli	zero,0xe
 736:	0000                	unimp
 738:	9c01                	.2byte	0x9c01
 73a:	0496                	slli	s1,s1,0x5
 73c:	0000                	unimp
 73e:	d709                	beqz	a4,648 <_prog_start-0x7ffff9b8>
 740:	0001                	nop
 742:	3300                	.2byte	0x3300
 744:	a82a                	.2byte	0xa82a
 746:	0000                	unimp
 748:	0200                	addi	s0,sp,256
 74a:	5c91                	li	s9,-28
 74c:	0901                	addi	s2,s2,0 # 1000 <_prog_start-0x7ffff000>
 74e:	01000003          	lb	zero,16(zero) # 10 <_prog_start-0x7ffffff0>
 752:	0e34                	addi	a3,sp,792
 754:	00a8                	addi	a0,sp,72
 756:	0000                	unimp
 758:	9102                	jalr	sp
 75a:	186c                	addi	a1,sp,60
 75c:	000c                	.2byte	0xc
 75e:	0000                	unimp
 760:	0401                	addi	s0,s0,0
 762:	0002                	c.slli64	zero
 764:	0100                	addi	s0,sp,128
 766:	00a81237          	lui	tp,0xa81
 76a:	0000                	unimp
 76c:	9102                	jalr	sp
 76e:	0068                	addi	a0,sp,12
 770:	1900                	addi	s0,sp,176
 772:	00000313          	li	t1,0
 776:	2b01                	jal	c86 <_prog_start-0x7ffff37a>
 778:	aa06                	.2byte	0xaa06
 77a:	88800003          	lb	zero,-1912(zero) # fffff888 <CLASS_NAMES+0x7fffecd8>
 77e:	0000                	unimp
 780:	0100                	addi	s0,sp,128
 782:	e09c                	.2byte	0xe09c
 784:	0004                	.2byte	0x4
 786:	0b00                	addi	s0,sp,400
 788:	6176                	.2byte	0x6176
 78a:	006c                	addi	a1,sp,12
 78c:	00a81b2b          	.4byte	0xa81b2b
 790:	0000                	unimp
 792:	9102                	jalr	sp
 794:	014c                	addi	a1,sp,132
 796:	02e8                	addi	a0,sp,332
 798:	0000                	unimp
 79a:	2c01                	jal	9aa <_prog_start-0x7ffff656>
 79c:	e00a                	.2byte	0xe00a
 79e:	0004                	.2byte	0x4
 7a0:	0200                	addi	s0,sp,256
 7a2:	5891                	li	a7,-28
 7a4:	e804                	.2byte	0xe804
 7a6:	3e800003          	lb	zero,1000(zero) # 3e8 <_prog_start-0x7ffffc18>
 7aa:	0000                	unimp
 7ac:	0200                	addi	s0,sp,256
 7ae:	0069                	c.nop	26
 7b0:	0e2e                	slli	t3,t3,0xb
 7b2:	0082                	c.slli64	ra
 7b4:	0000                	unimp
 7b6:	9102                	jalr	sp
 7b8:	006c                	addi	a1,sp,12
 7ba:	0800                	addi	s0,sp,16
 7bc:	0114                	addi	a3,sp,128
 7be:	0000                	unimp
 7c0:	04f0                	addi	a2,sp,588
 7c2:	0000                	unimp
 7c4:	890a                	mv	s2,sp
 7c6:	0000                	unimp
 7c8:	1000                	addi	s0,sp,32
 7ca:	1a00                	addi	s0,sp,304
 7cc:	000001bb          	.4byte	0x1bb
 7d0:	2401                	jal	9d0 <_prog_start-0x7ffff630>
 7d2:	3406                	.2byte	0x3406
 7d4:	76800003          	lb	zero,1896(zero) # 768 <_prog_start-0x7ffff898>
 7d8:	0000                	unimp
 7da:	0100                	addi	s0,sp,128
 7dc:	0b9c                	addi	a5,sp,464
 7de:	6176                	.2byte	0x6176
 7e0:	006c                	addi	a1,sp,12
 7e2:	1424                	addi	s1,sp,552
 7e4:	0082                	c.slli64	ra
 7e6:	0000                	unimp
 7e8:	9102                	jalr	sp
 7ea:	025c                	addi	a5,sp,260
 7ec:	0a270063          	beq	a4,sp,88c <_prog_start-0x7ffff774>
 7f0:	0114                	addi	a3,sp,128
 7f2:	0000                	unimp
 7f4:	9102                	jalr	sp
 7f6:	6f 00 00            	Address 0x00000000000007f6 is out of bounds.


Disassembly of section .debug_abbrev:

00000000 <.debug_abbrev>:
   0:	1101                	addi	sp,sp,-32 # 1d708 <_prog_start-0x7ffe28f8>
   2:	1000                	addi	s0,sp,32
   4:	12011117          	auipc	sp,0x12011
   8:	1b0e030f          	.4byte	0x1b0e030f
   c:	250e                	.2byte	0x250e
   e:	130e                	slli	t1,t1,0x23
  10:	0005                	c.nop	1
  12:	0000                	unimp
  14:	3401                	jal	fffffa14 <CLASS_NAMES+0x7fffee64>
  16:	0300                	addi	s0,sp,384
  18:	3a08                	.2byte	0x3a08
  1a:	390b3b0b          	.4byte	0x390b3b0b
  1e:	0213490b          	.4byte	0x213490b
  22:	0018                	.2byte	0x18
  24:	0200                	addi	s0,sp,256
  26:	0024                	addi	s1,sp,8
  28:	0b3e0b0b          	.4byte	0xb3e0b0b
  2c:	00000e03          	lb	t3,0(zero) # 0 <_prog_start-0x80000000>
  30:	03001603          	lh	a2,48(zero) # 30 <_prog_start-0x7fffffd0>
  34:	3a0e                	.2byte	0x3a0e
  36:	390b3b0b          	.4byte	0x390b3b0b
  3a:	0013490b          	.4byte	0x13490b
  3e:	0400                	addi	s0,sp,512
  40:	0034                	addi	a3,sp,8
  42:	0b3a0e03          	lb	t3,179(s4)
  46:	0b390b3b          	.4byte	0xb390b3b
  4a:	1349                	addi	t1,t1,-14
  4c:	1802                	slli	a6,a6,0x20
  4e:	0000                	unimp
  50:	0505                	addi	a0,a0,1
  52:	0300                	addi	s0,sp,384
  54:	3a08                	.2byte	0x3a08
  56:	390b3b0b          	.4byte	0x390b3b0b
  5a:	0213490b          	.4byte	0x213490b
  5e:	0018                	.2byte	0x18
  60:	0600                	addi	s0,sp,768
  62:	0111010b          	.4byte	0x111010b
  66:	0612                	slli	a2,a2,0x4
  68:	0000                	unimp
  6a:	11010b07          	.4byte	0x11010b07
  6e:	1201                	addi	tp,tp,-32 # a80fe0 <_prog_start-0x7f57f020>
  70:	0106                	slli	sp,sp,0x1
  72:	08000013          	li	zero,128
  76:	210b000f          	.4byte	0x210b000f
  7a:	4904                	lw	s1,16(a0)
  7c:	09000013          	li	zero,144
  80:	0026                	c.slli	zero,0x9
  82:	1349                	addi	t1,t1,-14
  84:	0000                	unimp
  86:	2e0a                	.2byte	0x2e0a
  88:	3f01                	jal	ffffff98 <CLASS_NAMES+0x7ffff3e8>
  8a:	0319                	addi	t1,t1,6
  8c:	3a0e                	.2byte	0x3a0e
  8e:	0221                	addi	tp,tp,8 # 8 <_prog_start-0x7ffffff8>
  90:	21390b3b          	.4byte	0x21390b3b
  94:	2706                	.2byte	0x2706
  96:	1119                	addi	sp,sp,-26 # 12010fea <_prog_start-0x6dfef016>
  98:	1201                	addi	tp,tp,-32 # ffffffe0 <CLASS_NAMES+0x7ffff430>
  9a:	4006                	.2byte	0x4006
  9c:	7c18                	.2byte	0x7c18
  9e:	0119                	addi	sp,sp,6
  a0:	0b000013          	li	zero,176
  a4:	0111                	addi	sp,sp,4
  a6:	0e25                	addi	t3,t3,9
  a8:	1f030b13          	addi	s6,t1,496
  ac:	01111f1b          	.4byte	0x1111f1b
  b0:	0612                	slli	a2,a2,0x4
  b2:	1710                	addi	a2,sp,928
  b4:	0000                	unimp
  b6:	0f0c                	addi	a1,sp,912
  b8:	0b00                	addi	s0,sp,400
  ba:	000e030b          	.4byte	0xe030b
  be:	0d00                	addi	s0,sp,656
  c0:	0024                	addi	s1,sp,8
  c2:	0b3e0b0b          	.4byte	0xb3e0b0b
  c6:	00000803          	lb	a6,0(zero) # 0 <_prog_start-0x80000000>
  ca:	350e                	.2byte	0x350e
  cc:	4900                	lw	s0,16(a0)
  ce:	0f000013          	li	zero,240
  d2:	0018                	.2byte	0x18
  d4:	0000                	unimp
  d6:	0110                	addi	a2,sp,128
  d8:	4901                	li	s2,0
  da:	00130113          	addi	sp,t1,1
  de:	1100                	addi	s0,sp,160
  e0:	0021                	c.nop	8
  e2:	1349                	addi	t1,t1,-14
  e4:	00000b2f          	.4byte	0xb2f
  e8:	2e12                	.2byte	0x2e12
  ea:	0301                	addi	t1,t1,0
  ec:	3a0e                	.2byte	0x3a0e
  ee:	390b3b0b          	.4byte	0x390b3b0b
  f2:	1119270b          	.4byte	0x1119270b
  f6:	1201                	addi	tp,tp,-32 # ffffffe0 <CLASS_NAMES+0x7ffff430>
  f8:	4006                	.2byte	0x4006
  fa:	7c18                	.2byte	0x7c18
  fc:	0119                	addi	sp,sp,6
  fe:	13000013          	li	zero,304
 102:	012e                	slli	sp,sp,0xb
 104:	0b3a0e03          	lb	t3,179(s4)
 108:	0b390b3b          	.4byte	0xb390b3b
 10c:	01111927          	.4byte	0x1111927
 110:	0612                	slli	a2,a2,0x4
 112:	1840                	addi	s0,sp,52
 114:	197a                	slli	s2,s2,0x3e
 116:	0000                	unimp
 118:	0100                	addi	s0,sp,128
 11a:	0034                	addi	a3,sp,8
 11c:	0b3a0e03          	lb	t3,179(s4)
 120:	0b390b3b          	.4byte	0xb390b3b
 124:	1349                	addi	t1,t1,-14
 126:	1802                	slli	a6,a6,0x20
 128:	0000                	unimp
 12a:	3402                	.2byte	0x3402
 12c:	0300                	addi	s0,sp,384
 12e:	3a08                	.2byte	0x3a08
 130:	0121                	addi	sp,sp,8
 132:	0b390b3b          	.4byte	0xb390b3b
 136:	1349                	addi	t1,t1,-14
 138:	1802                	slli	a6,a6,0x20
 13a:	0000                	unimp
 13c:	0b002403          	lw	s0,176(zero) # b0 <_prog_start-0x7fffff50>
 140:	030b3e0b          	.4byte	0x30b3e0b
 144:	000e                	c.slli	zero,0x3
 146:	0400                	addi	s0,sp,512
 148:	0111010b          	.4byte	0x111010b
 14c:	0612                	slli	a2,a2,0x4
 14e:	0000                	unimp
 150:	1605                	addi	a2,a2,-31
 152:	0300                	addi	s0,sp,384
 154:	3a0e                	.2byte	0x3a0e
 156:	390b3b0b          	.4byte	0x390b3b0b
 15a:	0013490b          	.4byte	0x13490b
 15e:	0600                	addi	s0,sp,768
 160:	0111010b          	.4byte	0x111010b
 164:	0612                	slli	a2,a2,0x4
 166:	1301                	addi	t1,t1,-32
 168:	0000                	unimp
 16a:	0b000f07          	.4byte	0xb000f07
 16e:	0421                	addi	s0,s0,8
 170:	1349                	addi	t1,t1,-14
 172:	0000                	unimp
 174:	0108                	addi	a0,sp,128
 176:	4901                	li	s2,0
 178:	00130113          	addi	sp,t1,1
 17c:	0900                	addi	s0,sp,144
 17e:	0005                	c.nop	1
 180:	213a0e03          	lb	t3,531(s4)
 184:	3b01                	jal	fffffe94 <CLASS_NAMES+0x7ffff2e4>
 186:	490b390b          	.4byte	0x490b390b
 18a:	00180213          	addi	tp,a6,1
 18e:	0a00                	addi	s0,sp,272
 190:	0021                	c.nop	8
 192:	1349                	addi	t1,t1,-14
 194:	00000b2f          	.4byte	0xb2f
 198:	0300050b          	.4byte	0x300050b
 19c:	3a08                	.2byte	0x3a08
 19e:	0121                	addi	sp,sp,8
 1a0:	0b390b3b          	.4byte	0xb390b3b
 1a4:	1349                	addi	t1,t1,-14
 1a6:	1802                	slli	a6,a6,0x20
 1a8:	0000                	unimp
 1aa:	260c                	.2byte	0x260c
 1ac:	4900                	lw	s0,16(a0)
 1ae:	0d000013          	li	zero,208
 1b2:	012e                	slli	sp,sp,0xb
 1b4:	0e03193f 3b01213a 	.8byte	0x3b01213a0e03193f
 1bc:	0521390b          	.4byte	0x521390b
 1c0:	13491927          	.4byte	0x13491927
 1c4:	0111                	addi	sp,sp,4
 1c6:	0612                	slli	a2,a2,0x4
 1c8:	1840                	addi	s0,sp,52
 1ca:	197c                	addi	a5,sp,188
 1cc:	1301                	addi	t1,t1,-32
 1ce:	0000                	unimp
 1d0:	210e                	.2byte	0x210e
 1d2:	4900                	lw	s0,16(a0)
 1d4:	ff212f13          	slti	t5,sp,-14
 1d8:	0f000003          	lb	zero,240(zero) # f0 <_prog_start-0x7fffff10>
 1dc:	0111                	addi	sp,sp,4
 1de:	0e25                	addi	t3,t3,9
 1e0:	1f030b13          	addi	s6,t1,496
 1e4:	01111f1b          	.4byte	0x1111f1b
 1e8:	0612                	slli	a2,a2,0x4
 1ea:	1710                	addi	a2,sp,928
 1ec:	0000                	unimp
 1ee:	2410                	.2byte	0x2410
 1f0:	0b00                	addi	s0,sp,400
 1f2:	030b3e0b          	.4byte	0x30b3e0b
 1f6:	0008                	.2byte	0x8
 1f8:	1100                	addi	s0,sp,160
 1fa:	0035                	c.nop	13
 1fc:	1349                	addi	t1,t1,-14
 1fe:	0000                	unimp
 200:	3412                	.2byte	0x3412
 202:	0300                	addi	s0,sp,384
 204:	3a0e                	.2byte	0x3a0e
 206:	390b3b0b          	.4byte	0x390b3b0b
 20a:	3f13490b          	.4byte	0x3f13490b
 20e:	0219                	addi	tp,tp,6 # 6 <_prog_start-0x7ffffffa>
 210:	0018                	.2byte	0x18
 212:	1300                	addi	s0,sp,416
 214:	012e                	slli	sp,sp,0xb
 216:	0e03193f 0b3b0b3a 	.8byte	0xb3b0b3a0e03193f
 21e:	0b39                	addi	s6,s6,14 # fffe000e <CLASS_NAMES+0x7ffdf45e>
 220:	193c1927          	.4byte	0x193c1927
 224:	1301                	addi	t1,t1,-32
 226:	0000                	unimp
 228:	0514                	addi	a3,sp,640
 22a:	4900                	lw	s0,16(a0)
 22c:	15000013          	li	zero,336
 230:	0018                	.2byte	0x18
 232:	0000                	unimp
 234:	2e16                	.2byte	0x2e16
 236:	0301                	addi	t1,t1,0
 238:	3a0e                	.2byte	0x3a0e
 23a:	390b3b0b          	.4byte	0x390b3b0b
 23e:	4919270b          	.4byte	0x4919270b
 242:	12011113          	.4byte	0x12011113
 246:	4006                	.2byte	0x4006
 248:	7a18                	.2byte	0x7a18
 24a:	0119                	addi	sp,sp,6
 24c:	17000013          	li	zero,368
 250:	012e                	slli	sp,sp,0xb
 252:	0b3a0e03          	lb	t3,179(s4)
 256:	0b390b3b          	.4byte	0xb390b3b
 25a:	01111927          	.4byte	0x1111927
 25e:	0612                	slli	a2,a2,0x4
 260:	1840                	addi	s0,sp,52
 262:	197a                	slli	s2,s2,0x3e
 264:	1301                	addi	t1,t1,-32
 266:	0000                	unimp
 268:	0b18                	addi	a4,sp,400
 26a:	5501                	li	a0,-32
 26c:	19000017          	auipc	zero,0x19000
 270:	012e                	slli	sp,sp,0xb
 272:	0e03193f 0b3b0b3a 	.8byte	0xb3b0b3a0e03193f
 27a:	0b39                	addi	s6,s6,14
 27c:	01111927          	.4byte	0x1111927
 280:	0612                	slli	a2,a2,0x4
 282:	1840                	addi	s0,sp,52
 284:	197c                	addi	a5,sp,188
 286:	1301                	addi	t1,t1,-32
 288:	0000                	unimp
 28a:	2e1a                	.2byte	0x2e1a
 28c:	3f01                	jal	19c <_prog_start-0x7ffffe64>
 28e:	0319                	addi	t1,t1,6
 290:	3a0e                	.2byte	0x3a0e
 292:	390b3b0b          	.4byte	0x390b3b0b
 296:	1119270b          	.4byte	0x1119270b
 29a:	1201                	addi	tp,tp,-32 # ffffffe0 <CLASS_NAMES+0x7ffff430>
 29c:	4006                	.2byte	0x4006
 29e:	7c18                	.2byte	0x7c18
 2a0:	0019                	c.nop	6
	...

Disassembly of section .debug_aranges:

00000000 <.debug_aranges>:
   0:	001c                	.2byte	0x1c
   2:	0000                	unimp
   4:	0002                	c.slli64	zero
   6:	0000                	unimp
   8:	0000                	unimp
   a:	0004                	.2byte	0x4
   c:	0000                	unimp
   e:	0000                	unimp
  10:	0000                	unimp
  12:	8000                	.2byte	0x8000
  14:	002a                	c.slli	zero,0xa
	...
  1e:	0000                	unimp
  20:	001c                	.2byte	0x1c
  22:	0000                	unimp
  24:	0002                	c.slli64	zero
  26:	0024                	addi	s1,sp,8
  28:	0000                	unimp
  2a:	0004                	.2byte	0x4
  2c:	0000                	unimp
  2e:	0000                	unimp
  30:	002a                	c.slli	zero,0xa
  32:	8000                	.2byte	0x8000
  34:	030a                	slli	t1,t1,0x2
	...
  3e:	0000                	unimp
  40:	001c                	.2byte	0x1c
  42:	0000                	unimp
  44:	0002                	c.slli64	zero
  46:	000002db          	.4byte	0x2db
  4a:	0004                	.2byte	0x4
  4c:	0000                	unimp
  4e:	0000                	unimp
  50:	0334                	addi	a3,sp,392
  52:	8000                	.2byte	0x8000
  54:	0826                	slli	a6,a6,0x9
	...

Disassembly of section .debug_str:

00000000 <.debug_str>:
   0:	6d6f682f          	.4byte	0x6d6f682f
   4:	2f65                	jal	7bc <_prog_start-0x7ffff844>
   6:	7568                	.2byte	0x7568
   8:	676e                	.2byte	0x676e
   a:	6874                	.2byte	0x6874
   c:	326b696f          	jal	s2,b6332 <_prog_start-0x7ff49cce>
  10:	2f34                	.2byte	0x2f34
  12:	4952                	lw	s2,20(sp)
  14:	54564353          	.4byte	0x54564353
  18:	7475                	lui	s0,0xffffd
  1a:	6169726f          	jal	tp,97630 <_prog_start-0x7ff689d0>
  1e:	316c                	.2byte	0x316c
  20:	6770662f          	.4byte	0x6770662f
  24:	2f61                	jal	7bc <_prog_start-0x7ffff844>
  26:	632f7773          	csrrci	a4,0x632,30
  2a:	6e6e                	.2byte	0x6e6e
  2c:	6372732f          	.4byte	0x6372732f
  30:	7472632f          	.4byte	0x7472632f
  34:	2e30                	.2byte	0x2e30
  36:	682f0053          	.4byte	0x682f0053
  3a:	2f656d6f          	jal	s10,56330 <_prog_start-0x7ffa9cd0>
  3e:	7568                	.2byte	0x7568
  40:	676e                	.2byte	0x676e
  42:	6874                	.2byte	0x6874
  44:	326b696f          	jal	s2,b636a <_prog_start-0x7ff49c96>
  48:	2f34                	.2byte	0x2f34
  4a:	4952                	lw	s2,20(sp)
  4c:	54564353          	.4byte	0x54564353
  50:	7475                	lui	s0,0xffffd
  52:	6169726f          	jal	tp,97668 <_prog_start-0x7ff68998>
  56:	316c                	.2byte	0x316c
  58:	6770662f          	.4byte	0x6770662f
  5c:	2f61                	jal	7f4 <_prog_start-0x7ffff80c>
  5e:	632f7773          	csrrci	a4,0x632,30
  62:	6e6e                	.2byte	0x6e6e
  64:	4700                	lw	s0,8(a4)
  66:	554e                	lw	a0,240(sp)
  68:	4120                	lw	s0,64(a0)
  6a:	2e322053          	.4byte	0x2e322053
  6e:	69003933          	.4byte	0x69003933
  72:	68635f73          	csrrwi	t5,0x686,6
  76:	7261                	lui	tp,0xffff8
  78:	5f00                	lw	s0,56(a4)
  7a:	625f 6975 746c      	.byte	0x5f, 0x62, 0x75, 0x69, 0x6c, 0x74
  80:	6e69                	lui	t3,0x1a
  82:	765f 5f61 696c      	.byte	0x5f, 0x76, 0x61, 0x5f, 0x6c, 0x69
  88:	5f007473          	csrrci	s0,0x5f0,0
  8c:	695f 746e 3233      	.byte	0x5f, 0x69, 0x6e, 0x74, 0x33, 0x32
  92:	745f 6900 5f73      	.byte	0x5f, 0x74, 0x00, 0x69, 0x73, 0x5f
  98:	6f6c                	.2byte	0x6f6c
  9a:	676e                	.2byte	0x676e
  9c:	6b00                	.2byte	0x6b00
  9e:	7270                	.2byte	0x7270
  a0:	6e69                	lui	t3,0x1a
  a2:	6674                	.2byte	0x6674
  a4:	5f00                	lw	s0,56(a4)
  a6:	675f 756e 5f63      	.byte	0x5f, 0x67, 0x6e, 0x75, 0x63, 0x5f
  ac:	6176                	.2byte	0x6176
  ae:	6c5f 7369 0074      	.byte	0x5f, 0x6c, 0x69, 0x73, 0x74, 0x00
  b4:	6e75                	lui	t3,0x1d
  b6:	6e676973          	csrrsi	s2,0x6e6,14
  ba:	6465                	lui	s0,0x19
  bc:	6320                	.2byte	0x6320
  be:	6168                	.2byte	0x6168
  c0:	0072                	c.slli	zero,0x1c
  c2:	726f6873          	csrrsi	a6,mhpmevent6h,30
  c6:	2074                	.2byte	0x2074
  c8:	6e75                	lui	t3,0x1d
  ca:	6e676973          	csrrsi	s2,0x6e6,14
  ce:	6465                	lui	s0,0x19
  d0:	6920                	.2byte	0x6920
  d2:	746e                	.2byte	0x746e
  d4:	5f00                	lw	s0,56(a4)
  d6:	755f 6e69 3374      	.byte	0x5f, 0x75, 0x69, 0x6e, 0x74, 0x33
  dc:	5f32                	lw	t5,44(sp)
  de:	0074                	addi	a3,sp,12
  e0:	7369                	lui	t1,0xffffa
  e2:	665f 726f 616d      	.byte	0x5f, 0x66, 0x6f, 0x72, 0x6d, 0x61
  e8:	0074                	addi	a3,sp,12
  ea:	6f6c                	.2byte	0x6f6c
  ec:	676e                	.2byte	0x676e
  ee:	6c20                	.2byte	0x6c20
  f0:	20676e6f          	jal	t3,762f6 <_prog_start-0x7ff89d0a>
  f4:	6e75                	lui	t3,0x1d
  f6:	6e676973          	csrrsi	s2,0x6e6,14
  fa:	6465                	lui	s0,0x19
  fc:	6920                	.2byte	0x6920
  fe:	746e                	.2byte	0x746e
 100:	6c00                	.2byte	0x6c00
 102:	20676e6f          	jal	t3,76308 <_prog_start-0x7ff89cf8>
 106:	6f6c                	.2byte	0x6f6c
 108:	676e                	.2byte	0x676e
 10a:	6920                	.2byte	0x6920
 10c:	746e                	.2byte	0x746e
 10e:	4700                	lw	s0,8(a4)
 110:	554e                	lw	a0,240(sp)
 112:	4320                	lw	s0,64(a4)
 114:	3131                	jal	fffffd20 <CLASS_NAMES+0x7ffff170>
 116:	3120                	.2byte	0x3120
 118:	2e32                	.2byte	0x2e32
 11a:	2e32                	.2byte	0x2e32
 11c:	2030                	.2byte	0x2030
 11e:	6d2d                	lui	s10,0xb
 120:	646f6d63          	bltu	t5,t1,77a <_prog_start-0x7ffff886>
 124:	6c65                	lui	s8,0x19
 126:	6d3d                	lui	s10,0xf
 128:	6465                	lui	s0,0x19
 12a:	6e61                	lui	t3,0x18
 12c:	2079                	jal	1ba <_prog_start-0x7ffffe46>
 12e:	6d2d                	lui	s10,0xb
 130:	6261                	lui	tp,0x18
 132:	3d69                	jal	ffffffcc <CLASS_NAMES+0x7ffff41c>
 134:	6c69                	lui	s8,0x1a
 136:	3370                	.2byte	0x3370
 138:	2032                	.2byte	0x2032
 13a:	6d2d                	lui	s10,0xb
 13c:	7574                	.2byte	0x7574
 13e:	656e                	.2byte	0x656e
 140:	723d                	lui	tp,0xfffef
 142:	656b636f          	jal	t1,b6798 <_prog_start-0x7ff49868>
 146:	2074                	.2byte	0x2074
 148:	6d2d                	lui	s10,0xb
 14a:	7369                	lui	t1,0xffffa
 14c:	2d61                	jal	7e4 <_prog_start-0x7ffff81c>
 14e:	63657073          	csrci	0x636,10
 152:	323d                	jal	fffffa80 <CLASS_NAMES+0x7fffeed0>
 154:	322e                	.2byte	0x322e
 156:	2d20                	.2byte	0x2d20
 158:	616d                	addi	sp,sp,240
 15a:	6372                	.2byte	0x6372
 15c:	3d68                	.2byte	0x3d68
 15e:	7672                	.2byte	0x7672
 160:	6d693233          	.4byte	0x6d693233
 164:	6361                	lui	t1,0x18
 166:	2d20                	.2byte	0x2d20
 168:	4f2d2067          	.4byte	0x4f2d2067
 16c:	2030                	.2byte	0x2030
 16e:	732d                	lui	t1,0xfffeb
 170:	6474                	.2byte	0x6474
 172:	673d                	lui	a4,0xf
 174:	756e                	.2byte	0x756e
 176:	3131                	jal	fffffd82 <CLASS_NAMES+0x7ffff1d2>
 178:	2d20                	.2byte	0x2d20
 17a:	6e66                	.2byte	0x6e66
 17c:	6f632d6f          	jal	s10,32872 <_prog_start-0x7ffcd78e>
 180:	6d6d                	lui	s10,0x1b
 182:	73006e6f          	jal	t3,68b2 <_prog_start-0x7fff974e>
 186:	6f68                	.2byte	0x6f68
 188:	7472                	.2byte	0x7472
 18a:	6920                	.2byte	0x6920
 18c:	746e                	.2byte	0x746e
 18e:	5f00                	lw	s0,56(a4)
 190:	7475706b          	.4byte	0x7475706b
 194:	61750073          	.4byte	0x61750073
 198:	7472                	.2byte	0x7472
 19a:	6b00                	.2byte	0x6b00
 19c:	7570                	.2byte	0x7570
 19e:	6374                	.2byte	0x6374
 1a0:	5f00                	lw	s0,56(a4)
 1a2:	6f42                	.2byte	0x6f42
 1a4:	72006c6f          	jal	s8,68c4 <_prog_start-0x7fff973c>
 1a8:	7761                	lui	a4,0xffff8
 1aa:	635f 616c 7373      	.byte	0x5f, 0x63, 0x6c, 0x61, 0x73, 0x73
 1b0:	6300                	.2byte	0x6300
 1b2:	616c                	.2byte	0x616c
 1b4:	695f7373          	csrrci	t1,0x695,30
 1b8:	7864                	.2byte	0x7864
 1ba:	7000                	.2byte	0x7000
 1bc:	6972                	.2byte	0x6972
 1be:	746e                	.2byte	0x746e
 1c0:	645f 6365 6d00      	.byte	0x5f, 0x64, 0x65, 0x63, 0x00, 0x6d
 1c6:	6961                	lui	s2,0x18
 1c8:	006e                	c.slli	zero,0x1b
 1ca:	6168                	.2byte	0x6168
 1cc:	7472                	.2byte	0x7472
 1ce:	6469                	lui	s0,0x1a
 1d0:	6400                	.2byte	0x6400
 1d2:	6c65                	lui	s8,0x19
 1d4:	7961                	lui	s2,0xffff8
 1d6:	635f 6379 656c      	.byte	0x5f, 0x63, 0x79, 0x63, 0x6c, 0x65
 1dc:	64730073          	.4byte	0x64730073
 1e0:	735f 6970 785f      	.byte	0x5f, 0x73, 0x70, 0x69, 0x5f, 0x78
 1e6:	6566                	.2byte	0x6566
 1e8:	0072                	c.slli	zero,0x1c
 1ea:	6572                	.2byte	0x6572
 1ec:	6461                	lui	s0,0x18
 1ee:	735f 5f64 6573      	.byte	0x5f, 0x73, 0x64, 0x5f, 0x73, 0x65
 1f4:	726f7463          	bgeu	t5,t1,91c <_prog_start-0x7ffff6e4>
 1f8:	7400                	.2byte	0x7400
 1fa:	6c61746f          	jal	s0,178c0 <_prog_start-0x7ffe8740>
 1fe:	705f 7361 0073      	.byte	0x5f, 0x70, 0x61, 0x73, 0x73, 0x00
 204:	72727563          	bgeu	tp,t2,92e <_prog_start-0x7ffff6d2>
 208:	6e65                	lui	t3,0x19
 20a:	5f74                	lw	a3,124(a4)
 20c:	6176                	.2byte	0x6176
 20e:	006c                	addi	a1,sp,12
 210:	5f5f 6975 746e      	.byte	0x5f, 0x5f, 0x75, 0x69, 0x6e, 0x74
 216:	5f38                	lw	a4,120(a4)
 218:	0074                	addi	a3,sp,12
 21a:	74636573          	csrrsi	a0,0x746,6
 21e:	625f726f          	jal	tp,f8042 <_prog_start-0x7ff07fbe>
 222:	6675                	lui	a2,0x1d
 224:	6566                	.2byte	0x6566
 226:	0072                	c.slli	zero,0x1c
 228:	6f6c                	.2byte	0x6f6c
 22a:	676e                	.2byte	0x676e
 22c:	6420                	.2byte	0x6420
 22e:	6c62756f          	jal	a0,278f4 <_prog_start-0x7ffd870c>
 232:	0065                	c.nop	25
 234:	53414c43          	.4byte	0x53414c43
 238:	414e5f53          	.4byte	0x414e5f53
 23c:	454d                	li	a0,19
 23e:	69740053          	.4byte	0x69740053
 242:	656d                	lui	a0,0x1b
 244:	5f74756f          	jal	a0,4803a <_prog_start-0x7ffb7fc6>
 248:	6f64                	.2byte	0x6f64
 24a:	656e                	.2byte	0x656e
 24c:	7300                	.2byte	0x7300
 24e:	6365                	lui	t1,0x19
 250:	6f74                	.2byte	0x6f74
 252:	5f72                	lw	t5,60(sp)
 254:	6461                	lui	s0,0x18
 256:	7264                	.2byte	0x7264
 258:	6600                	.2byte	0x6600
 25a:	6961                	lui	s2,0x18
 25c:	5f6c                	lw	a1,124(a4)
 25e:	6e756f63          	bltu	a0,t2,95c <_prog_start-0x7ffff6a4>
 262:	0074                	addi	a3,sp,12
 264:	626f6c67          	.4byte	0x626f6c67
 268:	6c61                	lui	s8,0x18
 26a:	735f 6d61 6c70      	.byte	0x5f, 0x73, 0x61, 0x6d, 0x70, 0x6c
 270:	5f65                	li	t5,-7
 272:	6469                	lui	s0,0x1a
 274:	0078                	addi	a4,sp,12
 276:	7261                	lui	tp,0xffff8
 278:	74007667          	.4byte	0x74007667
 27c:	7261                	lui	tp,0xffff8
 27e:	5f746567          	.4byte	0x5f746567
 282:	74636573          	csrrsi	a0,0x746,6
 286:	7300726f          	jal	tp,79b6 <_prog_start-0x7fff864a>
 28a:	6d61                	lui	s10,0x18
 28c:	6c70                	.2byte	0x6c70
 28e:	5f65                	li	t5,-7
 290:	6164                	.2byte	0x6164
 292:	6174                	.2byte	0x6174
 294:	6300                	.2byte	0x6300
 296:	616c                	.2byte	0x616c
 298:	615f7373          	csrrci	t1,htimedeltah,30
 29c:	63006363          	bltu	zero,a6,8c2 <_prog_start-0x7ffff73e>
 2a0:	616c                	.2byte	0x616c
 2a2:	705f7373          	csrrci	t1,0x705,30
 2a6:	7361                	lui	t1,0xffff8
 2a8:	6f635f73          	csrrwi	t5,0x6f6,6
 2ac:	6e75                	lui	t3,0x1d
 2ae:	0074                	addi	a3,sp,12
 2b0:	67696577          	.4byte	0x67696577
 2b4:	7468                	.2byte	0x7468
 2b6:	625f 6675 6566      	.byte	0x5f, 0x62, 0x75, 0x66, 0x66, 0x65
 2bc:	5f72                	lw	t5,60(sp)
 2be:	0038                	addi	a4,sp,8
 2c0:	5f6e6e63          	bltu	t3,s6,8bc <_prog_start-0x7ffff744>
 2c4:	6162                	.2byte	0x6162
 2c6:	74006573          	csrrsi	a0,0x740,0
 2ca:	6c61746f          	jal	s0,17990 <_prog_start-0x7ffe8670>
 2ce:	615f 6363 7275      	.byte	0x5f, 0x61, 0x63, 0x63, 0x75, 0x72
 2d4:	6361                	lui	t1,0x18
 2d6:	0079                	c.nop	30
 2d8:	7270                	.2byte	0x7270
 2da:	6465                	lui	s0,0x19
 2dc:	6369                	lui	t1,0x1a
 2de:	6574                	.2byte	0x6574
 2e0:	5f64                	lw	s1,124(a4)
 2e2:	616c                	.2byte	0x616c
 2e4:	6562                	.2byte	0x6562
 2e6:	006c                	addi	a1,sp,12
 2e8:	6568                	.2byte	0x6568
 2ea:	5f78                	lw	a4,124(a4)
 2ec:	72616863          	bltu	sp,t1,a1c <_prog_start-0x7ffff5e4>
 2f0:	5f770073          	.4byte	0x5f770073
 2f4:	6469                	lui	s0,0x1a
 2f6:	0078                	addi	a4,sp,12
 2f8:	67696577          	.4byte	0x67696577
 2fc:	7468                	.2byte	0x7468
 2fe:	625f 6675 6566      	.byte	0x5f, 0x62, 0x75, 0x66, 0x66, 0x65
 304:	5f72                	lw	t5,60(sp)
 306:	73003233          	.4byte	0x73003233
 30a:	6174                	.2byte	0x6174
 30c:	7472                	.2byte	0x7472
 30e:	765f 6c61 7000      	.byte	0x5f, 0x76, 0x61, 0x6c, 0x00, 0x70
 314:	6972                	.2byte	0x6972
 316:	746e                	.2byte	0x746e
 318:	685f 7865 3233      	.byte	0x5f, 0x68, 0x65, 0x78, 0x33, 0x32
	...

Disassembly of section .debug_frame:

00000000 <.debug_frame>:
   0:	000c                	.2byte	0xc
   2:	0000                	unimp
   4:	ffff                	.2byte	0xffff
   6:	ffff                	.2byte	0xffff
   8:	7c010003          	lb	zero,1984(sp)
   c:	0d01                	addi	s10,s10,0 # 18000 <_prog_start-0x7ffe8000>
   e:	0002                	c.slli64	zero
  10:	0020                	addi	s0,sp,8
  12:	0000                	unimp
  14:	0000                	unimp
  16:	0000                	unimp
  18:	002a                	c.slli	zero,0xa
  1a:	8000                	.2byte	0x8000
  1c:	003c                	addi	a5,sp,8
  1e:	0000                	unimp
  20:	0e42                	slli	t3,t3,0x10
  22:	4230                	lw	a2,64(a2)
  24:	0188                	addi	a0,sp,192
  26:	0c42                	slli	s8,s8,0x10
  28:	0008                	.2byte	0x8
  2a:	c872                	sw	t3,16(sp)
  2c:	020c                	addi	a1,sp,256
  2e:	4230                	lw	a2,64(a2)
  30:	000e                	c.slli	zero,0x3
  32:	0000                	unimp
  34:	0024                	addi	s1,sp,8
  36:	0000                	unimp
  38:	0000                	unimp
  3a:	0000                	unimp
  3c:	0066                	c.slli	zero,0x19
  3e:	8000                	.2byte	0x8000
  40:	003e                	c.slli	zero,0xf
  42:	0000                	unimp
  44:	0e42                	slli	t3,t3,0x10
  46:	4430                	lw	a2,72(s0)
  48:	0181                	addi	gp,gp,0
  4a:	0288                	addi	a0,sp,320
  4c:	0c42                	slli	s8,s8,0x10
  4e:	0008                	.2byte	0x8
  50:	c170                	sw	a2,68(a0)
  52:	c842                	sw	a6,16(sp)
  54:	020c                	addi	a1,sp,256
  56:	4230                	lw	a2,64(a2)
  58:	000e                	c.slli	zero,0x3
  5a:	0000                	unimp
  5c:	0024                	addi	s1,sp,8
  5e:	0000                	unimp
  60:	0000                	unimp
  62:	0000                	unimp
  64:	00a4                	addi	s1,sp,72
  66:	8000                	.2byte	0x8000
  68:	0024                	addi	s1,sp,8
  6a:	0000                	unimp
  6c:	0e42                	slli	t3,t3,0x10
  6e:	4420                	lw	s0,72(s0)
  70:	0181                	addi	gp,gp,0
  72:	0288                	addi	a0,sp,320
  74:	0c42                	slli	s8,s8,0x10
  76:	0008                	.2byte	0x8
  78:	c156                	sw	s5,128(sp)
  7a:	c842                	sw	a6,16(sp)
  7c:	020c                	addi	a1,sp,256
  7e:	4220                	lw	s0,64(a2)
  80:	000e                	c.slli	zero,0x3
  82:	0000                	unimp
  84:	0028                	addi	a0,sp,8
  86:	0000                	unimp
  88:	0000                	unimp
  8a:	0000                	unimp
  8c:	00c8                	addi	a0,sp,68
  8e:	8000                	.2byte	0x8000
  90:	026c                	addi	a1,sp,268
  92:	0000                	unimp
  94:	0e42                	slli	t3,t3,0x10
  96:	01b0                	addi	a2,sp,200
  98:	8144                	.2byte	0x8144
  9a:	8809                	andi	s0,s0,2
  9c:	420a                	lw	tp,128(sp)
  9e:	080c                	addi	a1,sp,16
  a0:	0320                	addi	s0,sp,392
  a2:	025e                	slli	tp,tp,0x17
  a4:	42c1                	li	t0,16
  a6:	0cc8                	addi	a0,sp,596
  a8:	b002                	.2byte	0xb002
  aa:	4201                	li	tp,0
  ac:	000e                	c.slli	zero,0x3
  ae:	0000                	unimp
  b0:	000c                	.2byte	0xc
  b2:	0000                	unimp
  b4:	ffff                	.2byte	0xffff
  b6:	ffff                	.2byte	0xffff
  b8:	7c010003          	lb	zero,1984(sp)
  bc:	0d01                	addi	s10,s10,0
  be:	0002                	c.slli64	zero
  c0:	0024                	addi	s1,sp,8
  c2:	0000                	unimp
  c4:	00b0                	addi	a2,sp,72
  c6:	0000                	unimp
  c8:	0334                	addi	a3,sp,392
  ca:	8000                	.2byte	0x8000
  cc:	0076                	c.slli	zero,0x1d
  ce:	0000                	unimp
  d0:	0e42                	slli	t3,t3,0x10
  d2:	4430                	lw	a2,72(s0)
  d4:	0181                	addi	gp,gp,0
  d6:	0288                	addi	a0,sp,320
  d8:	0c42                	slli	s8,s8,0x10
  da:	0008                	.2byte	0x8
  dc:	6802                	.2byte	0x6802
  de:	42c1                	li	t0,16
  e0:	0cc8                	addi	a0,sp,596
  e2:	3002                	.2byte	0x3002
  e4:	0e42                	slli	t3,t3,0x10
  e6:	0000                	unimp
  e8:	0024                	addi	s1,sp,8
  ea:	0000                	unimp
  ec:	00b0                	addi	a2,sp,72
  ee:	0000                	unimp
  f0:	03aa                	slli	t2,t2,0xa
  f2:	8000                	.2byte	0x8000
  f4:	0088                	addi	a0,sp,64
  f6:	0000                	unimp
  f8:	0e42                	slli	t3,t3,0x10
  fa:	4440                	lw	s0,12(s0)
  fc:	0181                	addi	gp,gp,0
  fe:	0288                	addi	a0,sp,320
 100:	0c42                	slli	s8,s8,0x10
 102:	0008                	.2byte	0x8
 104:	7a02                	.2byte	0x7a02
 106:	42c1                	li	t0,16
 108:	0cc8                	addi	a0,sp,596
 10a:	4002                	.2byte	0x4002
 10c:	0e42                	slli	t3,t3,0x10
 10e:	0000                	unimp
 110:	0020                	addi	s0,sp,8
 112:	0000                	unimp
 114:	00b0                	addi	a2,sp,72
 116:	0000                	unimp
 118:	0432                	slli	s0,s0,0xc
 11a:	8000                	.2byte	0x8000
 11c:	003a                	c.slli	zero,0xe
 11e:	0000                	unimp
 120:	0e42                	slli	t3,t3,0x10
 122:	4230                	lw	a2,64(a2)
 124:	0188                	addi	a0,sp,192
 126:	0c42                	slli	s8,s8,0x10
 128:	0008                	.2byte	0x8
 12a:	c870                	sw	a2,84(s0)
 12c:	020c                	addi	a1,sp,256
 12e:	4230                	lw	a2,64(a2)
 130:	000e                	c.slli	zero,0x3
 132:	0000                	unimp
 134:	0020                	addi	s0,sp,8
 136:	0000                	unimp
 138:	00b0                	addi	a2,sp,72
 13a:	0000                	unimp
 13c:	046c                	addi	a1,sp,524
 13e:	8000                	.2byte	0x8000
 140:	0040                	addi	s0,sp,4
 142:	0000                	unimp
 144:	0e42                	slli	t3,t3,0x10
 146:	4230                	lw	a2,64(a2)
 148:	0188                	addi	a0,sp,192
 14a:	0c42                	slli	s8,s8,0x10
 14c:	0008                	.2byte	0x8
 14e:	c876                	sw	t4,16(sp)
 150:	020c                	addi	a1,sp,256
 152:	4230                	lw	a2,64(a2)
 154:	000e                	c.slli	zero,0x3
 156:	0000                	unimp
 158:	0028                	addi	a0,sp,8
 15a:	0000                	unimp
 15c:	00b0                	addi	a2,sp,72
 15e:	0000                	unimp
 160:	04ac                	addi	a1,sp,584
 162:	8000                	.2byte	0x8000
 164:	0152                	slli	sp,sp,0x14
 166:	0000                	unimp
 168:	0e42                	slli	t3,t3,0x10
 16a:	4630                	lw	a2,72(a2)
 16c:	0181                	addi	gp,gp,0
 16e:	0288                	addi	a0,sp,320
 170:	0389                	addi	t2,t2,2
 172:	0c42                	slli	s8,s8,0x10
 174:	0008                	.2byte	0x8
 176:	c1014003          	lbu	zero,-1008(sp)
 17a:	c842                	sw	a6,16(sp)
 17c:	020c                	addi	a1,sp,256
 17e:	4230                	lw	a2,64(a2)
 180:	42c9                	li	t0,18
 182:	000e                	c.slli	zero,0x3
 184:	001c                	.2byte	0x1c
 186:	0000                	unimp
 188:	00b0                	addi	a2,sp,72
 18a:	0000                	unimp
 18c:	05fe                	slli	a1,a1,0x1f
 18e:	8000                	.2byte	0x8000
 190:	055c                	addi	a5,sp,644
 192:	0000                	unimp
 194:	0e44                	addi	s1,sp,788
 196:	0ff0                	addi	a2,sp,988
 198:	8148                	.2byte	0x8148
 19a:	8801                	andi	s0,s0,0
 19c:	4402                	lw	s0,0(sp)
 19e:	080c                	addi	a1,sp,16
 1a0:	0000                	unimp
	...

Disassembly of section .debug_rnglists:

00000000 <.debug_rnglists>:
   0:	0000001b          	.4byte	0x1b
   4:	0005                	c.nop	1
   6:	0004                	.2byte	0x4
   8:	0000                	unimp
   a:	0000                	unimp
   c:	4406                	lw	s0,64(sp)
   e:	0004                	.2byte	0x4
  10:	6080                	.2byte	0x6080
  12:	0004                	.2byte	0x4
  14:	0680                	addi	s0,sp,832
  16:	0462                	slli	s0,s0,0x18
  18:	8000                	.2byte	0x8000
  1a:	0464                	addi	s1,sp,524
  1c:	8000                	.2byte	0x8000
	...
