
/home/hungthoik24/RISCVTutorial1/fpga/src/main/resources/arty100t/sdboot//build/sdboot.elf:     file format elf32-littleriscv


Disassembly of section .text:

00010000 <_prog_start>:

  .section .text.init
  .option norvc
  .globl _prog_start
_prog_start:
  smp_pause(s1, s2)
   10000:	00800913          	li	s2,8
   10004:	30491073          	csrw	mie,s2
   10008:	00000493          	li	s1,0
   1000c:	f1402973          	csrr	s2,mhartid
   10010:	03249563          	bne	s1,s2,1003a <_prog_start+0x3a>
  li sp, (PAYLOAD_DEST + 0x3ff0)
   10014:	80004137          	lui	sp,0x80004
   10018:	ff010113          	addi	sp,sp,-16 # 80003ff0 <_sp+0xfff03ff0>
  call main
   1001c:	220d                	jal	1013e <main>
  smp_resume(s1, s2)
   1001e:	020004b7          	lui	s1,0x2000
   10022:	00100913          	li	s2,1
   10026:	0124a023          	sw	s2,0(s1) # 2000000 <dtb+0x1fef878>
   1002a:	00448493          	addi	s1,s1,4
   1002e:	02000937          	lui	s2,0x2000
   10032:	08090913          	addi	s2,s2,128 # 2000080 <dtb+0x1fef8f8>
   10036:	ff24c6e3          	blt	s1,s2,10022 <_prog_start+0x22>
   1003a:	10500073          	wfi
   1003e:	34402973          	csrr	s2,mip
   10042:	00897913          	andi	s2,s2,8
   10046:	fe090ae3          	beqz	s2,1003a <_prog_start+0x3a>
   1004a:	020004b7          	lui	s1,0x2000
   1004e:	f1402973          	csrr	s2,mhartid
   10052:	00291913          	slli	s2,s2,0x2
   10056:	00990933          	add	s2,s2,s1
   1005a:	00092023          	sw	zero,0(s2)
   1005e:	0004a903          	lw	s2,0(s1) # 2000000 <dtb+0x1fef878>
   10062:	fe091ee3          	bnez	s2,1005e <_prog_start+0x5e>
   10066:	00448493          	addi	s1,s1,4
   1006a:	02000937          	lui	s2,0x2000
   1006e:	08090913          	addi	s2,s2,128 # 2000080 <dtb+0x1fef8f8>
   10072:	ff24c6e3          	blt	s1,s2,1005e <_prog_start+0x5e>
  csrr a0, mhartid // hartid for next level bootloader
   10076:	f1402573          	csrr	a0,mhartid
  la a1, dtb // dtb address for next level bootloader
   1007a:	00000597          	auipc	a1,0x0
   1007e:	70e58593          	addi	a1,a1,1806 # 10788 <dtb>
  li s1, PAYLOAD_DEST
   10082:	800004b7          	lui	s1,0x80000
  jr s1
   10086:	00048067          	jr	s1 # 80000000 <_sp+0xfff00000>

0001008a <sd_cmd>:
{
	return spi_xfer(0xFF);
}

static uint8_t sd_cmd(uint8_t cmd, uint32_t arg, uint8_t crc)
{
   1008a:	1141                	addi	sp,sp,-16
   1008c:	c606                	sw	ra,12(sp)
   1008e:	c422                	sw	s0,8(sp)
	unsigned long n;
	uint8_t r;

	REG32(spi, SPI_REG_CSMODE) = SPI_CSMODE_HOLD;
   10090:	640017b7          	lui	a5,0x64001
   10094:	4709                	li	a4,2
   10096:	cf98                	sw	a4,24(a5)
	REG32(spi, SPI_REG_TXFIFO) = d;
   10098:	0ff00713          	li	a4,255
   1009c:	c7b8                	sw	a4,72(a5)
		r = REG32(spi, SPI_REG_RXFIFO);
   1009e:	64001737          	lui	a4,0x64001
   100a2:	477c                	lw	a5,76(a4)
	} while (r < 0);
   100a4:	fe07cfe3          	bltz	a5,100a2 <sd_cmd+0x18>
	REG32(spi, SPI_REG_TXFIFO) = d;
   100a8:	c728                	sw	a0,72(a4)
		r = REG32(spi, SPI_REG_RXFIFO);
   100aa:	64001737          	lui	a4,0x64001
   100ae:	477c                	lw	a5,76(a4)
	} while (r < 0);
   100b0:	fe07cfe3          	bltz	a5,100ae <sd_cmd+0x24>
	sd_dummy();
	spi_xfer(cmd);
	spi_xfer(arg >> 24);
   100b4:	0185d793          	srli	a5,a1,0x18
	REG32(spi, SPI_REG_TXFIFO) = d;
   100b8:	c73c                	sw	a5,72(a4)
		r = REG32(spi, SPI_REG_RXFIFO);
   100ba:	64001737          	lui	a4,0x64001
   100be:	477c                	lw	a5,76(a4)
	} while (r < 0);
   100c0:	fe07cfe3          	bltz	a5,100be <sd_cmd+0x34>
	REG32(spi, SPI_REG_TXFIFO) = d;
   100c4:	04072423          	sw	zero,72(a4) # 64001048 <dtb+0x63ff08c0>
		r = REG32(spi, SPI_REG_RXFIFO);
   100c8:	64001737          	lui	a4,0x64001
   100cc:	477c                	lw	a5,76(a4)
	} while (r < 0);
   100ce:	fe07cfe3          	bltz	a5,100cc <sd_cmd+0x42>
	spi_xfer(arg >> 16);
	spi_xfer(arg >> 8);
   100d2:	0085d793          	srli	a5,a1,0x8
   100d6:	0ff7f793          	zext.b	a5,a5
	REG32(spi, SPI_REG_TXFIFO) = d;
   100da:	c73c                	sw	a5,72(a4)
		r = REG32(spi, SPI_REG_RXFIFO);
   100dc:	64001737          	lui	a4,0x64001
   100e0:	477c                	lw	a5,76(a4)
	} while (r < 0);
   100e2:	fe07cfe3          	bltz	a5,100e0 <sd_cmd+0x56>
	REG32(spi, SPI_REG_TXFIFO) = d;
   100e6:	0ff5f593          	zext.b	a1,a1
   100ea:	c72c                	sw	a1,72(a4)
		r = REG32(spi, SPI_REG_RXFIFO);
   100ec:	64001737          	lui	a4,0x64001
   100f0:	477c                	lw	a5,76(a4)
	} while (r < 0);
   100f2:	fe07cfe3          	bltz	a5,100f0 <sd_cmd+0x66>
	REG32(spi, SPI_REG_TXFIFO) = d;
   100f6:	c730                	sw	a2,72(a4)
		r = REG32(spi, SPI_REG_RXFIFO);
   100f8:	64001737          	lui	a4,0x64001
   100fc:	477c                	lw	a5,76(a4)
	} while (r < 0);
   100fe:	fe07cfe3          	bltz	a5,100fc <sd_cmd+0x72>
	REG32(spi, SPI_REG_TXFIFO) = d;
   10102:	640017b7          	lui	a5,0x64001
   10106:	3e800713          	li	a4,1000
   1010a:	04878593          	addi	a1,a5,72 # 64001048 <dtb+0x63ff08c0>
   1010e:	0ff00613          	li	a2,255
   10112:	c190                	sw	a2,0(a1)
		r = REG32(spi, SPI_REG_RXFIFO);
   10114:	47e0                	lw	s0,76(a5)
	} while (r < 0);
   10116:	fe044fe3          	bltz	s0,10114 <sd_cmd+0x8a>
	spi_xfer(crc);

	n = 1000;
	do {
		r = sd_dummy();
		if (!(r & 0x80)) {
   1011a:	01841693          	slli	a3,s0,0x18
   1011e:	86e1                	srai	a3,a3,0x18
   10120:	0006d963          	bgez	a3,10132 <sd_cmd+0xa8>
//			dprintf("sd:cmd: %hx\r\n", r);
			goto done;
		}
	} while (--n > 0);
   10124:	177d                	addi	a4,a4,-1 # 64000fff <dtb+0x63ff0877>
   10126:	f775                	bnez	a4,10112 <sd_cmd+0x88>
	kputs("sd_cmd: timeout");
   10128:	00000517          	auipc	a0,0x0
   1012c:	52850513          	addi	a0,a0,1320 # 10650 <kprintf+0x154>
   10130:	2e51                	jal	104c4 <kputs>
done:
	return r;
}
   10132:	40b2                	lw	ra,12(sp)
   10134:	0ff47513          	zext.b	a0,s0
   10138:	4422                	lw	s0,8(sp)
   1013a:	0141                	addi	sp,sp,16
   1013c:	8082                	ret

0001013e <main>:
	kputs("\b ");
	return rc;
}

int main(void)
{
   1013e:	1141                	addi	sp,sp,-16
   10140:	c422                	sw	s0,8(sp)

	REG32(uart, UART_REG_TXCTRL) = UART_TXEN;
   10142:	640007b7          	lui	a5,0x64000
   10146:	4705                	li	a4,1
{
   10148:	c606                	sw	ra,12(sp)
   1014a:	c226                	sw	s1,4(sp)
   1014c:	c04a                	sw	s2,0(sp)
	REG32(uart, UART_REG_TXCTRL) = UART_TXEN;
   1014e:	c798                	sw	a4,8(a5)

	kputs("INIT");
   10150:	00000517          	auipc	a0,0x0
   10154:	51050513          	addi	a0,a0,1296 # 10660 <kprintf+0x164>
   10158:	26b5                	jal	104c4 <kputs>
	REG32(spi, SPI_REG_SCKDIV) = (F_CLK / 300000);
   1015a:	470d                	li	a4,3
   1015c:	640017b7          	lui	a5,0x64001
   10160:	c398                	sw	a4,0(a5)
	REG32(spi, SPI_REG_TXFIFO) = d;
   10162:	64001437          	lui	s0,0x64001
	REG32(spi, SPI_REG_CSMODE) = SPI_CSMODE_OFF;
   10166:	cf98                	sw	a4,24(a5)
	REG32(spi, SPI_REG_TXFIFO) = d;
   10168:	04840613          	addi	a2,s0,72 # 64001048 <dtb+0x63ff08c0>
	REG32(spi, SPI_REG_CSMODE) = SPI_CSMODE_OFF;
   1016c:	4729                	li	a4,10
	REG32(spi, SPI_REG_TXFIFO) = d;
   1016e:	0ff00693          	li	a3,255
   10172:	c214                	sw	a3,0(a2)
		r = REG32(spi, SPI_REG_RXFIFO);
   10174:	447c                	lw	a5,76(s0)
	} while (r < 0);
   10176:	fe07cfe3          	bltz	a5,10174 <main+0x36>
	for (i = 10; i > 0; i--) {
   1017a:	177d                	addi	a4,a4,-1
   1017c:	fb7d                	bnez	a4,10172 <main+0x34>
	dputs("CMD0");
   1017e:	00000517          	auipc	a0,0x0
   10182:	4ea50513          	addi	a0,a0,1258 # 10668 <kprintf+0x16c>
	REG32(spi, SPI_REG_CSMODE) = SPI_CSMODE_AUTO;
   10186:	00042c23          	sw	zero,24(s0)
	dputs("CMD0");
   1018a:	2e2d                	jal	104c4 <kputs>
	rc = (sd_cmd(0x40, 0, 0x95) != 0x01);
   1018c:	09500613          	li	a2,149
   10190:	4581                	li	a1,0
   10192:	04000513          	li	a0,64
   10196:	3dd5                	jal	1008a <sd_cmd>
	REG32(spi, SPI_REG_TXFIFO) = d;
   10198:	0ff00793          	li	a5,255
   1019c:	c43c                	sw	a5,72(s0)
		r = REG32(spi, SPI_REG_RXFIFO);
   1019e:	64001437          	lui	s0,0x64001
   101a2:	447c                	lw	a5,76(s0)
	} while (r < 0);
   101a4:	fe07cfe3          	bltz	a5,101a2 <main+0x64>
	REG32(spi, SPI_REG_CSMODE) = SPI_CSMODE_AUTO;
   101a8:	00042c23          	sw	zero,24(s0) # 64001018 <dtb+0x63ff0890>
	sd_poweron();
	if (sd_cmd0() ||
   101ac:	4785                	li	a5,1
   101ae:	08f51963          	bne	a0,a5,10240 <main+0x102>
	dputs("CMD8");
   101b2:	00000517          	auipc	a0,0x0
   101b6:	4be50513          	addi	a0,a0,1214 # 10670 <kprintf+0x174>
   101ba:	2629                	jal	104c4 <kputs>
	rc = (sd_cmd(0x48, 0x000001AA, 0x87) != 0x01);
   101bc:	08700613          	li	a2,135
   101c0:	1aa00593          	li	a1,426
   101c4:	04800513          	li	a0,72
   101c8:	35c9                	jal	1008a <sd_cmd>
   101ca:	fff50613          	addi	a2,a0,-1
	REG32(spi, SPI_REG_TXFIFO) = d;
   101ce:	0ff00793          	li	a5,255
	rc = (sd_cmd(0x48, 0x000001AA, 0x87) != 0x01);
   101d2:	00c03633          	snez	a2,a2
	REG32(spi, SPI_REG_TXFIFO) = d;
   101d6:	c43c                	sw	a5,72(s0)
		r = REG32(spi, SPI_REG_RXFIFO);
   101d8:	64001737          	lui	a4,0x64001
   101dc:	477c                	lw	a5,76(a4)
	} while (r < 0);
   101de:	fe07cfe3          	bltz	a5,101dc <main+0x9e>
	REG32(spi, SPI_REG_TXFIFO) = d;
   101e2:	0ff00793          	li	a5,255
   101e6:	c73c                	sw	a5,72(a4)
		r = REG32(spi, SPI_REG_RXFIFO);
   101e8:	64001737          	lui	a4,0x64001
   101ec:	477c                	lw	a5,76(a4)
	} while (r < 0);
   101ee:	fe07cfe3          	bltz	a5,101ec <main+0xae>
	REG32(spi, SPI_REG_TXFIFO) = d;
   101f2:	0ff00793          	li	a5,255
   101f6:	c73c                	sw	a5,72(a4)
		r = REG32(spi, SPI_REG_RXFIFO);
   101f8:	64001737          	lui	a4,0x64001
   101fc:	477c                	lw	a5,76(a4)
	} while (r < 0);
   101fe:	fe07cfe3          	bltz	a5,101fc <main+0xbe>
	rc |= ((sd_dummy() & 0xF) != 0x1); /* voltage */
   10202:	8bbd                	andi	a5,a5,15
	REG32(spi, SPI_REG_TXFIFO) = d;
   10204:	0ff00693          	li	a3,255
	rc |= ((sd_dummy() & 0xF) != 0x1); /* voltage */
   10208:	17fd                	addi	a5,a5,-1 # 64000fff <dtb+0x63ff0877>
	REG32(spi, SPI_REG_TXFIFO) = d;
   1020a:	c734                	sw	a3,72(a4)
	rc |= ((sd_dummy() & 0xF) != 0x1); /* voltage */
   1020c:	00f037b3          	snez	a5,a5
		r = REG32(spi, SPI_REG_RXFIFO);
   10210:	640016b7          	lui	a3,0x64001
   10214:	46f8                	lw	a4,76(a3)
	} while (r < 0);
   10216:	fe074fe3          	bltz	a4,10214 <main+0xd6>
	rc |= (sd_dummy() != 0xAA); /* check pattern */
   1021a:	0ff77713          	zext.b	a4,a4
   1021e:	f5670713          	addi	a4,a4,-170 # 64000f56 <dtb+0x63ff07ce>
   10222:	00e03733          	snez	a4,a4
   10226:	8fd9                	or	a5,a5,a4
   10228:	8e5d                	or	a2,a2,a5
	REG32(spi, SPI_REG_TXFIFO) = d;
   1022a:	0ff00793          	li	a5,255
   1022e:	c6bc                	sw	a5,72(a3)
		r = REG32(spi, SPI_REG_RXFIFO);
   10230:	64001737          	lui	a4,0x64001
   10234:	477c                	lw	a5,76(a4)
	} while (r < 0);
   10236:	fe07cfe3          	bltz	a5,10234 <main+0xf6>
	REG32(spi, SPI_REG_CSMODE) = SPI_CSMODE_AUTO;
   1023a:	00072c23          	sw	zero,24(a4) # 64001018 <dtb+0x63ff0890>
	if (sd_cmd0() ||
   1023e:	ce11                	beqz	a2,1025a <main+0x11c>
	    sd_cmd8() ||
	    sd_acmd41() ||
	    sd_cmd58() ||
	    sd_cmd16() ||
	    copy()) {
		kputs("ERROR");
   10240:	00000517          	auipc	a0,0x0
   10244:	49450513          	addi	a0,a0,1172 # 106d4 <kprintf+0x1d8>
   10248:	2cb5                	jal	104c4 <kputs>
		return 1;
   1024a:	4405                	li	s0,1
	kputs("Hello world from Pham Lab!!!\r\n");
	
	__asm__ __volatile__ ("fence.i" : : : "memory");

	return 0;
}
   1024c:	40b2                	lw	ra,12(sp)
   1024e:	8522                	mv	a0,s0
   10250:	4422                	lw	s0,8(sp)
   10252:	4492                	lw	s1,4(sp)
   10254:	4902                	lw	s2,0(sp)
   10256:	0141                	addi	sp,sp,16
   10258:	8082                	ret
	dputs("ACMD41");
   1025a:	00000517          	auipc	a0,0x0
   1025e:	41e50513          	addi	a0,a0,1054 # 10678 <kprintf+0x17c>
   10262:	248d                	jal	104c4 <kputs>
	REG32(spi, SPI_REG_TXFIFO) = d;
   10264:	64001437          	lui	s0,0x64001
   10268:	0ff00913          	li	s2,255
	} while (r == 0x01);
   1026c:	4485                	li	s1,1
	sd_cmd(0x77, 0, 0x65);
   1026e:	06500613          	li	a2,101
   10272:	4581                	li	a1,0
   10274:	07700513          	li	a0,119
   10278:	3d09                	jal	1008a <sd_cmd>
	REG32(spi, SPI_REG_TXFIFO) = d;
   1027a:	05242423          	sw	s2,72(s0) # 64001048 <dtb+0x63ff08c0>
		r = REG32(spi, SPI_REG_RXFIFO);
   1027e:	447c                	lw	a5,76(s0)
	} while (r < 0);
   10280:	fe07cfe3          	bltz	a5,1027e <main+0x140>
	REG32(spi, SPI_REG_CSMODE) = SPI_CSMODE_AUTO;
   10284:	00042c23          	sw	zero,24(s0)
		r = sd_cmd(0x69, 0x40000000, 0x77); /* HCS = 1 */
   10288:	07700613          	li	a2,119
   1028c:	400005b7          	lui	a1,0x40000
   10290:	06900513          	li	a0,105
   10294:	3bdd                	jal	1008a <sd_cmd>
	} while (r == 0x01);
   10296:	fc950ce3          	beq	a0,s1,1026e <main+0x130>
	    sd_cmd8() ||
   1029a:	f15d                	bnez	a0,10240 <main+0x102>
	dputs("CMD58");
   1029c:	00000517          	auipc	a0,0x0
   102a0:	3e450513          	addi	a0,a0,996 # 10680 <kprintf+0x184>
   102a4:	2405                	jal	104c4 <kputs>
	rc = (sd_cmd(0x7A, 0, 0xFD) != 0x00);
   102a6:	0fd00613          	li	a2,253
   102aa:	4581                	li	a1,0
   102ac:	07a00513          	li	a0,122
   102b0:	3be9                	jal	1008a <sd_cmd>
	REG32(spi, SPI_REG_TXFIFO) = d;
   102b2:	0ff00793          	li	a5,255
	rc = (sd_cmd(0x7A, 0, 0xFD) != 0x00);
   102b6:	00a036b3          	snez	a3,a0
	REG32(spi, SPI_REG_TXFIFO) = d;
   102ba:	c43c                	sw	a5,72(s0)
		r = REG32(spi, SPI_REG_RXFIFO);
   102bc:	64001737          	lui	a4,0x64001
   102c0:	477c                	lw	a5,76(a4)
	} while (r < 0);
   102c2:	fe07cfe3          	bltz	a5,102c0 <main+0x182>
	rc |= ((sd_dummy() & 0x80) != 0x80); /* Power up status */
   102c6:	839d                	srli	a5,a5,0x7
   102c8:	0017c793          	xori	a5,a5,1
   102cc:	8b85                	andi	a5,a5,1
   102ce:	8edd                	or	a3,a3,a5
	REG32(spi, SPI_REG_TXFIFO) = d;
   102d0:	0ff00793          	li	a5,255
   102d4:	c73c                	sw	a5,72(a4)
		r = REG32(spi, SPI_REG_RXFIFO);
   102d6:	64001737          	lui	a4,0x64001
   102da:	477c                	lw	a5,76(a4)
	} while (r < 0);
   102dc:	fe07cfe3          	bltz	a5,102da <main+0x19c>
	REG32(spi, SPI_REG_TXFIFO) = d;
   102e0:	0ff00793          	li	a5,255
   102e4:	c73c                	sw	a5,72(a4)
		r = REG32(spi, SPI_REG_RXFIFO);
   102e6:	64001737          	lui	a4,0x64001
   102ea:	477c                	lw	a5,76(a4)
	} while (r < 0);
   102ec:	fe07cfe3          	bltz	a5,102ea <main+0x1ac>
	REG32(spi, SPI_REG_TXFIFO) = d;
   102f0:	0ff00793          	li	a5,255
   102f4:	c73c                	sw	a5,72(a4)
		r = REG32(spi, SPI_REG_RXFIFO);
   102f6:	64001737          	lui	a4,0x64001
   102fa:	477c                	lw	a5,76(a4)
	} while (r < 0);
   102fc:	fe07cfe3          	bltz	a5,102fa <main+0x1bc>
	REG32(spi, SPI_REG_TXFIFO) = d;
   10300:	0ff00793          	li	a5,255
   10304:	c73c                	sw	a5,72(a4)
		r = REG32(spi, SPI_REG_RXFIFO);
   10306:	64001437          	lui	s0,0x64001
   1030a:	447c                	lw	a5,76(s0)
	} while (r < 0);
   1030c:	fe07cfe3          	bltz	a5,1030a <main+0x1cc>
	REG32(spi, SPI_REG_CSMODE) = SPI_CSMODE_AUTO;
   10310:	00042c23          	sw	zero,24(s0) # 64001018 <dtb+0x63ff0890>
	    sd_acmd41() ||
   10314:	f695                	bnez	a3,10240 <main+0x102>
	dputs("CMD16");
   10316:	00000517          	auipc	a0,0x0
   1031a:	37250513          	addi	a0,a0,882 # 10688 <kprintf+0x18c>
   1031e:	225d                	jal	104c4 <kputs>
	rc = (sd_cmd(0x50, 0x200, 0x15) != 0x00);
   10320:	4655                	li	a2,21
   10322:	20000593          	li	a1,512
   10326:	05000513          	li	a0,80
   1032a:	3385                	jal	1008a <sd_cmd>
	REG32(spi, SPI_REG_TXFIFO) = d;
   1032c:	0ff00793          	li	a5,255
   10330:	c43c                	sw	a5,72(s0)
	rc = (sd_cmd(0x50, 0x200, 0x15) != 0x00);
   10332:	872a                	mv	a4,a0
		r = REG32(spi, SPI_REG_RXFIFO);
   10334:	64001437          	lui	s0,0x64001
   10338:	447c                	lw	a5,76(s0)
	} while (r < 0);
   1033a:	fe07cfe3          	bltz	a5,10338 <main+0x1fa>
	REG32(spi, SPI_REG_CSMODE) = SPI_CSMODE_AUTO;
   1033e:	00042c23          	sw	zero,24(s0) # 64001018 <dtb+0x63ff0890>
	    sd_cmd58() ||
   10342:	ee071fe3          	bnez	a4,10240 <main+0x102>
	dputs("CMD18");
   10346:	00000517          	auipc	a0,0x0
   1034a:	34a50513          	addi	a0,a0,842 # 10690 <kprintf+0x194>
   1034e:	2a9d                	jal	104c4 <kputs>
	kprintf("LOADING 0x%xB PAYLOAD\r\n", PAYLOAD_SIZE_B);
   10350:	6585                	lui	a1,0x1
   10352:	00000517          	auipc	a0,0x0
   10356:	34650513          	addi	a0,a0,838 # 10698 <kprintf+0x19c>
   1035a:	224d                	jal	104fc <kprintf>
	kprintf("LOADING  ");
   1035c:	00000517          	auipc	a0,0x0
   10360:	35450513          	addi	a0,a0,852 # 106b0 <kprintf+0x1b4>
   10364:	2a61                	jal	104fc <kprintf>
	if (sd_cmd(0x52, BBL_PARTITION_START_SECTOR, 0xE1) != 0x00) {
   10366:	6585                	lui	a1,0x1
	REG32(spi, SPI_REG_SCKDIV) = (F_CLK / 5000000);
   10368:	00042023          	sw	zero,0(s0)
	if (sd_cmd(0x52, BBL_PARTITION_START_SECTOR, 0xE1) != 0x00) {
   1036c:	0e100613          	li	a2,225
   10370:	80058593          	addi	a1,a1,-2048 # 800 <_prog_start-0xf800>
   10374:	05200513          	li	a0,82
   10378:	3b09                	jal	1008a <sd_cmd>
	volatile uint8_t *p = (void *)(PAYLOAD_DEST);
   1037a:	80000f37          	lui	t5,0x80000
	if (sd_cmd(0x52, BBL_PARTITION_START_SECTOR, 0xE1) != 0x00) {
   1037e:	12051863          	bnez	a0,104ae <main+0x370>
	crc ^= (crc & 0xff) << 5;
   10382:	6809                	lui	a6,0x2
	REG32(spi, SPI_REG_TXFIFO) = d;
   10384:	640015b7          	lui	a1,0x64001
   10388:	0ff00313          	li	t1,255
   1038c:	0ff00513          	li	a0,255
		while (sd_dummy() != 0xFE);
   10390:	0fe00893          	li	a7,254
		r = REG32(spi, SPI_REG_RXFIFO);
   10394:	64001eb7          	lui	t4,0x64001
	crc ^= (crc & 0xff) << 5;
   10398:	1801                	addi	a6,a6,-32 # 1fe0 <_prog_start-0xe020>
	} while (--i > 0);
   1039a:	80001e37          	lui	t3,0x80001
	REG32(spi, SPI_REG_TXFIFO) = d;
   1039e:	04858713          	addi	a4,a1,72 # 64001048 <dtb+0x63ff08c0>
   103a2:	c308                	sw	a0,0(a4)
		r = REG32(spi, SPI_REG_RXFIFO);
   103a4:	45fc                	lw	a5,76(a1)
	} while (r < 0);
   103a6:	fe07cfe3          	bltz	a5,103a4 <main+0x266>
		while (sd_dummy() != 0xFE);
   103aa:	0ff7f793          	zext.b	a5,a5
   103ae:	ff179ae3          	bne	a5,a7,103a2 <main+0x264>
   103b2:	867a                	mv	a2,t5
		crc = 0;
   103b4:	4781                	li	a5,0
   103b6:	200f0f13          	addi	t5,t5,512 # 80000200 <_sp+0xfff00200>
	REG32(spi, SPI_REG_TXFIFO) = d;
   103ba:	04858f93          	addi	t6,a1,72
   103be:	00afa023          	sw	a0,0(t6)
		r = REG32(spi, SPI_REG_RXFIFO);
   103c2:	45f4                	lw	a3,76(a1)
	} while (r < 0);
   103c4:	fe06cfe3          	bltz	a3,103c2 <main+0x284>
	return r;
   103c8:	00879713          	slli	a4,a5,0x8
   103cc:	83a1                	srli	a5,a5,0x8
   103ce:	8f5d                	or	a4,a4,a5
   103d0:	0742                	slli	a4,a4,0x10
   103d2:	0ff6f693          	zext.b	a3,a3
			*p++ = x;
   103d6:	8341                	srli	a4,a4,0x10
	crc ^= data;
   103d8:	8f35                	xor	a4,a4,a3
	crc ^= (uint8_t)(crc >> 4) & 0xf;
   103da:	00475793          	srli	a5,a4,0x4
   103de:	8bbd                	andi	a5,a5,15
   103e0:	8f3d                	xor	a4,a4,a5
	crc ^= crc << 12;
   103e2:	00c71793          	slli	a5,a4,0xc
   103e6:	8fb9                	xor	a5,a5,a4
	crc ^= (crc & 0xff) << 5;
   103e8:	01079713          	slli	a4,a5,0x10
   103ec:	8341                	srli	a4,a4,0x10
   103ee:	0716                	slli	a4,a4,0x5
   103f0:	01077733          	and	a4,a4,a6
   103f4:	8fb9                	xor	a5,a5,a4
   103f6:	07c2                	slli	a5,a5,0x10
			*p++ = x;
   103f8:	00160713          	addi	a4,a2,1
   103fc:	00d60023          	sb	a3,0(a2)
	crc ^= (crc & 0xff) << 5;
   10400:	83c1                	srli	a5,a5,0x10
		} while (--n > 0);
   10402:	01e70463          	beq	a4,t5,1040a <main+0x2cc>
			*p++ = x;
   10406:	863a                	mv	a2,a4
   10408:	bf5d                	j	103be <main+0x280>
	REG32(spi, SPI_REG_TXFIFO) = d;
   1040a:	046ea423          	sw	t1,72(t4) # 64001048 <dtb+0x63ff08c0>
		r = REG32(spi, SPI_REG_RXFIFO);
   1040e:	45f4                	lw	a3,76(a1)
	} while (r < 0);
   10410:	fe06cfe3          	bltz	a3,1040e <main+0x2d0>
		crc_exp = ((uint16_t)sd_dummy() << 8);
   10414:	0ff6f693          	zext.b	a3,a3
   10418:	06a2                	slli	a3,a3,0x8
   1041a:	06c2                	slli	a3,a3,0x10
   1041c:	82c1                	srli	a3,a3,0x10
	REG32(spi, SPI_REG_TXFIFO) = d;
   1041e:	0465a423          	sw	t1,72(a1)
		r = REG32(spi, SPI_REG_RXFIFO);
   10422:	45f0                	lw	a2,76(a1)
	} while (r < 0);
   10424:	fe064fe3          	bltz	a2,10422 <main+0x2e4>
		crc_exp |= sd_dummy();
   10428:	0ff67613          	zext.b	a2,a2
		if (crc != crc_exp) {
   1042c:	8ed1                	or	a3,a3,a2
   1042e:	06f69963          	bne	a3,a5,104a0 <main+0x362>
	} while (--i > 0);
   10432:	f7c716e3          	bne	a4,t3,1039e <main+0x260>
	int rc = 0;
   10436:	4401                	li	s0,0
	REG32(spi, SPI_REG_TXFIFO) = d;
   10438:	640017b7          	lui	a5,0x64001
   1043c:	0ff00713          	li	a4,255
   10440:	c7b8                	sw	a4,72(a5)
		r = REG32(spi, SPI_REG_RXFIFO);
   10442:	640014b7          	lui	s1,0x64001
   10446:	44fc                	lw	a5,76(s1)
	} while (r < 0);
   10448:	fe07cfe3          	bltz	a5,10446 <main+0x308>
	REG32(spi, SPI_REG_CSMODE) = SPI_CSMODE_AUTO;
   1044c:	0004ac23          	sw	zero,24(s1) # 64001018 <dtb+0x63ff0890>
	sd_cmd(0x4C, 0, 0x01);
   10450:	4605                	li	a2,1
   10452:	4581                	li	a1,0
   10454:	04c00513          	li	a0,76
   10458:	390d                	jal	1008a <sd_cmd>
	REG32(spi, SPI_REG_TXFIFO) = d;
   1045a:	0ff00793          	li	a5,255
   1045e:	c4bc                	sw	a5,72(s1)
		r = REG32(spi, SPI_REG_RXFIFO);
   10460:	640017b7          	lui	a5,0x64001
   10464:	47f8                	lw	a4,76(a5)
	} while (r < 0);
   10466:	fe074fe3          	bltz	a4,10464 <main+0x326>
	REG32(spi, SPI_REG_CSMODE) = SPI_CSMODE_AUTO;
   1046a:	0007ac23          	sw	zero,24(a5) # 64001018 <dtb+0x63ff0890>
	kputs("\b ");
   1046e:	00000517          	auipc	a0,0x0
   10472:	26250513          	addi	a0,a0,610 # 106d0 <kprintf+0x1d4>
   10476:	20b9                	jal	104c4 <kputs>
	    sd_cmd16() ||
   10478:	dc0414e3          	bnez	s0,10240 <main+0x102>
	kputs("BOOT");
   1047c:	00000517          	auipc	a0,0x0
   10480:	26050513          	addi	a0,a0,608 # 106dc <kprintf+0x1e0>
   10484:	2081                	jal	104c4 <kputs>
	kputs("University of Electro-Communications...\r\n");
   10486:	00000517          	auipc	a0,0x0
   1048a:	25e50513          	addi	a0,a0,606 # 106e4 <kprintf+0x1e8>
   1048e:	281d                	jal	104c4 <kputs>
	kputs("Hello world from Pham Lab!!!\r\n");
   10490:	00000517          	auipc	a0,0x0
   10494:	28050513          	addi	a0,a0,640 # 10710 <kprintf+0x214>
   10498:	2035                	jal	104c4 <kputs>
	__asm__ __volatile__ ("fence.i" : : : "memory");
   1049a:	0000100f          	fence.i
	return 0;
   1049e:	b37d                	j	1024c <main+0x10e>
			kputs("\b- CRC mismatch ");
   104a0:	00000517          	auipc	a0,0x0
   104a4:	21c50513          	addi	a0,a0,540 # 106bc <kprintf+0x1c0>
   104a8:	2831                	jal	104c4 <kputs>
			rc = 1;
   104aa:	4405                	li	s0,1
			break;
   104ac:	b771                	j	10438 <main+0x2fa>
	REG32(spi, SPI_REG_TXFIFO) = d;
   104ae:	0ff00793          	li	a5,255
   104b2:	c43c                	sw	a5,72(s0)
		r = REG32(spi, SPI_REG_RXFIFO);
   104b4:	640017b7          	lui	a5,0x64001
   104b8:	47f8                	lw	a4,76(a5)
	} while (r < 0);
   104ba:	fe074fe3          	bltz	a4,104b8 <main+0x37a>
	REG32(spi, SPI_REG_CSMODE) = SPI_CSMODE_AUTO;
   104be:	0007ac23          	sw	zero,24(a5) # 64001018 <dtb+0x63ff0890>
		return 1;
   104c2:	bbbd                	j	10240 <main+0x102>

000104c4 <kputs>:
#include "kprintf.h"

static inline void _kputs(const char *s)
{
	char c;
	for (; (c = *s) != '\0'; s++)
   104c4:	00054703          	lbu	a4,0(a0)
   104c8:	cb19                	beqz	a4,104de <kputs+0x1a>
{
	volatile uint32_t *tx = &REG32(uart, UART_REG_TXFIFO);
#ifdef __riscv_atomic
	int32_t r;
	do {
		__asm__ __volatile__ (
   104ca:	640007b7          	lui	a5,0x64000
   104ce:	40e7a6af          	amoor.w	a3,a4,(a5)
			"amoor.w %0, %2, %1\n"
			: "=r" (r), "+A" (*tx)
			: "r" (c));
	} while (r < 0);
   104d2:	fe06cee3          	bltz	a3,104ce <kputs+0xa>
   104d6:	00154703          	lbu	a4,1(a0)
   104da:	0505                	addi	a0,a0,1
   104dc:	fb6d                	bnez	a4,104ce <kputs+0xa>
		__asm__ __volatile__ (
   104de:	640007b7          	lui	a5,0x64000
   104e2:	4735                	li	a4,13
   104e4:	40e7a6af          	amoor.w	a3,a4,(a5)
	} while (r < 0);
   104e8:	fe06cee3          	bltz	a3,104e4 <kputs+0x20>
		__asm__ __volatile__ (
   104ec:	640007b7          	lui	a5,0x64000
   104f0:	4729                	li	a4,10
   104f2:	40e7a6af          	amoor.w	a3,a4,(a5)
	} while (r < 0);
   104f6:	fe06cee3          	bltz	a3,104f2 <kputs+0x2e>
void kputs(const char *s)
{
	_kputs(s);
	kputc('\r');
	kputc('\n');
}
   104fa:	8082                	ret

000104fc <kprintf>:

void kprintf(const char *fmt, ...)
{
   104fc:	7179                	addi	sp,sp,-48

	va_start(vl, fmt);
	is_format = false;
	is_long = false;
	is_char = false;
	while ((c = *fmt++) != '\0') {
   104fe:	00054303          	lbu	t1,0(a0)
{
   10502:	d23e                	sw	a5,36(sp)
	va_start(vl, fmt);
   10504:	085c                	addi	a5,sp,20
{
   10506:	ca2e                	sw	a1,20(sp)
   10508:	cc32                	sw	a2,24(sp)
   1050a:	ce36                	sw	a3,28(sp)
   1050c:	d03a                	sw	a4,32(sp)
   1050e:	d442                	sw	a6,40(sp)
   10510:	d646                	sw	a7,44(sp)
	va_start(vl, fmt);
   10512:	c63e                	sw	a5,12(sp)
	while ((c = *fmt++) != '\0') {
   10514:	06030063          	beqz	t1,10574 <kprintf+0x78>
   10518:	00150593          	addi	a1,a0,1
   1051c:	4701                	li	a4,0
   1051e:	4501                	li	a0,0
   10520:	4681                	li	a3,0
				break;
			}
			is_format = false;
			is_long = false;
			is_char = false;
		} else if (c == '%') {
   10522:	02500e93          	li	t4,37
		__asm__ __volatile__ (
   10526:	64000637          	lui	a2,0x64000
			switch (c) {
   1052a:	4e55                	li	t3,21
   1052c:	00000897          	auipc	a7,0x0
   10530:	20488893          	addi	a7,a7,516 # 10730 <kprintf+0x234>
		if (is_format) {
   10534:	c6dd                	beqz	a3,105e2 <kprintf+0xe6>
			switch (c) {
   10536:	f9d30313          	addi	t1,t1,-99
   1053a:	0ff37313          	zext.b	t1,t1
   1053e:	026e6363          	bltu	t3,t1,10564 <kprintf+0x68>
   10542:	030a                	slli	t1,t1,0x2
   10544:	9346                	add	t1,t1,a7
   10546:	00032783          	lw	a5,0(t1)
   1054a:	97c6                	add	a5,a5,a7
   1054c:	8782                	jr	a5
				kputc(va_arg(vl, int));
   1054e:	46b2                	lw	a3,12(sp)
   10550:	640007b7          	lui	a5,0x64000
   10554:	0006c703          	lbu	a4,0(a3) # 64001000 <dtb+0x63ff0878>
   10558:	0691                	addi	a3,a3,4
   1055a:	c636                	sw	a3,12(sp)
   1055c:	40e7a6af          	amoor.w	a3,a4,(a5)
	} while (r < 0);
   10560:	fe06cee3          	bltz	a3,1055c <kprintf+0x60>
			is_char = false;
   10564:	4701                	li	a4,0
			is_long = false;
   10566:	4501                	li	a0,0
			is_format = false;
   10568:	4681                	li	a3,0
	while ((c = *fmt++) != '\0') {
   1056a:	0005c303          	lbu	t1,0(a1)
   1056e:	0585                	addi	a1,a1,1
   10570:	fc0312e3          	bnez	t1,10534 <kprintf+0x38>
		} else {
			kputc(c);
		}
	}
	va_end(vl);
}
   10574:	6145                	addi	sp,sp,48
   10576:	8082                	ret
					n = va_arg(vl, unsigned long);
   10578:	47b2                	lw	a5,12(sp)
   1057a:	00478693          	addi	a3,a5,4 # 64000004 <dtb+0x63fef87c>
				if (is_long) {
   1057e:	ed3d                	bnez	a0,105fc <kprintf+0x100>
					i = is_char ? 4 : (sizeof(unsigned int) << 3) - 4;
   10580:	00173513          	seqz	a0,a4
   10584:	40a00533          	neg	a0,a0
					n = va_arg(vl, unsigned int);
   10588:	0007af83          	lw	t6,0(a5)
					i = is_char ? 4 : (sizeof(unsigned int) << 3) - 4;
   1058c:	8961                	andi	a0,a0,24
					n = va_arg(vl, unsigned int);
   1058e:	c636                	sw	a3,12(sp)
					i = is_char ? 4 : (sizeof(unsigned int) << 3) - 4;
   10590:	0511                	addi	a0,a0,4
					kputc(d < 10 ? '0' + d : 'a' + d - 10);
   10592:	4f25                	li	t5,9
		__asm__ __volatile__ (
   10594:	640007b7          	lui	a5,0x64000
				for (; i >= 0; i -= 4) {
   10598:	5371                	li	t1,-4
					d = (n >> i) & 0xF;
   1059a:	00afd733          	srl	a4,t6,a0
					kputc(d < 10 ? '0' + d : 'a' + d - 10);
   1059e:	00f77813          	andi	a6,a4,15
   105a2:	05780713          	addi	a4,a6,87
   105a6:	010f6463          	bltu	t5,a6,105ae <kprintf+0xb2>
   105aa:	03080713          	addi	a4,a6,48
   105ae:	40e7a6af          	amoor.w	a3,a4,(a5)
	} while (r < 0);
   105b2:	fe06cee3          	bltz	a3,105ae <kprintf+0xb2>
				for (; i >= 0; i -= 4) {
   105b6:	1571                	addi	a0,a0,-4
   105b8:	fe6511e3          	bne	a0,t1,1059a <kprintf+0x9e>
   105bc:	b765                	j	10564 <kprintf+0x68>
				_kputs(va_arg(vl, const char *));
   105be:	47b2                	lw	a5,12(sp)
   105c0:	4388                	lw	a0,0(a5)
   105c2:	0791                	addi	a5,a5,4 # 64000004 <dtb+0x63fef87c>
   105c4:	c63e                	sw	a5,12(sp)
	for (; (c = *s) != '\0'; s++)
   105c6:	00054703          	lbu	a4,0(a0)
   105ca:	df49                	beqz	a4,10564 <kprintf+0x68>
		__asm__ __volatile__ (
   105cc:	640007b7          	lui	a5,0x64000
   105d0:	40e7a6af          	amoor.w	a3,a4,(a5)
	} while (r < 0);
   105d4:	fe06cee3          	bltz	a3,105d0 <kprintf+0xd4>
   105d8:	00154703          	lbu	a4,1(a0)
   105dc:	0505                	addi	a0,a0,1
   105de:	fb6d                	bnez	a4,105d0 <kprintf+0xd4>
   105e0:	b751                	j	10564 <kprintf+0x68>
		} else if (c == '%') {
   105e2:	01d31463          	bne	t1,t4,105ea <kprintf+0xee>
			is_format = true;
   105e6:	4685                	li	a3,1
   105e8:	b749                	j	1056a <kprintf+0x6e>
		__asm__ __volatile__ (
   105ea:	406627af          	amoor.w	a5,t1,(a2)
	} while (r < 0);
   105ee:	f607dee3          	bgez	a5,1056a <kprintf+0x6e>
		__asm__ __volatile__ (
   105f2:	406627af          	amoor.w	a5,t1,(a2)
	} while (r < 0);
   105f6:	fe07cae3          	bltz	a5,105ea <kprintf+0xee>
   105fa:	bf85                	j	1056a <kprintf+0x6e>
					n = va_arg(vl, unsigned long);
   105fc:	0007af83          	lw	t6,0(a5) # 64000000 <dtb+0x63fef878>
   10600:	c636                	sw	a3,12(sp)
					i = (sizeof(unsigned long) << 3) - 4;
   10602:	4571                	li	a0,28
   10604:	b779                	j	10592 <kprintf+0x96>
			switch (c) {
   10606:	8736                	mv	a4,a3
   10608:	b78d                	j	1056a <kprintf+0x6e>
				is_long = true;
   1060a:	8536                	mv	a0,a3
   1060c:	bfb9                	j	1056a <kprintf+0x6e>
	...

Disassembly of section .rodata:

00010650 <dtb-0x138>:
   10650:	635f6473          	csrrsi	s0,0x635,30
   10654:	646d                	lui	s0,0x1b
   10656:	203a                	.2byte	0x203a
   10658:	6974                	.2byte	0x6974
   1065a:	656d                	lui	a0,0x1b
   1065c:	0074756f          	jal	a0,57e62 <dtb+0x476da>
   10660:	4e49                	li	t3,18
   10662:	5449                	li	s0,-14
   10664:	0000                	unimp
   10666:	0000                	unimp
   10668:	30444d43          	.4byte	0x30444d43
   1066c:	0000                	unimp
   1066e:	0000                	unimp
   10670:	38444d43          	.4byte	0x38444d43
   10674:	0000                	unimp
   10676:	0000                	unimp
   10678:	4341                	li	t1,16
   1067a:	444d                	li	s0,19
   1067c:	3134                	.2byte	0x3134
   1067e:	0000                	unimp
   10680:	35444d43          	.4byte	0x35444d43
   10684:	0038                	addi	a4,sp,8
   10686:	0000                	unimp
   10688:	31444d43          	.4byte	0x31444d43
   1068c:	0036                	c.slli	zero,0xd
   1068e:	0000                	unimp
   10690:	31444d43          	.4byte	0x31444d43
   10694:	0038                	addi	a4,sp,8
   10696:	0000                	unimp
   10698:	4f4c                	lw	a1,28(a4)
   1069a:	4441                	li	s0,16
   1069c:	4e49                	li	t3,18
   1069e:	78302047          	.4byte	0x78302047
   106a2:	7825                	lui	a6,0xfffe9
   106a4:	2042                	.2byte	0x2042
   106a6:	4150                	lw	a2,4(a0)
   106a8:	4c59                	li	s8,22
   106aa:	0d44414f          	.4byte	0xd44414f
   106ae:	000a                	c.slli	zero,0x2
   106b0:	4f4c                	lw	a1,28(a4)
   106b2:	4441                	li	s0,16
   106b4:	4e49                	li	t3,18
   106b6:	00202047          	.4byte	0x202047
   106ba:	0000                	unimp
   106bc:	2d08                	.2byte	0x2d08
   106be:	4320                	lw	s0,64(a4)
   106c0:	4352                	lw	t1,20(sp)
   106c2:	6d20                	.2byte	0x6d20
   106c4:	7369                	lui	t1,0xffffa
   106c6:	616d                	addi	sp,sp,240
   106c8:	6374                	.2byte	0x6374
   106ca:	2068                	.2byte	0x2068
   106cc:	0000                	unimp
   106ce:	0000                	unimp
   106d0:	2008                	.2byte	0x2008
   106d2:	0000                	unimp
   106d4:	5245                	li	tp,-15
   106d6:	4f52                	lw	t5,20(sp)
   106d8:	0052                	c.slli	zero,0x14
   106da:	0000                	unimp
   106dc:	4f42                	lw	t5,16(sp)
   106de:	0000544f          	.4byte	0x544f
   106e2:	0000                	unimp
   106e4:	6e55                	lui	t3,0x15
   106e6:	7669                	lui	a2,0xffffa
   106e8:	7265                	lui	tp,0xffff9
   106ea:	79746973          	csrrsi	s2,0x797,8
   106ee:	6f20                	.2byte	0x6f20
   106f0:	2066                	.2byte	0x2066
   106f2:	6c45                	lui	s8,0x11
   106f4:	6365                	lui	t1,0x19
   106f6:	7274                	.2byte	0x7274
   106f8:	6f432d6f          	jal	s10,42dec <dtb+0x32664>
   106fc:	6d6d                	lui	s10,0x1b
   106fe:	6e75                	lui	t3,0x1d
   10700:	6369                	lui	t1,0x1a
   10702:	7461                	lui	s0,0xffff8
   10704:	6f69                	lui	t5,0x1a
   10706:	736e                	.2byte	0x736e
   10708:	2e2e                	.2byte	0x2e2e
   1070a:	0d2e                	slli	s10,s10,0xb
   1070c:	000a                	c.slli	zero,0x2
   1070e:	0000                	unimp
   10710:	6548                	.2byte	0x6548
   10712:	6c6c                	.2byte	0x6c6c
   10714:	6f77206f          	j	8360a <dtb+0x72e82>
   10718:	6c72                	.2byte	0x6c72
   1071a:	2064                	.2byte	0x2064
   1071c:	7266                	.2byte	0x7266
   1071e:	50206d6f          	jal	s10,16c20 <dtb+0x6498>
   10722:	6168                	.2byte	0x6168
   10724:	206d                	jal	107ce <dtb+0x46>
   10726:	614c                	.2byte	0x614c
   10728:	2162                	.2byte	0x2162
   1072a:	2121                	jal	10b32 <dtb+0x3aa>
   1072c:	0a0d                	addi	s4,s4,3
   1072e:	0000                	unimp
   10730:	fe1e                	.2byte	0xfe1e
   10732:	ffff                	.2byte	0xffff
   10734:	fe34                	.2byte	0xfe34
   10736:	ffff                	.2byte	0xffff
   10738:	fe34                	.2byte	0xfe34
   1073a:	ffff                	.2byte	0xffff
   1073c:	fe34                	.2byte	0xfe34
   1073e:	ffff                	.2byte	0xffff
   10740:	fe34                	.2byte	0xfe34
   10742:	ffff                	.2byte	0xffff
   10744:	fed6                	.2byte	0xfed6
   10746:	ffff                	.2byte	0xffff
   10748:	fe34                	.2byte	0xfe34
   1074a:	ffff                	.2byte	0xffff
   1074c:	fe34                	.2byte	0xfe34
   1074e:	ffff                	.2byte	0xffff
   10750:	fe34                	.2byte	0xfe34
   10752:	ffff                	.2byte	0xffff
   10754:	feda                	.2byte	0xfeda
   10756:	ffff                	.2byte	0xffff
   10758:	fe34                	.2byte	0xfe34
   1075a:	ffff                	.2byte	0xffff
   1075c:	fe34                	.2byte	0xfe34
   1075e:	ffff                	.2byte	0xffff
   10760:	fe34                	.2byte	0xfe34
   10762:	ffff                	.2byte	0xffff
   10764:	fe34                	.2byte	0xfe34
   10766:	ffff                	.2byte	0xffff
   10768:	fe34                	.2byte	0xfe34
   1076a:	ffff                	.2byte	0xffff
   1076c:	fe34                	.2byte	0xfe34
   1076e:	ffff                	.2byte	0xffff
   10770:	fe8e                	.2byte	0xfe8e
   10772:	ffff                	.2byte	0xffff
   10774:	fe34                	.2byte	0xfe34
   10776:	ffff                	.2byte	0xffff
   10778:	fe34                	.2byte	0xfe34
   1077a:	ffff                	.2byte	0xffff
   1077c:	fe34                	.2byte	0xfe34
   1077e:	ffff                	.2byte	0xffff
   10780:	fe34                	.2byte	0xfe34
   10782:	ffff                	.2byte	0xffff
   10784:	fe48                	.2byte	0xfe48
   10786:	ffff                	.2byte	0xffff

Disassembly of section .riscv.attributes:

00000000 <.riscv.attributes>:
   0:	2e41                	jal	390 <_prog_start-0xfc70>
   2:	0000                	unimp
   4:	7200                	.2byte	0x7200
   6:	7369                	lui	t1,0xffffa
   8:	01007663          	bgeu	zero,a6,14 <_prog_start-0xffec>
   c:	0024                	addi	s1,sp,8
   e:	0000                	unimp
  10:	1004                	addi	s1,sp,32
  12:	7205                	lui	tp,0xfffe1
  14:	3376                	.2byte	0x3376
  16:	6932                	.2byte	0x6932
  18:	7032                	.2byte	0x7032
  1a:	5f30                	lw	a2,120(a4)
  1c:	326d                	jal	fffff9c6 <_sp+0x7feff9c6>
  1e:	3070                	.2byte	0x3070
  20:	615f 7032 5f30      	.byte	0x5f, 0x61, 0x32, 0x70, 0x30, 0x5f
  26:	30703263          	.4byte	0x30703263
  2a:	0800                	addi	s0,sp,16
  2c:	0a01                	addi	s4,s4,0
  2e:	0b              	Address 0x000000000000002e is out of bounds.


Disassembly of section .comment:

00000000 <.comment>:
   0:	3a434347          	.4byte	0x3a434347
   4:	2820                	.2byte	0x2820
   6:	65653267          	.4byte	0x65653267
   a:	6535                	lui	a0,0xd
   c:	3334                	.2byte	0x3334
   e:	3030                	.2byte	0x3030
  10:	3831                	jal	fffff82c <_sp+0x7feff82c>
  12:	2029                	jal	1c <_prog_start-0xffe4>
  14:	3231                	jal	fffff920 <_sp+0x7feff920>
  16:	322e                	.2byte	0x322e
  18:	302e                	.2byte	0x302e
	...

Disassembly of section .debug_line:

00000000 <.debug_line>:
       0:	006c                	addi	a1,sp,12
       2:	0000                	unimp
       4:	0005                	c.nop	1
       6:	0004                	.2byte	0x4
       8:	002a                	c.slli	zero,0xa
       a:	0000                	unimp
       c:	0101                	addi	sp,sp,0
       e:	fb01                	bnez	a4,ffffff1e <_sp+0x7fefff1e>
      10:	0d0e                	slli	s10,s10,0x3
      12:	0100                	addi	s0,sp,128
      14:	0101                	addi	sp,sp,0
      16:	0001                	nop
      18:	0000                	unimp
      1a:	0001                	nop
      1c:	0100                	addi	s0,sp,128
      1e:	0101                	addi	sp,sp,0
      20:	011f 0000 0000      	.byte	0x1f, 0x01, 0x00, 0x00, 0x00, 0x00
      26:	0102                	c.slli64	sp
      28:	021f 020f 0049      	.byte	0x1f, 0x02, 0x0f, 0x02, 0x49, 0x00
      2e:	0000                	unimp
      30:	4900                	lw	s0,16(a0)
      32:	0000                	unimp
      34:	0000                	unimp
      36:	0500                	addi	s0,sp,640
      38:	0002                	c.slli64	zero
      3a:	0100                	addi	s0,sp,128
      3c:	0300                	addi	s0,sp,384
      3e:	0109                	addi	sp,sp,2
      40:	14090103          	lb	sp,320(s2)
      44:	0100                	addi	s0,sp,128
      46:	08090103          	lb	sp,128(s2)
      4a:	0100                	addi	s0,sp,128
      4c:	02090103          	lb	sp,32(s2)
      50:	0100                	addi	s0,sp,128
      52:	58090103          	lb	sp,1408(s2)
      56:	0100                	addi	s0,sp,128
      58:	04090103          	lb	sp,64(s2)
      5c:	0100                	addi	s0,sp,128
      5e:	08090103          	lb	sp,128(s2)
      62:	0100                	addi	s0,sp,128
      64:	04090103          	lb	sp,64(s2)
      68:	0100                	addi	s0,sp,128
      6a:	0409                	addi	s0,s0,2 # ffff8002 <_sp+0x7fef8002>
      6c:	0000                	unimp
      6e:	0101                	addi	sp,sp,0
      70:	00000fcb          	.4byte	0xfcb
      74:	0005                	c.nop	1
      76:	0004                	.2byte	0x4
      78:	0041                	c.nop	16
      7a:	0000                	unimp
      7c:	0101                	addi	sp,sp,0
      7e:	fb01                	bnez	a4,ffffff8e <_sp+0x7fefff8e>
      80:	0d0e                	slli	s10,s10,0x3
      82:	0100                	addi	s0,sp,128
      84:	0101                	addi	sp,sp,0
      86:	0001                	nop
      88:	0000                	unimp
      8a:	0001                	nop
      8c:	0100                	addi	s0,sp,128
      8e:	0101                	addi	sp,sp,0
      90:	031f 0000 0000      	.byte	0x1f, 0x03, 0x00, 0x00, 0x00, 0x00
      96:	0055                	c.nop	21
      98:	0000                	unimp
      9a:	00b0                	addi	a2,sp,72
      9c:	0000                	unimp
      9e:	0102                	c.slli64	sp
      a0:	021f 050f 0050      	.byte	0x1f, 0x02, 0x0f, 0x05, 0x50, 0x00
      a6:	0000                	unimp
      a8:	5000                	lw	s0,32(s0)
      aa:	0000                	unimp
      ac:	0000                	unimp
      ae:	00000107          	.4byte	0x107
      b2:	1801                	addi	a6,a6,-32 # fffe8fe0 <_sp+0x7fee8fe0>
      b4:	0001                	nop
      b6:	0200                	addi	s0,sp,256
      b8:	0122                	slli	sp,sp,0x8
      ba:	0000                	unimp
      bc:	0500                	addi	s0,sp,640
      be:	0001                	nop
      c0:	0205                	addi	tp,tp,1 # fffe1001 <_sp+0x7fee1001>
      c2:	008a                	slli	ra,ra,0x2
      c4:	0001                	nop
      c6:	05012903          	lw	s2,80(sp)
      ca:	0302                	c.slli64	t1
      cc:	0901                	addi	s2,s2,0
      ce:	0000                	unimp
      d0:	0301                	addi	t1,t1,0 # ffffa000 <_sp+0x7fefa000>
      d2:	0901                	addi	s2,s2,0
      d4:	0000                	unimp
      d6:	0301                	addi	t1,t1,0
      d8:	0902                	c.slli64	s2
      da:	0000                	unimp
      dc:	0501                	addi	a0,a0,0 # d000 <_prog_start-0x3000>
      de:	0601                	addi	a2,a2,0 # ffffa000 <_sp+0x7fefa000>
      e0:	00097c03          	.4byte	0x97c03
      e4:	0100                	addi	s0,sp,128
      e6:	1d05                	addi	s10,s10,-31 # 1afe1 <dtb+0xa859>
      e8:	06090403          	lb	s0,96(s2)
      ec:	0100                	addi	s0,sp,128
      ee:	0205                	addi	tp,tp,1 # 1 <_prog_start-0xffff>
      f0:	0306                	slli	t1,t1,0x1
      f2:	0901                	addi	s2,s2,0
      f4:	0008                	.2byte	0x8
      f6:	0301                	addi	t1,t1,0
      f8:	00000977          	.4byte	0x977
      fc:	0301                	addi	t1,t1,0
      fe:	0975                	addi	s2,s2,29
     100:	0000                	unimp
     102:	0301                	addi	t1,t1,0
     104:	0902                	c.slli64	s2
     106:	0000                	unimp
     108:	0501                	addi	a0,a0,0
     10a:	061d                	addi	a2,a2,7
     10c:	00090003          	lb	zero,0(s2)
     110:	0100                	addi	s0,sp,128
     112:	0705                	addi	a4,a4,1 # 64001001 <dtb+0x63ff0879>
     114:	06090203          	lb	tp,96(s2)
     118:	0100                	addi	s0,sp,128
     11a:	0205                	addi	tp,tp,1 # 1 <_prog_start-0xffff>
     11c:	0306                	slli	t1,t1,0x1
     11e:	097f                	.2byte	0x97f
     120:	0004                	.2byte	0x4
     122:	0501                	addi	a0,a0,0
     124:	09010303          	lb	t1,144(sp)
     128:	0000                	unimp
     12a:	0501                	addi	a0,a0,0
     12c:	00030607          	.4byte	0x30607
     130:	0009                	c.nop	2
     132:	0100                	addi	s0,sp,128
     134:	0d05                	addi	s10,s10,1
     136:	0306                	slli	t1,t1,0x1
     138:	0901                	addi	s2,s2,0
     13a:	0002                	c.slli64	zero
     13c:	0501                	addi	a0,a0,0
     13e:	0302                	c.slli64	t1
     140:	0901                	addi	s2,s2,0
     142:	0004                	.2byte	0x4
     144:	0301                	addi	t1,t1,0
     146:	0000090f          	.4byte	0x90f
     14a:	0301                	addi	t1,t1,0
     14c:	0000096b          	.4byte	0x96b
     150:	0301                	addi	t1,t1,0
     152:	0902                	c.slli64	s2
     154:	0000                	unimp
     156:	0501                	addi	a0,a0,0
     158:	061d                	addi	a2,a2,7
     15a:	00090003          	lb	zero,0(s2)
     15e:	0100                	addi	s0,sp,128
     160:	0705                	addi	a4,a4,1
     162:	02090203          	lb	tp,32(s2)
     166:	0100                	addi	s0,sp,128
     168:	0205                	addi	tp,tp,1 # 1 <_prog_start-0xffff>
     16a:	0306                	slli	t1,t1,0x1
     16c:	097f                	.2byte	0x97f
     16e:	0004                	.2byte	0x4
     170:	0501                	addi	a0,a0,0
     172:	09010303          	lb	t1,144(sp)
     176:	0000                	unimp
     178:	0501                	addi	a0,a0,0
     17a:	00030607          	.4byte	0x30607
     17e:	0009                	c.nop	2
     180:	0100                	addi	s0,sp,128
     182:	0d05                	addi	s10,s10,1
     184:	0306                	slli	t1,t1,0x1
     186:	0901                	addi	s2,s2,0
     188:	0002                	c.slli64	zero
     18a:	0501                	addi	a0,a0,0
     18c:	0302                	c.slli64	t1
     18e:	0901                	addi	s2,s2,0
     190:	0004                	.2byte	0x4
     192:	0301                	addi	t1,t1,0
     194:	0910                	addi	a2,sp,144
     196:	0000                	unimp
     198:	0501                	addi	a0,a0,0
     19a:	0003060f          	.4byte	0x3060f
     19e:	0009                	c.nop	2
     1a0:	0100                	addi	s0,sp,128
     1a2:	0205                	addi	tp,tp,1 # 1 <_prog_start-0xffff>
     1a4:	0306                	slli	t1,t1,0x1
     1a6:	096a                	slli	s2,s2,0x1a
     1a8:	0004                	.2byte	0x4
     1aa:	0301                	addi	t1,t1,0
     1ac:	0902                	c.slli64	s2
     1ae:	0000                	unimp
     1b0:	0501                	addi	a0,a0,0
     1b2:	061d                	addi	a2,a2,7
     1b4:	00090003          	lb	zero,0(s2)
     1b8:	0100                	addi	s0,sp,128
     1ba:	0705                	addi	a4,a4,1
     1bc:	02090203          	lb	tp,32(s2)
     1c0:	0100                	addi	s0,sp,128
     1c2:	0205                	addi	tp,tp,1 # 1 <_prog_start-0xffff>
     1c4:	0306                	slli	t1,t1,0x1
     1c6:	097f                	.2byte	0x97f
     1c8:	0004                	.2byte	0x4
     1ca:	0501                	addi	a0,a0,0
     1cc:	09010303          	lb	t1,144(sp)
     1d0:	0000                	unimp
     1d2:	0501                	addi	a0,a0,0
     1d4:	00030607          	.4byte	0x30607
     1d8:	0009                	c.nop	2
     1da:	0100                	addi	s0,sp,128
     1dc:	0d05                	addi	s10,s10,1
     1de:	0306                	slli	t1,t1,0x1
     1e0:	0901                	addi	s2,s2,0
     1e2:	0002                	c.slli64	zero
     1e4:	0501                	addi	a0,a0,0
     1e6:	0302                	c.slli64	t1
     1e8:	0901                	addi	s2,s2,0
     1ea:	0004                	.2byte	0x4
     1ec:	0301                	addi	t1,t1,0
     1ee:	0911                	addi	s2,s2,4
     1f0:	0000                	unimp
     1f2:	0301                	addi	t1,t1,0
     1f4:	0969                	addi	s2,s2,26
     1f6:	0000                	unimp
     1f8:	0301                	addi	t1,t1,0
     1fa:	0902                	c.slli64	s2
     1fc:	0000                	unimp
     1fe:	0501                	addi	a0,a0,0
     200:	061d                	addi	a2,a2,7
     202:	00090003          	lb	zero,0(s2)
     206:	0100                	addi	s0,sp,128
     208:	0705                	addi	a4,a4,1
     20a:	04090203          	lb	tp,64(s2)
     20e:	0100                	addi	s0,sp,128
     210:	0205                	addi	tp,tp,1 # 1 <_prog_start-0xffff>
     212:	0306                	slli	t1,t1,0x1
     214:	097f                	.2byte	0x97f
     216:	0004                	.2byte	0x4
     218:	0501                	addi	a0,a0,0
     21a:	09010303          	lb	t1,144(sp)
     21e:	0000                	unimp
     220:	0501                	addi	a0,a0,0
     222:	00030607          	.4byte	0x30607
     226:	0009                	c.nop	2
     228:	0100                	addi	s0,sp,128
     22a:	0d05                	addi	s10,s10,1
     22c:	0306                	slli	t1,t1,0x1
     22e:	0901                	addi	s2,s2,0
     230:	0002                	c.slli64	zero
     232:	0501                	addi	a0,a0,0
     234:	0302                	c.slli64	t1
     236:	0901                	addi	s2,s2,0
     238:	0004                	.2byte	0x4
     23a:	0301                	addi	t1,t1,0
     23c:	0912                	slli	s2,s2,0x4
     23e:	0000                	unimp
     240:	0301                	addi	t1,t1,0
     242:	0968                	addi	a0,sp,156
     244:	0000                	unimp
     246:	0301                	addi	t1,t1,0
     248:	0902                	c.slli64	s2
     24a:	0000                	unimp
     24c:	0501                	addi	a0,a0,0
     24e:	1603060f          	.4byte	0x1603060f
     252:	0009                	c.nop	2
     254:	0100                	addi	s0,sp,128
     256:	1d05                	addi	s10,s10,-31
     258:	08096a03          	.4byte	0x8096a03
     25c:	0100                	addi	s0,sp,128
     25e:	0705                	addi	a4,a4,1
     260:	02090203          	lb	tp,32(s2)
     264:	0100                	addi	s0,sp,128
     266:	0205                	addi	tp,tp,1 # 1 <_prog_start-0xffff>
     268:	0306                	slli	t1,t1,0x1
     26a:	097f                	.2byte	0x97f
     26c:	0004                	.2byte	0x4
     26e:	0501                	addi	a0,a0,0
     270:	09010303          	lb	t1,144(sp)
     274:	0000                	unimp
     276:	0501                	addi	a0,a0,0
     278:	00030607          	.4byte	0x30607
     27c:	0009                	c.nop	2
     27e:	0100                	addi	s0,sp,128
     280:	0d05                	addi	s10,s10,1
     282:	0306                	slli	t1,t1,0x1
     284:	0901                	addi	s2,s2,0
     286:	0002                	c.slli64	zero
     288:	0501                	addi	a0,a0,0
     28a:	0302                	c.slli64	t1
     28c:	0901                	addi	s2,s2,0
     28e:	0004                	.2byte	0x4
     290:	0301                	addi	t1,t1,0
     292:	00000913          	li	s2,0
     296:	0301                	addi	t1,t1,0
     298:	00000967          	jalr	s2,zero # 0 <_prog_start-0x10000>
     29c:	0301                	addi	t1,t1,0
     29e:	0902                	c.slli64	s2
     2a0:	0000                	unimp
     2a2:	0501                	addi	a0,a0,0
     2a4:	061d                	addi	a2,a2,7
     2a6:	04090003          	lb	zero,64(s2)
     2aa:	0100                	addi	s0,sp,128
     2ac:	0705                	addi	a4,a4,1
     2ae:	02090203          	lb	tp,32(s2)
     2b2:	0100                	addi	s0,sp,128
     2b4:	0205                	addi	tp,tp,1 # 1 <_prog_start-0xffff>
     2b6:	0306                	slli	t1,t1,0x1
     2b8:	097f                	.2byte	0x97f
     2ba:	0004                	.2byte	0x4
     2bc:	0501                	addi	a0,a0,0
     2be:	09010303          	lb	t1,144(sp)
     2c2:	0000                	unimp
     2c4:	0501                	addi	a0,a0,0
     2c6:	00030607          	.4byte	0x30607
     2ca:	0009                	c.nop	2
     2cc:	0100                	addi	s0,sp,128
     2ce:	0d05                	addi	s10,s10,1
     2d0:	0306                	slli	t1,t1,0x1
     2d2:	0901                	addi	s2,s2,0
     2d4:	0002                	c.slli64	zero
     2d6:	0501                	addi	a0,a0,0
     2d8:	0302                	c.slli64	t1
     2da:	0901                	addi	s2,s2,0
     2dc:	0004                	.2byte	0x4
     2de:	0301                	addi	t1,t1,0
     2e0:	0914                	addi	a3,sp,144
     2e2:	0000                	unimp
     2e4:	0301                	addi	t1,t1,0
     2e6:	0966                	slli	s2,s2,0x19
     2e8:	0000                	unimp
     2ea:	0301                	addi	t1,t1,0
     2ec:	0902                	c.slli64	s2
     2ee:	0000                	unimp
     2f0:	0501                	addi	a0,a0,0
     2f2:	061d                	addi	a2,a2,7
     2f4:	00090003          	lb	zero,0(s2)
     2f8:	0100                	addi	s0,sp,128
     2fa:	0705                	addi	a4,a4,1
     2fc:	02090203          	lb	tp,32(s2)
     300:	0100                	addi	s0,sp,128
     302:	0205                	addi	tp,tp,1 # 1 <_prog_start-0xffff>
     304:	0306                	slli	t1,t1,0x1
     306:	097f                	.2byte	0x97f
     308:	0004                	.2byte	0x4
     30a:	0501                	addi	a0,a0,0
     30c:	09010303          	lb	t1,144(sp)
     310:	0000                	unimp
     312:	0501                	addi	a0,a0,0
     314:	00030607          	.4byte	0x30607
     318:	0009                	c.nop	2
     31a:	0100                	addi	s0,sp,128
     31c:	0d05                	addi	s10,s10,1
     31e:	0306                	slli	t1,t1,0x1
     320:	0901                	addi	s2,s2,0
     322:	0002                	c.slli64	zero
     324:	0501                	addi	a0,a0,0
     326:	061d                	addi	a2,a2,7
     328:	04097d03          	.4byte	0x4097d03
     32c:	0100                	addi	s0,sp,128
     32e:	0205                	addi	tp,tp,1 # 1 <_prog_start-0xffff>
     330:	0306                	slli	t1,t1,0x1
     332:	0010091b          	.4byte	0x10091b
     336:	0501                	addi	a0,a0,0
     338:	09010303          	lb	t1,144(sp)
     33c:	0000                	unimp
     33e:	0501                	addi	a0,a0,0
     340:	0302                	c.slli64	t1
     342:	096d                	addi	s2,s2,27
     344:	0000                	unimp
     346:	0301                	addi	t1,t1,0
     348:	0975                	addi	s2,s2,29
     34a:	0000                	unimp
     34c:	0301                	addi	t1,t1,0
     34e:	0902                	c.slli64	s2
     350:	0000                	unimp
     352:	0501                	addi	a0,a0,0
     354:	061d                	addi	a2,a2,7
     356:	00090003          	lb	zero,0(s2)
     35a:	0100                	addi	s0,sp,128
     35c:	0205                	addi	tp,tp,1 # 1 <_prog_start-0xffff>
     35e:	0306                	slli	t1,t1,0x1
     360:	0901                	addi	s2,s2,0
     362:	0002                	c.slli64	zero
     364:	0501                	addi	a0,a0,0
     366:	09010303          	lb	t1,144(sp)
     36a:	0000                	unimp
     36c:	0501                	addi	a0,a0,0
     36e:	00030607          	.4byte	0x30607
     372:	0009                	c.nop	2
     374:	0100                	addi	s0,sp,128
     376:	0d05                	addi	s10,s10,1
     378:	0306                	slli	t1,t1,0x1
     37a:	0901                	addi	s2,s2,0
     37c:	0002                	c.slli64	zero
     37e:	0501                	addi	a0,a0,0
     380:	0302                	c.slli64	t1
     382:	0901                	addi	s2,s2,0
     384:	0004                	.2byte	0x4
     386:	0501                	addi	a0,a0,0
     388:	09190303          	lb	t1,145(s2)
     38c:	0000                	unimp
     38e:	0501                	addi	a0,a0,0
     390:	0606                	slli	a2,a2,0x1
     392:	00090003          	lb	zero,0(s2)
     396:	0100                	addi	s0,sp,128
     398:	0f05                	addi	t5,t5,1 # 1a001 <dtb+0x9879>
     39a:	0306                	slli	t1,t1,0x1
     39c:	0904                	addi	s1,sp,144
     39e:	000a                	c.slli	zero,0x2
     3a0:	0501                	addi	a0,a0,0
     3a2:	0302                	c.slli64	t1
     3a4:	0901                	addi	s2,s2,0
     3a6:	0004                	.2byte	0x4
     3a8:	0301                	addi	t1,t1,0
     3aa:	0902                	c.slli64	s2
     3ac:	000a                	c.slli	zero,0x2
     3ae:	0501                	addi	a0,a0,0
     3b0:	0601                	addi	a2,a2,0
     3b2:	00090103          	lb	sp,0(s2)
     3b6:	0100                	addi	s0,sp,128
     3b8:	0c09                	addi	s8,s8,2 # 11002 <dtb+0x87a>
     3ba:	0000                	unimp
     3bc:	0101                	addi	sp,sp,0
     3be:	0105                	addi	sp,sp,1
     3c0:	0500                	addi	s0,sp,640
     3c2:	3e02                	.2byte	0x3e02
     3c4:	0101                	addi	sp,sp,0
     3c6:	0300                	addi	s0,sp,384
     3c8:	050101d7          	.4byte	0x50101d7
     3cc:	0302                	c.slli64	t1
     3ce:	0902                	c.slli64	s2
     3d0:	0000                	unimp
     3d2:	0501                	addi	a0,a0,0
     3d4:	0601                	addi	a2,a2,0
     3d6:	00097e03          	.4byte	0x97e03
     3da:	0100                	addi	s0,sp,128
     3dc:	1f05                	addi	t5,t5,-31
     3de:	04090203          	lb	tp,64(s2)
     3e2:	0100                	addi	s0,sp,128
     3e4:	0105                	addi	sp,sp,1
     3e6:	06097e03          	.4byte	0x6097e03
     3ea:	0100                	addi	s0,sp,128
     3ec:	1f05                	addi	t5,t5,-31
     3ee:	06090203          	lb	tp,96(s2)
     3f2:	0100                	addi	s0,sp,128
     3f4:	0205                	addi	tp,tp,1 # 1 <_prog_start-0xffff>
     3f6:	0306                	slli	t1,t1,0x1
     3f8:	0902                	c.slli64	s2
     3fa:	0002                	c.slli64	zero
     3fc:	0301                	addi	t1,t1,0
     3fe:	0901                	addi	s2,s2,0
     400:	000a                	c.slli	zero,0x2
     402:	0301                	addi	t1,t1,0
     404:	7ef0                	.2byte	0x7ef0
     406:	0009                	c.nop	2
     408:	0100                	addi	s0,sp,128
     40a:	00090103          	lb	sp,0(s2)
     40e:	0100                	addi	s0,sp,128
     410:	1d05                	addi	s10,s10,-31
     412:	0306                	slli	t1,t1,0x1
     414:	0900                	addi	s0,sp,144
     416:	0000                	unimp
     418:	0501                	addi	a0,a0,0
     41a:	0602                	c.slli64	a2
     41c:	08090103          	lb	sp,128(s2)
     420:	0100                	addi	s0,sp,128
     422:	1d05                	addi	s10,s10,-31
     424:	0306                	slli	t1,t1,0x1
     426:	094e                	slli	s2,s2,0x13
     428:	0000                	unimp
     42a:	0301                	addi	t1,t1,0
     42c:	0932                	slli	s2,s2,0xc
     42e:	0004                	.2byte	0x4
     430:	0501                	addi	a0,a0,0
     432:	0602                	c.slli64	a2
     434:	02090103          	lb	sp,32(s2)
     438:	0100                	addi	s0,sp,128
     43a:	1105                	addi	sp,sp,-31
     43c:	00090003          	lb	zero,0(s2)
     440:	0100                	addi	s0,sp,128
     442:	1d05                	addi	s10,s10,-31
     444:	0306                	slli	t1,t1,0x1
     446:	094d                	addi	s2,s2,19
     448:	0000                	unimp
     44a:	0301                	addi	t1,t1,0
     44c:	0932                	slli	s2,s2,0xc
     44e:	0004                	.2byte	0x4
     450:	0301                	addi	t1,t1,0
     452:	094e                	slli	s2,s2,0x13
     454:	0002                	c.slli64	zero
     456:	0501                	addi	a0,a0,0
     458:	34030603          	lb	a2,832(t1)
     45c:	0409                	addi	s0,s0,2
     45e:	0100                	addi	s0,sp,128
     460:	0205                	addi	tp,tp,1 # 1 <_prog_start-0xffff>
     462:	00095503          	lhu	a0,0(s2)
     466:	0100                	addi	s0,sp,128
     468:	00097503          	.4byte	0x97503
     46c:	0100                	addi	s0,sp,128
     46e:	00090203          	lb	tp,0(s2)
     472:	0100                	addi	s0,sp,128
     474:	1d05                	addi	s10,s10,-31
     476:	0306                	slli	t1,t1,0x1
     478:	0900                	addi	s0,sp,144
     47a:	0000                	unimp
     47c:	0501                	addi	a0,a0,0
     47e:	0602                	c.slli64	a2
     480:	02090103          	lb	sp,32(s2)
     484:	0100                	addi	s0,sp,128
     486:	0305                	addi	t1,t1,1
     488:	00090103          	lb	sp,0(s2)
     48c:	0100                	addi	s0,sp,128
     48e:	0705                	addi	a4,a4,1
     490:	0306                	slli	t1,t1,0x1
     492:	0900                	addi	s0,sp,144
     494:	0000                	unimp
     496:	0501                	addi	a0,a0,0
     498:	060d                	addi	a2,a2,3
     49a:	02090103          	lb	sp,32(s2)
     49e:	0100                	addi	s0,sp,128
     4a0:	0205                	addi	tp,tp,1 # 1 <_prog_start-0xffff>
     4a2:	04090103          	lb	sp,64(s2)
     4a6:	0100                	addi	s0,sp,128
     4a8:	1705                	addi	a4,a4,-31
     4aa:	00092f03          	lw	t5,0(s2)
     4ae:	0100                	addi	s0,sp,128
     4b0:	1105                	addi	sp,sp,-31
     4b2:	00090003          	lb	zero,0(s2)
     4b6:	0100                	addi	s0,sp,128
     4b8:	0205                	addi	tp,tp,1 # 1 <_prog_start-0xffff>
     4ba:	04090303          	lb	t1,64(s2)
     4be:	0100                	addi	s0,sp,128
     4c0:	0306                	slli	t1,t1,0x1
     4c2:	0906                	slli	s2,s2,0x1
     4c4:	0000                	unimp
     4c6:	0501                	addi	a0,a0,0
     4c8:	031d                	addi	t1,t1,7
     4ca:	097a                	slli	s2,s2,0x1e
     4cc:	0008                	.2byte	0x8
     4ce:	0501                	addi	a0,a0,0
     4d0:	0602                	c.slli64	a2
     4d2:	09018b03          	lb	s6,144(gp)
     4d6:	0004                	.2byte	0x4
     4d8:	0301                	addi	t1,t1,0
     4da:	7efa                	.2byte	0x7efa
     4dc:	0009                	c.nop	2
     4de:	0100                	addi	s0,sp,128
     4e0:	00090103          	lb	sp,0(s2)
     4e4:	0100                	addi	s0,sp,128
     4e6:	02090103          	lb	sp,32(s2)
     4ea:	0100                	addi	s0,sp,128
     4ec:	0805                	addi	a6,a6,1
     4ee:	0306                	slli	t1,t1,0x1
     4f0:	0900                	addi	s0,sp,144
     4f2:	0000                	unimp
     4f4:	0501                	addi	a0,a0,0
     4f6:	0602                	c.slli64	a2
     4f8:	0c090103          	lb	sp,192(s2)
     4fc:	0100                	addi	s0,sp,128
     4fe:	00096b03          	.4byte	0x96b03
     502:	0100                	addi	s0,sp,128
     504:	00096003          	.4byte	0x96003
     508:	0100                	addi	s0,sp,128
     50a:	00097503          	.4byte	0x97503
     50e:	0100                	addi	s0,sp,128
     510:	00090203          	lb	tp,0(s2)
     514:	0100                	addi	s0,sp,128
     516:	1d05                	addi	s10,s10,-31
     518:	0306                	slli	t1,t1,0x1
     51a:	0900                	addi	s0,sp,144
     51c:	0000                	unimp
     51e:	0501                	addi	a0,a0,0
     520:	09020307          	.4byte	0x9020307
     524:	0006                	c.slli	zero,0x1
     526:	0501                	addi	a0,a0,0
     528:	0602                	c.slli64	a2
     52a:	04097f03          	.4byte	0x4097f03
     52e:	0100                	addi	s0,sp,128
     530:	0305                	addi	t1,t1,1
     532:	00090103          	lb	sp,0(s2)
     536:	0100                	addi	s0,sp,128
     538:	0705                	addi	a4,a4,1
     53a:	0306                	slli	t1,t1,0x1
     53c:	0900                	addi	s0,sp,144
     53e:	0000                	unimp
     540:	0501                	addi	a0,a0,0
     542:	060d                	addi	a2,a2,3
     544:	02090103          	lb	sp,32(s2)
     548:	0100                	addi	s0,sp,128
     54a:	0205                	addi	tp,tp,1 # 1 <_prog_start-0xffff>
     54c:	04090103          	lb	sp,64(s2)
     550:	0100                	addi	s0,sp,128
     552:	00092603          	lw	a2,0(s2)
     556:	0100                	addi	s0,sp,128
     558:	1d05                	addi	s10,s10,-31
     55a:	0306                	slli	t1,t1,0x1
     55c:	0900                	addi	s0,sp,144
     55e:	0000                	unimp
     560:	0501                	addi	a0,a0,0
     562:	0602                	c.slli64	a2
     564:	04091503          	lh	a0,64(s2)
     568:	0100                	addi	s0,sp,128
     56a:	0505                	addi	a0,a0,1
     56c:	0306                	slli	t1,t1,0x1
     56e:	0182                	c.slli64	gp
     570:	0009                	c.nop	2
     572:	0100                	addi	s0,sp,128
     574:	0205                	addi	tp,tp,1 # 1 <_prog_start-0xffff>
     576:	0306                	slli	t1,t1,0x1
     578:	06097f83          	.4byte	0x6097f83
     57c:	0100                	addi	s0,sp,128
     57e:	00090103          	lb	sp,0(s2)
     582:	0100                	addi	s0,sp,128
     584:	0a090103          	lb	sp,160(s2)
     588:	0100                	addi	s0,sp,128
     58a:	0805                	addi	a6,a6,1
     58c:	0306                	slli	t1,t1,0x1
     58e:	0900                	addi	s0,sp,144
     590:	0000                	unimp
     592:	0501                	addi	a0,a0,0
     594:	09000327          	.4byte	0x9000327
     598:	000e                	c.slli	zero,0x3
     59a:	0501                	addi	a0,a0,0
     59c:	031d                	addi	t1,t1,7
     59e:	7fba                	.2byte	0x7fba
     5a0:	0409                	addi	s0,s0,2
     5a2:	0100                	addi	s0,sp,128
     5a4:	2705                	jal	cc4 <_prog_start-0xf33c>
     5a6:	0900c603          	lbu	a2,144(ra)
     5aa:	0004                	.2byte	0x4
     5ac:	0501                	addi	a0,a0,0
     5ae:	0602                	c.slli64	a2
     5b0:	04090103          	lb	sp,64(s2)
     5b4:	0100                	addi	s0,sp,128
     5b6:	00094203          	lbu	tp,0(s2)
     5ba:	0100                	addi	s0,sp,128
     5bc:	00097503          	.4byte	0x97503
     5c0:	0100                	addi	s0,sp,128
     5c2:	00090203          	lb	tp,0(s2)
     5c6:	0100                	addi	s0,sp,128
     5c8:	1d05                	addi	s10,s10,-31
     5ca:	0306                	slli	t1,t1,0x1
     5cc:	0900                	addi	s0,sp,144
     5ce:	0000                	unimp
     5d0:	0501                	addi	a0,a0,0
     5d2:	09020307          	.4byte	0x9020307
     5d6:	0002                	c.slli64	zero
     5d8:	0501                	addi	a0,a0,0
     5da:	0602                	c.slli64	a2
     5dc:	04097f03          	.4byte	0x4097f03
     5e0:	0100                	addi	s0,sp,128
     5e2:	0305                	addi	t1,t1,1
     5e4:	00090103          	lb	sp,0(s2)
     5e8:	0100                	addi	s0,sp,128
     5ea:	0705                	addi	a4,a4,1
     5ec:	0306                	slli	t1,t1,0x1
     5ee:	0900                	addi	s0,sp,144
     5f0:	0000                	unimp
     5f2:	0501                	addi	a0,a0,0
     5f4:	060d                	addi	a2,a2,3
     5f6:	02090103          	lb	sp,32(s2)
     5fa:	0100                	addi	s0,sp,128
     5fc:	0205                	addi	tp,tp,1 # 1 <_prog_start-0xffff>
     5fe:	04090103          	lb	sp,64(s2)
     602:	0100                	addi	s0,sp,128
     604:	0900c403          	lbu	s0,144(ra)
     608:	0000                	unimp
     60a:	0301                	addi	t1,t1,0
     60c:	0941                	addi	s2,s2,16
     60e:	0000                	unimp
     610:	0301                	addi	t1,t1,0
     612:	0975                	addi	s2,s2,29
     614:	0000                	unimp
     616:	0301                	addi	t1,t1,0
     618:	0902                	c.slli64	s2
     61a:	0000                	unimp
     61c:	0501                	addi	a0,a0,0
     61e:	061d                	addi	a2,a2,7
     620:	00090003          	lb	zero,0(s2)
     624:	0100                	addi	s0,sp,128
     626:	0705                	addi	a4,a4,1
     628:	06090203          	lb	tp,96(s2)
     62c:	0100                	addi	s0,sp,128
     62e:	0205                	addi	tp,tp,1 # 1 <_prog_start-0xffff>
     630:	0306                	slli	t1,t1,0x1
     632:	097f                	.2byte	0x97f
     634:	0004                	.2byte	0x4
     636:	0501                	addi	a0,a0,0
     638:	09010303          	lb	t1,144(sp)
     63c:	0000                	unimp
     63e:	0501                	addi	a0,a0,0
     640:	00030607          	.4byte	0x30607
     644:	0009                	c.nop	2
     646:	0100                	addi	s0,sp,128
     648:	0d05                	addi	s10,s10,1
     64a:	0306                	slli	t1,t1,0x1
     64c:	0901                	addi	s2,s2,0
     64e:	0002                	c.slli64	zero
     650:	0501                	addi	a0,a0,0
     652:	0302                	c.slli64	t1
     654:	0901                	addi	s2,s2,0
     656:	0004                	.2byte	0x4
     658:	0301                	addi	t1,t1,0
     65a:	00c5                	addi	ra,ra,17
     65c:	0009                	c.nop	2
     65e:	0100                	addi	s0,sp,128
     660:	00094003          	lbu	zero,0(s2)
     664:	0100                	addi	s0,sp,128
     666:	00097503          	.4byte	0x97503
     66a:	0100                	addi	s0,sp,128
     66c:	00090203          	lb	tp,0(s2)
     670:	0100                	addi	s0,sp,128
     672:	1d05                	addi	s10,s10,-31
     674:	0306                	slli	t1,t1,0x1
     676:	0900                	addi	s0,sp,144
     678:	0000                	unimp
     67a:	0501                	addi	a0,a0,0
     67c:	09020307          	.4byte	0x9020307
     680:	0006                	c.slli	zero,0x1
     682:	0501                	addi	a0,a0,0
     684:	0602                	c.slli64	a2
     686:	04097f03          	.4byte	0x4097f03
     68a:	0100                	addi	s0,sp,128
     68c:	0305                	addi	t1,t1,1
     68e:	00090103          	lb	sp,0(s2)
     692:	0100                	addi	s0,sp,128
     694:	0705                	addi	a4,a4,1
     696:	0306                	slli	t1,t1,0x1
     698:	0900                	addi	s0,sp,144
     69a:	0000                	unimp
     69c:	0501                	addi	a0,a0,0
     69e:	060d                	addi	a2,a2,3
     6a0:	02090103          	lb	sp,32(s2)
     6a4:	0100                	addi	s0,sp,128
     6a6:	0205                	addi	tp,tp,1 # 1 <_prog_start-0xffff>
     6a8:	04090103          	lb	sp,64(s2)
     6ac:	0100                	addi	s0,sp,128
     6ae:	1c05                	addi	s8,s8,-31
     6b0:	0306                	slli	t1,t1,0x1
     6b2:	00c5                	addi	ra,ra,17
     6b4:	0009                	c.nop	2
     6b6:	0100                	addi	s0,sp,128
     6b8:	1d05                	addi	s10,s10,-31
     6ba:	097fb703          	.4byte	0x97fb703
     6be:	0002                	c.slli64	zero
     6c0:	0501                	addi	a0,a0,0
     6c2:	031c                	addi	a5,sp,384
     6c4:	00c9                	addi	ra,ra,18
     6c6:	0409                	addi	s0,s0,2
     6c8:	0100                	addi	s0,sp,128
     6ca:	1d05                	addi	s10,s10,-31
     6cc:	097fb703          	.4byte	0x97fb703
     6d0:	0002                	c.slli64	zero
     6d2:	0501                	addi	a0,a0,0
     6d4:	031c                	addi	a5,sp,384
     6d6:	00c9                	addi	ra,ra,18
     6d8:	0209                	addi	tp,tp,2 # 2 <_prog_start-0xfffe>
     6da:	0100                	addi	s0,sp,128
     6dc:	0205                	addi	tp,tp,1 # 1 <_prog_start-0xffff>
     6de:	0306                	slli	t1,t1,0x1
     6e0:	0901                	addi	s2,s2,0
     6e2:	0004                	.2byte	0x4
     6e4:	0301                	addi	t1,t1,0
     6e6:	00097fbf 75030100 	.8byte	0x7503010000097fbf
     6ee:	0009                	c.nop	2
     6f0:	0100                	addi	s0,sp,128
     6f2:	00090203          	lb	tp,0(s2)
     6f6:	0100                	addi	s0,sp,128
     6f8:	0705                	addi	a4,a4,1
     6fa:	0306                	slli	t1,t1,0x1
     6fc:	0902                	c.slli64	s2
     6fe:	0000                	unimp
     700:	0501                	addi	a0,a0,0
     702:	0602                	c.slli64	a2
     704:	04097f03          	.4byte	0x4097f03
     708:	0100                	addi	s0,sp,128
     70a:	0305                	addi	t1,t1,1
     70c:	00090103          	lb	sp,0(s2)
     710:	0100                	addi	s0,sp,128
     712:	0705                	addi	a4,a4,1
     714:	0306                	slli	t1,t1,0x1
     716:	0900                	addi	s0,sp,144
     718:	0000                	unimp
     71a:	0501                	addi	a0,a0,0
     71c:	060d                	addi	a2,a2,3
     71e:	02090103          	lb	sp,32(s2)
     722:	0100                	addi	s0,sp,128
     724:	0205                	addi	tp,tp,1 # 1 <_prog_start-0xffff>
     726:	04090103          	lb	sp,64(s2)
     72a:	0100                	addi	s0,sp,128
     72c:	1405                	addi	s0,s0,-31
     72e:	0306                	slli	t1,t1,0x1
     730:	00c6                	slli	ra,ra,0x11
     732:	0009                	c.nop	2
     734:	0100                	addi	s0,sp,128
     736:	0205                	addi	tp,tp,1 # 1 <_prog_start-0xffff>
     738:	0306                	slli	t1,t1,0x1
     73a:	0901                	addi	s2,s2,0
     73c:	0010                	.2byte	0x10
     73e:	0301                	addi	t1,t1,0
     740:	095e                	slli	s2,s2,0x17
     742:	0000                	unimp
     744:	0301                	addi	t1,t1,0
     746:	0960                	addi	s0,sp,156
     748:	0000                	unimp
     74a:	0301                	addi	t1,t1,0
     74c:	0975                	addi	s2,s2,29
     74e:	0000                	unimp
     750:	0301                	addi	t1,t1,0
     752:	0902                	c.slli64	s2
     754:	0000                	unimp
     756:	0501                	addi	a0,a0,0
     758:	061d                	addi	a2,a2,7
     75a:	00090003          	lb	zero,0(s2)
     75e:	0100                	addi	s0,sp,128
     760:	0705                	addi	a4,a4,1
     762:	06090203          	lb	tp,96(s2)
     766:	0100                	addi	s0,sp,128
     768:	0205                	addi	tp,tp,1 # 1 <_prog_start-0xffff>
     76a:	0306                	slli	t1,t1,0x1
     76c:	097f                	.2byte	0x97f
     76e:	0004                	.2byte	0x4
     770:	0501                	addi	a0,a0,0
     772:	09010303          	lb	t1,144(sp)
     776:	0000                	unimp
     778:	0501                	addi	a0,a0,0
     77a:	00030607          	.4byte	0x30607
     77e:	0009                	c.nop	2
     780:	0100                	addi	s0,sp,128
     782:	0d05                	addi	s10,s10,1
     784:	0306                	slli	t1,t1,0x1
     786:	0901                	addi	s2,s2,0
     788:	0002                	c.slli64	zero
     78a:	0501                	addi	a0,a0,0
     78c:	0302                	c.slli64	t1
     78e:	0901                	addi	s2,s2,0
     790:	0004                	.2byte	0x4
     792:	0301                	addi	t1,t1,0
     794:	0926                	slli	s2,s2,0x9
     796:	0000                	unimp
     798:	0501                	addi	a0,a0,0
     79a:	061d                	addi	a2,a2,7
     79c:	00090003          	lb	zero,0(s2)
     7a0:	0100                	addi	s0,sp,128
     7a2:	0205                	addi	tp,tp,1 # 1 <_prog_start-0xffff>
     7a4:	0306                	slli	t1,t1,0x1
     7a6:	0922                	slli	s2,s2,0x8
     7a8:	0004                	.2byte	0x4
     7aa:	0501                	addi	a0,a0,0
     7ac:	0610                	addi	a2,sp,768
     7ae:	0900f503          	.4byte	0x900f503
     7b2:	0000                	unimp
     7b4:	0501                	addi	a0,a0,0
     7b6:	06030603          	lb	a2,96(t1)
     7ba:	0209                	addi	tp,tp,2 # 2 <_prog_start-0xfffe>
     7bc:	0100                	addi	s0,sp,128
     7be:	0a090103          	lb	sp,160(s2)
     7c2:	0100                	addi	s0,sp,128
     7c4:	0a05                	addi	s4,s4,1
     7c6:	0306                	slli	t1,t1,0x1
     7c8:	0900                	addi	s0,sp,144
     7ca:	0000                	unimp
     7cc:	0501                	addi	a0,a0,0
     7ce:	0301                	addi	t1,t1,0
     7d0:	0002090b          	.4byte	0x2090b
     7d4:	0501                	addi	a0,a0,0
     7d6:	0602                	c.slli64	a2
     7d8:	097f8403          	lb	s0,151(t6)
     7dc:	000e                	c.slli	zero,0x3
     7de:	0301                	addi	t1,t1,0
     7e0:	0901                	addi	s2,s2,0
     7e2:	0000                	unimp
     7e4:	0501                	addi	a0,a0,0
     7e6:	061d                	addi	a2,a2,7
     7e8:	097fa803          	lw	a6,151(t6)
     7ec:	000a                	c.slli	zero,0x2
     7ee:	0501                	addi	a0,a0,0
     7f0:	030d                	addi	t1,t1,3
     7f2:	00dc                	addi	a5,sp,68
     7f4:	0809                	addi	a6,a6,2
     7f6:	0100                	addi	s0,sp,128
     7f8:	0205                	addi	tp,tp,1 # 1 <_prog_start-0xffff>
     7fa:	0306                	slli	t1,t1,0x1
     7fc:	097d                	addi	s2,s2,31
     7fe:	0002                	c.slli64	zero
     800:	0501                	addi	a0,a0,0
     802:	09010303          	lb	t1,144(sp)
     806:	0000                	unimp
     808:	0501                	addi	a0,a0,0
     80a:	0302                	c.slli64	t1
     80c:	00000977          	.4byte	0x977
     810:	0301                	addi	t1,t1,0
     812:	0901                	addi	s2,s2,0
     814:	000c                	.2byte	0xc
     816:	0301                	addi	t1,t1,0
     818:	00000957          	.4byte	0x957
     81c:	0301                	addi	t1,t1,0
     81e:	0960                	addi	s0,sp,156
     820:	0000                	unimp
     822:	0301                	addi	t1,t1,0
     824:	0975                	addi	s2,s2,29
     826:	0000                	unimp
     828:	0301                	addi	t1,t1,0
     82a:	0902                	c.slli64	s2
     82c:	0000                	unimp
     82e:	0501                	addi	a0,a0,0
     830:	061d                	addi	a2,a2,7
     832:	00090003          	lb	zero,0(s2)
     836:	0100                	addi	s0,sp,128
     838:	0205                	addi	tp,tp,1 # 1 <_prog_start-0xffff>
     83a:	0306                	slli	t1,t1,0x1
     83c:	0901                	addi	s2,s2,0
     83e:	0004                	.2byte	0x4
     840:	0501                	addi	a0,a0,0
     842:	09010303          	lb	t1,144(sp)
     846:	0000                	unimp
     848:	0501                	addi	a0,a0,0
     84a:	00030607          	.4byte	0x30607
     84e:	0009                	c.nop	2
     850:	0100                	addi	s0,sp,128
     852:	0d05                	addi	s10,s10,1
     854:	0306                	slli	t1,t1,0x1
     856:	0901                	addi	s2,s2,0
     858:	0002                	c.slli64	zero
     85a:	0501                	addi	a0,a0,0
     85c:	0302                	c.slli64	t1
     85e:	0901                	addi	s2,s2,0
     860:	0004                	.2byte	0x4
     862:	0301                	addi	t1,t1,0
     864:	0926                	slli	s2,s2,0x9
     866:	0000                	unimp
     868:	0501                	addi	a0,a0,0
     86a:	061d                	addi	a2,a2,7
     86c:	00090003          	lb	zero,0(s2)
     870:	0100                	addi	s0,sp,128
     872:	0305                	addi	t1,t1,1
     874:	0306                	slli	t1,t1,0x1
     876:	0931                	addi	s2,s2,12
     878:	0004                	.2byte	0x4
     87a:	0501                	addi	a0,a0,0
     87c:	00030607          	.4byte	0x30607
     880:	0009                	c.nop	2
     882:	0100                	addi	s0,sp,128
     884:	0d05                	addi	s10,s10,1
     886:	0306                	slli	t1,t1,0x1
     888:	0901                	addi	s2,s2,0
     88a:	000e                	c.slli	zero,0x3
     88c:	0501                	addi	a0,a0,0
     88e:	0302                	c.slli64	t1
     890:	0901                	addi	s2,s2,0
     892:	0004                	.2byte	0x4
     894:	0501                	addi	a0,a0,0
     896:	0610                	addi	a2,sp,768
     898:	0900e503          	.4byte	0x900e503
     89c:	0000                	unimp
     89e:	0501                	addi	a0,a0,0
     8a0:	0602                	c.slli64	a2
     8a2:	097fa003          	lw	zero,151(t6)
     8a6:	0002                	c.slli64	zero
     8a8:	0301                	addi	t1,t1,0
     8aa:	0901                	addi	s2,s2,0
     8ac:	0000                	unimp
     8ae:	0301                	addi	t1,t1,0
     8b0:	0901                	addi	s2,s2,0
     8b2:	000a                	c.slli	zero,0x2
     8b4:	0501                	addi	a0,a0,0
     8b6:	0608                	addi	a0,sp,768
     8b8:	00090003          	lb	zero,0(s2)
     8bc:	0100                	addi	s0,sp,128
     8be:	1d05                	addi	s10,s10,-31
     8c0:	097f9c03          	lh	s8,151(t6)
     8c4:	000c                	.2byte	0xc
     8c6:	0501                	addi	a0,a0,0
     8c8:	031e                	slli	t1,t1,0x7
     8ca:	00e4                	addi	s1,sp,76
     8cc:	0409                	addi	s0,s0,2
     8ce:	0100                	addi	s0,sp,128
     8d0:	0205                	addi	tp,tp,1 # 1 <_prog_start-0xffff>
     8d2:	0306                	slli	t1,t1,0x1
     8d4:	0901                	addi	s2,s2,0
     8d6:	0004                	.2byte	0x4
     8d8:	0301                	addi	t1,t1,0
     8da:	7fa4                	.2byte	0x7fa4
     8dc:	0009                	c.nop	2
     8de:	0100                	addi	s0,sp,128
     8e0:	00097503          	.4byte	0x97503
     8e4:	0100                	addi	s0,sp,128
     8e6:	00090203          	lb	tp,0(s2)
     8ea:	0100                	addi	s0,sp,128
     8ec:	1d05                	addi	s10,s10,-31
     8ee:	0306                	slli	t1,t1,0x1
     8f0:	0900                	addi	s0,sp,144
     8f2:	0000                	unimp
     8f4:	0501                	addi	a0,a0,0
     8f6:	09020307          	.4byte	0x9020307
     8fa:	0002                	c.slli64	zero
     8fc:	0501                	addi	a0,a0,0
     8fe:	0602                	c.slli64	a2
     900:	04097f03          	.4byte	0x4097f03
     904:	0100                	addi	s0,sp,128
     906:	0305                	addi	t1,t1,1
     908:	00090103          	lb	sp,0(s2)
     90c:	0100                	addi	s0,sp,128
     90e:	0705                	addi	a4,a4,1
     910:	0306                	slli	t1,t1,0x1
     912:	0900                	addi	s0,sp,144
     914:	0000                	unimp
     916:	0501                	addi	a0,a0,0
     918:	060d                	addi	a2,a2,3
     91a:	02090103          	lb	sp,32(s2)
     91e:	0100                	addi	s0,sp,128
     920:	0205                	addi	tp,tp,1 # 1 <_prog_start-0xffff>
     922:	04090103          	lb	sp,64(s2)
     926:	0100                	addi	s0,sp,128
     928:	1d05                	addi	s10,s10,-31
     92a:	0306                	slli	t1,t1,0x1
     92c:	00e1                	addi	ra,ra,24
     92e:	0009                	c.nop	2
     930:	0100                	addi	s0,sp,128
     932:	0205                	addi	tp,tp,1 # 1 <_prog_start-0xffff>
     934:	0306                	slli	t1,t1,0x1
     936:	0901                	addi	s2,s2,0
     938:	000a                	c.slli	zero,0x2
     93a:	0301                	addi	t1,t1,0
     93c:	00097fa3          	.4byte	0x97fa3
     940:	0100                	addi	s0,sp,128
     942:	00097503          	.4byte	0x97503
     946:	0100                	addi	s0,sp,128
     948:	00090203          	lb	tp,0(s2)
     94c:	0100                	addi	s0,sp,128
     94e:	1d05                	addi	s10,s10,-31
     950:	0306                	slli	t1,t1,0x1
     952:	0900                	addi	s0,sp,144
     954:	0000                	unimp
     956:	0501                	addi	a0,a0,0
     958:	09020307          	.4byte	0x9020307
     95c:	0006                	c.slli	zero,0x1
     95e:	0501                	addi	a0,a0,0
     960:	0602                	c.slli64	a2
     962:	04097f03          	.4byte	0x4097f03
     966:	0100                	addi	s0,sp,128
     968:	0305                	addi	t1,t1,1
     96a:	00090103          	lb	sp,0(s2)
     96e:	0100                	addi	s0,sp,128
     970:	0705                	addi	a4,a4,1
     972:	0306                	slli	t1,t1,0x1
     974:	0900                	addi	s0,sp,144
     976:	0000                	unimp
     978:	0501                	addi	a0,a0,0
     97a:	060d                	addi	a2,a2,3
     97c:	02090103          	lb	sp,32(s2)
     980:	0100                	addi	s0,sp,128
     982:	0205                	addi	tp,tp,1 # 1 <_prog_start-0xffff>
     984:	04090103          	lb	sp,64(s2)
     988:	0100                	addi	s0,sp,128
     98a:	0900e303          	.4byte	0x900e303
     98e:	0000                	unimp
     990:	0301                	addi	t1,t1,0
     992:	7fa2                	.2byte	0x7fa2
     994:	0009                	c.nop	2
     996:	0100                	addi	s0,sp,128
     998:	00097503          	.4byte	0x97503
     99c:	0100                	addi	s0,sp,128
     99e:	00090203          	lb	tp,0(s2)
     9a2:	0100                	addi	s0,sp,128
     9a4:	1d05                	addi	s10,s10,-31
     9a6:	0306                	slli	t1,t1,0x1
     9a8:	0900                	addi	s0,sp,144
     9aa:	0000                	unimp
     9ac:	0501                	addi	a0,a0,0
     9ae:	09020307          	.4byte	0x9020307
     9b2:	0006                	c.slli	zero,0x1
     9b4:	0501                	addi	a0,a0,0
     9b6:	0602                	c.slli64	a2
     9b8:	04097f03          	.4byte	0x4097f03
     9bc:	0100                	addi	s0,sp,128
     9be:	0305                	addi	t1,t1,1
     9c0:	00090103          	lb	sp,0(s2)
     9c4:	0100                	addi	s0,sp,128
     9c6:	0705                	addi	a4,a4,1
     9c8:	0306                	slli	t1,t1,0x1
     9ca:	0900                	addi	s0,sp,144
     9cc:	0000                	unimp
     9ce:	0501                	addi	a0,a0,0
     9d0:	060d                	addi	a2,a2,3
     9d2:	02090103          	lb	sp,32(s2)
     9d6:	0100                	addi	s0,sp,128
     9d8:	0205                	addi	tp,tp,1 # 1 <_prog_start-0xffff>
     9da:	04090103          	lb	sp,64(s2)
     9de:	0100                	addi	s0,sp,128
     9e0:	0900e403          	.4byte	0x900e403
     9e4:	0000                	unimp
     9e6:	0301                	addi	t1,t1,0
     9e8:	7fa1                	lui	t6,0xfffe8
     9ea:	0009                	c.nop	2
     9ec:	0100                	addi	s0,sp,128
     9ee:	00097503          	.4byte	0x97503
     9f2:	0100                	addi	s0,sp,128
     9f4:	00090203          	lb	tp,0(s2)
     9f8:	0100                	addi	s0,sp,128
     9fa:	1d05                	addi	s10,s10,-31
     9fc:	0306                	slli	t1,t1,0x1
     9fe:	0900                	addi	s0,sp,144
     a00:	0000                	unimp
     a02:	0501                	addi	a0,a0,0
     a04:	09020307          	.4byte	0x9020307
     a08:	0006                	c.slli	zero,0x1
     a0a:	0501                	addi	a0,a0,0
     a0c:	0602                	c.slli64	a2
     a0e:	04097f03          	.4byte	0x4097f03
     a12:	0100                	addi	s0,sp,128
     a14:	0305                	addi	t1,t1,1
     a16:	00090103          	lb	sp,0(s2)
     a1a:	0100                	addi	s0,sp,128
     a1c:	0705                	addi	a4,a4,1
     a1e:	0306                	slli	t1,t1,0x1
     a20:	0900                	addi	s0,sp,144
     a22:	0000                	unimp
     a24:	0501                	addi	a0,a0,0
     a26:	060d                	addi	a2,a2,3
     a28:	02090103          	lb	sp,32(s2)
     a2c:	0100                	addi	s0,sp,128
     a2e:	0205                	addi	tp,tp,1 # 1 <_prog_start-0xffff>
     a30:	04090103          	lb	sp,64(s2)
     a34:	0100                	addi	s0,sp,128
     a36:	0900e503          	.4byte	0x900e503
     a3a:	0000                	unimp
     a3c:	0301                	addi	t1,t1,0
     a3e:	0940                	addi	s0,sp,148
     a40:	0000                	unimp
     a42:	0301                	addi	t1,t1,0
     a44:	0960                	addi	s0,sp,156
     a46:	0000                	unimp
     a48:	0301                	addi	t1,t1,0
     a4a:	0975                	addi	s2,s2,29
     a4c:	0000                	unimp
     a4e:	0301                	addi	t1,t1,0
     a50:	0902                	c.slli64	s2
     a52:	0000                	unimp
     a54:	0501                	addi	a0,a0,0
     a56:	061d                	addi	a2,a2,7
     a58:	00090003          	lb	zero,0(s2)
     a5c:	0100                	addi	s0,sp,128
     a5e:	0705                	addi	a4,a4,1
     a60:	06090203          	lb	tp,96(s2)
     a64:	0100                	addi	s0,sp,128
     a66:	0205                	addi	tp,tp,1 # 1 <_prog_start-0xffff>
     a68:	0306                	slli	t1,t1,0x1
     a6a:	097f                	.2byte	0x97f
     a6c:	0004                	.2byte	0x4
     a6e:	0501                	addi	a0,a0,0
     a70:	09010303          	lb	t1,144(sp)
     a74:	0000                	unimp
     a76:	0501                	addi	a0,a0,0
     a78:	00030607          	.4byte	0x30607
     a7c:	0009                	c.nop	2
     a7e:	0100                	addi	s0,sp,128
     a80:	0d05                	addi	s10,s10,1
     a82:	0306                	slli	t1,t1,0x1
     a84:	0901                	addi	s2,s2,0
     a86:	0002                	c.slli64	zero
     a88:	0501                	addi	a0,a0,0
     a8a:	0302                	c.slli64	t1
     a8c:	0901                	addi	s2,s2,0
     a8e:	0004                	.2byte	0x4
     a90:	0301                	addi	t1,t1,0
     a92:	0926                	slli	s2,s2,0x9
     a94:	0000                	unimp
     a96:	0501                	addi	a0,a0,0
     a98:	061d                	addi	a2,a2,7
     a9a:	00090003          	lb	zero,0(s2)
     a9e:	0100                	addi	s0,sp,128
     aa0:	0205                	addi	tp,tp,1 # 1 <_prog_start-0xffff>
     aa2:	0306                	slli	t1,t1,0x1
     aa4:	00c0                	addi	s0,sp,68
     aa6:	0409                	addi	s0,s0,2
     aa8:	0100                	addi	s0,sp,128
     aaa:	1205                	addi	tp,tp,-31 # ffffffe1 <_sp+0x7fefffe1>
     aac:	0306                	slli	t1,t1,0x1
     aae:	00d9                	addi	ra,ra,22
     ab0:	0009                	c.nop	2
     ab2:	0100                	addi	s0,sp,128
     ab4:	0205                	addi	tp,tp,1 # 1 <_prog_start-0xffff>
     ab6:	0306                	slli	t1,t1,0x1
     ab8:	7fac                	.2byte	0x7fac
     aba:	0209                	addi	tp,tp,2 # 2 <_prog_start-0xfffe>
     abc:	0100                	addi	s0,sp,128
     abe:	00090103          	lb	sp,0(s2)
     ac2:	0100                	addi	s0,sp,128
     ac4:	0a090103          	lb	sp,160(s2)
     ac8:	0100                	addi	s0,sp,128
     aca:	0805                	addi	a6,a6,1
     acc:	0306                	slli	t1,t1,0x1
     ace:	0900                	addi	s0,sp,144
     ad0:	0000                	unimp
     ad2:	0501                	addi	a0,a0,0
     ad4:	031d                	addi	t1,t1,7
     ad6:	0c097f8f          	.4byte	0xc097f8f
     ada:	0100                	addi	s0,sp,128
     adc:	0805                	addi	a6,a6,1
     ade:	0900f103          	.4byte	0x900f103
     ae2:	0006                	c.slli	zero,0x1
     ae4:	0501                	addi	a0,a0,0
     ae6:	0602                	c.slli64	a2
     ae8:	02090103          	lb	sp,32(s2)
     aec:	0100                	addi	s0,sp,128
     aee:	097fb703          	.4byte	0x97fb703
     af2:	0000                	unimp
     af4:	0301                	addi	t1,t1,0
     af6:	0960                	addi	s0,sp,156
     af8:	0000                	unimp
     afa:	0301                	addi	t1,t1,0
     afc:	0975                	addi	s2,s2,29
     afe:	0000                	unimp
     b00:	0301                	addi	t1,t1,0
     b02:	0902                	c.slli64	s2
     b04:	0000                	unimp
     b06:	0501                	addi	a0,a0,0
     b08:	02030607          	.4byte	0x2030607
     b0c:	0009                	c.nop	2
     b0e:	0100                	addi	s0,sp,128
     b10:	0205                	addi	tp,tp,1 # 1 <_prog_start-0xffff>
     b12:	0306                	slli	t1,t1,0x1
     b14:	097f                	.2byte	0x97f
     b16:	0004                	.2byte	0x4
     b18:	0501                	addi	a0,a0,0
     b1a:	09010303          	lb	t1,144(sp)
     b1e:	0000                	unimp
     b20:	0501                	addi	a0,a0,0
     b22:	00030607          	.4byte	0x30607
     b26:	0009                	c.nop	2
     b28:	0100                	addi	s0,sp,128
     b2a:	0d05                	addi	s10,s10,1
     b2c:	0306                	slli	t1,t1,0x1
     b2e:	0901                	addi	s2,s2,0
     b30:	0002                	c.slli64	zero
     b32:	0501                	addi	a0,a0,0
     b34:	0302                	c.slli64	t1
     b36:	0901                	addi	s2,s2,0
     b38:	0004                	.2byte	0x4
     b3a:	0301                	addi	t1,t1,0
     b3c:	0926                	slli	s2,s2,0x9
     b3e:	0000                	unimp
     b40:	0501                	addi	a0,a0,0
     b42:	061d                	addi	a2,a2,7
     b44:	00090003          	lb	zero,0(s2)
     b48:	0100                	addi	s0,sp,128
     b4a:	0205                	addi	tp,tp,1 # 1 <_prog_start-0xffff>
     b4c:	0306                	slli	t1,t1,0x1
     b4e:	00c9                	addi	ra,ra,18
     b50:	0409                	addi	s0,s0,2
     b52:	0100                	addi	s0,sp,128
     b54:	1105                	addi	sp,sp,-31
     b56:	0306                	slli	t1,t1,0x1
     b58:	00d1                	addi	ra,ra,20
     b5a:	0009                	c.nop	2
     b5c:	0100                	addi	s0,sp,128
     b5e:	0205                	addi	tp,tp,1 # 1 <_prog_start-0xffff>
     b60:	0306                	slli	t1,t1,0x1
     b62:	00040943          	.4byte	0x40943
     b66:	0301                	addi	t1,t1,0
     b68:	0901                	addi	s2,s2,0
     b6a:	0000                	unimp
     b6c:	0301                	addi	t1,t1,0
     b6e:	0901                	addi	s2,s2,0
     b70:	0000                	unimp
     b72:	0301                	addi	t1,t1,0
     b74:	0902                	c.slli64	s2
     b76:	0000                	unimp
     b78:	0301                	addi	t1,t1,0
     b7a:	0902                	c.slli64	s2
     b7c:	000a                	c.slli	zero,0x2
     b7e:	0301                	addi	t1,t1,0
     b80:	0901                	addi	s2,s2,0
     b82:	000c                	.2byte	0xc
     b84:	0301                	addi	t1,t1,0
     b86:	0904                	addi	s1,sp,144
     b88:	000a                	c.slli	zero,0x2
     b8a:	0501                	addi	a0,a0,0
     b8c:	0606                	slli	a2,a2,0x1
     b8e:	00090103          	lb	sp,0(s2)
     b92:	0100                	addi	s0,sp,128
     b94:	1d05                	addi	s10,s10,-31
     b96:	02097f03          	.4byte	0x2097f03
     b9a:	0100                	addi	s0,sp,128
     b9c:	0205                	addi	tp,tp,1 # 1 <_prog_start-0xffff>
     b9e:	0306                	slli	t1,t1,0x1
     ba0:	0901                	addi	s2,s2,0
     ba2:	0004                	.2byte	0x4
     ba4:	0501                	addi	a0,a0,0
     ba6:	0606                	slli	a2,a2,0x1
     ba8:	00090003          	lb	zero,0(s2)
     bac:	0100                	addi	s0,sp,128
     bae:	1405                	addi	s0,s0,-31
     bb0:	0e097403          	.4byte	0xe097403
     bb4:	0100                	addi	s0,sp,128
     bb6:	0505                	addi	a0,a0,1
     bb8:	04090c03          	lb	s8,64(s2)
     bbc:	0100                	addi	s0,sp,128
     bbe:	1605                	addi	a2,a2,-31
     bc0:	04096803          	.4byte	0x4096803
     bc4:	0100                	addi	s0,sp,128
     bc6:	1d05                	addi	s10,s10,-31
     bc8:	097f8503          	lb	a0,151(t6) # fffe8097 <_sp+0x7fee8097>
     bcc:	0002                	c.slli64	zero
     bce:	0501                	addi	a0,a0,0
     bd0:	0315                	addi	t1,t1,5
     bd2:	019d                	addi	gp,gp,7
     bd4:	0c09                	addi	s8,s8,2
     bd6:	0100                	addi	s0,sp,128
     bd8:	0705                	addi	a4,a4,1
     bda:	097ee503          	.4byte	0x97ee503
     bde:	0004                	.2byte	0x4
     be0:	0501                	addi	a0,a0,0
     be2:	0316                	slli	t1,t1,0x5
     be4:	00f9                	addi	ra,ra,30
     be6:	0409                	addi	s0,s0,2
     be8:	0100                	addi	s0,sp,128
     bea:	0f05                	addi	t5,t5,1
     bec:	02093603          	.4byte	0x2093603
     bf0:	0100                	addi	s0,sp,128
     bf2:	0205                	addi	tp,tp,1 # 1 <_prog_start-0xffff>
     bf4:	0306                	slli	t1,t1,0x1
     bf6:	0966                	slli	s2,s2,0x19
     bf8:	0004                	.2byte	0x4
     bfa:	0501                	addi	a0,a0,0
     bfc:	09010303          	lb	t1,144(sp)
     c00:	0000                	unimp
     c02:	0301                	addi	t1,t1,0
     c04:	0901                	addi	s2,s2,0
     c06:	0000                	unimp
     c08:	0301                	addi	t1,t1,0
     c0a:	0902                	c.slli64	s2
     c0c:	0000                	unimp
     c0e:	0301                	addi	t1,t1,0
     c10:	0901                	addi	s2,s2,0
     c12:	0000                	unimp
     c14:	0301                	addi	t1,t1,0
     c16:	0901                	addi	s2,s2,0
     c18:	0000                	unimp
     c1a:	0501                	addi	a0,a0,0
     c1c:	061d                	addi	a2,a2,7
     c1e:	097ee303          	.4byte	0x97ee303
     c22:	0000                	unimp
     c24:	0501                	addi	a0,a0,0
     c26:	0615                	addi	a2,a2,5
     c28:	09019d03          	lh	s10,144(gp)
     c2c:	0004                	.2byte	0x4
     c2e:	0501                	addi	a0,a0,0
     c30:	0302                	c.slli64	t1
     c32:	7eec                	.2byte	0x7eec
     c34:	0009                	c.nop	2
     c36:	0100                	addi	s0,sp,128
     c38:	00097503          	.4byte	0x97503
     c3c:	0100                	addi	s0,sp,128
     c3e:	00090203          	lb	tp,0(s2)
     c42:	0100                	addi	s0,sp,128
     c44:	1d05                	addi	s10,s10,-31
     c46:	0306                	slli	t1,t1,0x1
     c48:	0900                	addi	s0,sp,144
     c4a:	0000                	unimp
     c4c:	0501                	addi	a0,a0,0
     c4e:	0602                	c.slli64	a2
     c50:	02090103          	lb	sp,32(s2)
     c54:	0100                	addi	s0,sp,128
     c56:	0305                	addi	t1,t1,1
     c58:	00090103          	lb	sp,0(s2)
     c5c:	0100                	addi	s0,sp,128
     c5e:	0705                	addi	a4,a4,1
     c60:	0306                	slli	t1,t1,0x1
     c62:	0900                	addi	s0,sp,144
     c64:	0000                	unimp
     c66:	0501                	addi	a0,a0,0
     c68:	060d                	addi	a2,a2,3
     c6a:	02090103          	lb	sp,32(s2)
     c6e:	0100                	addi	s0,sp,128
     c70:	0205                	addi	tp,tp,1 # 1 <_prog_start-0xffff>
     c72:	04090103          	lb	sp,64(s2)
     c76:	0100                	addi	s0,sp,128
     c78:	1505                	addi	a0,a0,-31
     c7a:	0306                	slli	t1,t1,0x1
     c7c:	0199                	addi	gp,gp,6
     c7e:	0009                	c.nop	2
     c80:	0100                	addi	s0,sp,128
     c82:	0705                	addi	a4,a4,1
     c84:	0a097e03          	.4byte	0xa097e03
     c88:	0100                	addi	s0,sp,128
     c8a:	1d05                	addi	s10,s10,-31
     c8c:	097ee503          	.4byte	0x97ee503
     c90:	0006                	c.slli	zero,0x1
     c92:	0501                	addi	a0,a0,0
     c94:	9e030603          	lb	a2,-1568(t1)
     c98:	0901                	addi	s2,s2,0
     c9a:	0004                	.2byte	0x4
     c9c:	0501                	addi	a0,a0,0
     c9e:	0304                	addi	s1,sp,384
     ca0:	0901                	addi	s2,s2,0
     ca2:	0000                	unimp
     ca4:	0501                	addi	a0,a0,0
     ca6:	0302                	c.slli64	t1
     ca8:	7eea                	.2byte	0x7eea
     caa:	0009                	c.nop	2
     cac:	0100                	addi	s0,sp,128
     cae:	00097503          	.4byte	0x97503
     cb2:	0100                	addi	s0,sp,128
     cb4:	00090203          	lb	tp,0(s2)
     cb8:	0100                	addi	s0,sp,128
     cba:	1d05                	addi	s10,s10,-31
     cbc:	0306                	slli	t1,t1,0x1
     cbe:	0900                	addi	s0,sp,144
     cc0:	0000                	unimp
     cc2:	0501                	addi	a0,a0,0
     cc4:	0602                	c.slli64	a2
     cc6:	04090103          	lb	sp,64(s2)
     cca:	0100                	addi	s0,sp,128
     ccc:	0305                	addi	t1,t1,1
     cce:	00090103          	lb	sp,0(s2)
     cd2:	0100                	addi	s0,sp,128
     cd4:	0705                	addi	a4,a4,1
     cd6:	0306                	slli	t1,t1,0x1
     cd8:	0900                	addi	s0,sp,144
     cda:	0000                	unimp
     cdc:	0501                	addi	a0,a0,0
     cde:	060d                	addi	a2,a2,3
     ce0:	02090103          	lb	sp,32(s2)
     ce4:	0100                	addi	s0,sp,128
     ce6:	0205                	addi	tp,tp,1 # 1 <_prog_start-0xffff>
     ce8:	04090103          	lb	sp,64(s2)
     cec:	0100                	addi	s0,sp,128
     cee:	0905                	addi	s2,s2,1
     cf0:	0306                	slli	t1,t1,0x1
     cf2:	0900                	addi	s0,sp,144
     cf4:	000a                	c.slli	zero,0x2
     cf6:	0501                	addi	a0,a0,0
     cf8:	0604                	addi	s1,sp,768
     cfa:	09019c03          	lh	s8,144(gp)
     cfe:	0004                	.2byte	0x4
     d00:	0501                	addi	a0,a0,0
     d02:	0606                	slli	a2,a2,0x1
     d04:	02095803          	lhu	a6,32(s2)
     d08:	0100                	addi	s0,sp,128
     d0a:	0905                	addi	s2,s2,1
     d0c:	02090103          	lb	sp,32(s2)
     d10:	0100                	addi	s0,sp,128
     d12:	0d05                	addi	s10,s10,1
     d14:	08090103          	lb	sp,128(s2)
     d18:	0100                	addi	s0,sp,128
     d1a:	0605                	addi	a2,a2,1
     d1c:	04090003          	lb	zero,64(s2)
     d20:	0100                	addi	s0,sp,128
     d22:	1605                	addi	a2,a2,-31
     d24:	02090103          	lb	sp,32(s2)
     d28:	0100                	addi	s0,sp,128
     d2a:	0605                	addi	a2,a2,1
     d2c:	0c090003          	lb	zero,192(s2)
     d30:	0100                	addi	s0,sp,128
     d32:	04092503          	lw	a0,64(s2)
     d36:	0100                	addi	s0,sp,128
     d38:	0905                	addi	s2,s2,1
     d3a:	04090003          	lb	zero,64(s2)
     d3e:	0100                	addi	s0,sp,128
     d40:	0405                	addi	s0,s0,1
     d42:	0306                	slli	t1,t1,0x1
     d44:	0901                	addi	s2,s2,0
     d46:	0004                	.2byte	0x4
     d48:	0501                	addi	a0,a0,0
     d4a:	0302                	c.slli64	t1
     d4c:	0956                	slli	s2,s2,0x15
     d4e:	0000                	unimp
     d50:	0301                	addi	t1,t1,0
     d52:	0901                	addi	s2,s2,0
     d54:	0000                	unimp
     d56:	0301                	addi	t1,t1,0
     d58:	0901                	addi	s2,s2,0
     d5a:	0000                	unimp
     d5c:	0301                	addi	t1,t1,0
     d5e:	0901                	addi	s2,s2,0
     d60:	0000                	unimp
     d62:	0301                	addi	t1,t1,0
     d64:	0901                	addi	s2,s2,0
     d66:	0000                	unimp
     d68:	0501                	addi	a0,a0,0
     d6a:	0606                	slli	a2,a2,0x1
     d6c:	00090003          	lb	zero,0(s2)
     d70:	0100                	addi	s0,sp,128
     d72:	0205                	addi	tp,tp,1 # 1 <_prog_start-0xffff>
     d74:	0306                	slli	t1,t1,0x1
     d76:	0901                	addi	s2,s2,0
     d78:	0002                	c.slli64	zero
     d7a:	0501                	addi	a0,a0,0
     d7c:	0310                	addi	a2,sp,384
     d7e:	0926                	slli	s2,s2,0x9
     d80:	0000                	unimp
     d82:	0501                	addi	a0,a0,0
     d84:	0606                	slli	a2,a2,0x1
     d86:	04097e03          	.4byte	0x4097e03
     d8a:	0100                	addi	s0,sp,128
     d8c:	0305                	addi	t1,t1,1
     d8e:	0306                	slli	t1,t1,0x1
     d90:	0904                	addi	s1,sp,144
     d92:	0004                	.2byte	0x4
     d94:	0501                	addi	a0,a0,0
     d96:	0302                	c.slli64	t1
     d98:	7ee5                	lui	t4,0xffff9
     d9a:	0009                	c.nop	2
     d9c:	0100                	addi	s0,sp,128
     d9e:	00097503          	.4byte	0x97503
     da2:	0100                	addi	s0,sp,128
     da4:	00090203          	lb	tp,0(s2)
     da8:	0100                	addi	s0,sp,128
     daa:	1d05                	addi	s10,s10,-31
     dac:	0306                	slli	t1,t1,0x1
     dae:	0900                	addi	s0,sp,144
     db0:	0000                	unimp
     db2:	0501                	addi	a0,a0,0
     db4:	0602                	c.slli64	a2
     db6:	04090103          	lb	sp,64(s2)
     dba:	0100                	addi	s0,sp,128
     dbc:	0305                	addi	t1,t1,1
     dbe:	00090103          	lb	sp,0(s2)
     dc2:	0100                	addi	s0,sp,128
     dc4:	0705                	addi	a4,a4,1
     dc6:	0306                	slli	t1,t1,0x1
     dc8:	0900                	addi	s0,sp,144
     dca:	0000                	unimp
     dcc:	0501                	addi	a0,a0,0
     dce:	060d                	addi	a2,a2,3
     dd0:	02090103          	lb	sp,32(s2)
     dd4:	0100                	addi	s0,sp,128
     dd6:	0205                	addi	tp,tp,1 # 1 <_prog_start-0xffff>
     dd8:	04090103          	lb	sp,64(s2)
     ddc:	0100                	addi	s0,sp,128
     dde:	1805                	addi	a6,a6,-31
     de0:	0306                	slli	t1,t1,0x1
     de2:	01a0                	addi	s0,sp,200
     de4:	0009                	c.nop	2
     de6:	0100                	addi	s0,sp,128
     de8:	0b05                	addi	s6,s6,1
     dea:	04090003          	lb	zero,64(s2)
     dee:	0100                	addi	s0,sp,128
     df0:	0305                	addi	t1,t1,1
     df2:	0306                	slli	t1,t1,0x1
     df4:	0901                	addi	s2,s2,0
     df6:	0006                	c.slli	zero,0x1
     df8:	0501                	addi	a0,a0,0
     dfa:	0302                	c.slli64	t1
     dfc:	7ee4                	.2byte	0x7ee4
     dfe:	0009                	c.nop	2
     e00:	0100                	addi	s0,sp,128
     e02:	00097503          	.4byte	0x97503
     e06:	0100                	addi	s0,sp,128
     e08:	00090203          	lb	tp,0(s2)
     e0c:	0100                	addi	s0,sp,128
     e0e:	1d05                	addi	s10,s10,-31
     e10:	0306                	slli	t1,t1,0x1
     e12:	0900                	addi	s0,sp,144
     e14:	0000                	unimp
     e16:	0501                	addi	a0,a0,0
     e18:	0602                	c.slli64	a2
     e1a:	04090103          	lb	sp,64(s2)
     e1e:	0100                	addi	s0,sp,128
     e20:	0305                	addi	t1,t1,1
     e22:	00090103          	lb	sp,0(s2)
     e26:	0100                	addi	s0,sp,128
     e28:	0705                	addi	a4,a4,1
     e2a:	0306                	slli	t1,t1,0x1
     e2c:	0900                	addi	s0,sp,144
     e2e:	0000                	unimp
     e30:	0501                	addi	a0,a0,0
     e32:	060d                	addi	a2,a2,3
     e34:	02090103          	lb	sp,32(s2)
     e38:	0100                	addi	s0,sp,128
     e3a:	0205                	addi	tp,tp,1 # 1 <_prog_start-0xffff>
     e3c:	04090103          	lb	sp,64(s2)
     e40:	0100                	addi	s0,sp,128
     e42:	0305                	addi	t1,t1,1
     e44:	0901a303          	lw	t1,144(gp)
     e48:	0000                	unimp
     e4a:	0501                	addi	a0,a0,0
     e4c:	7e03060b          	.4byte	0x7e03060b
     e50:	0009                	c.nop	2
     e52:	0100                	addi	s0,sp,128
     e54:	0605                	addi	a2,a2,1
     e56:	04090203          	lb	tp,64(s2)
     e5a:	0100                	addi	s0,sp,128
     e5c:	0305                	addi	t1,t1,1
     e5e:	0306                	slli	t1,t1,0x1
     e60:	0906                	slli	s2,s2,0x1
     e62:	0006                	c.slli	zero,0x1
     e64:	0501                	addi	a0,a0,0
     e66:	0904030f          	.4byte	0x904030f
     e6a:	0000                	unimp
     e6c:	0501                	addi	a0,a0,0
     e6e:	0606                	slli	a2,a2,0x1
     e70:	04095803          	lhu	a6,64(s2)
     e74:	0100                	addi	s0,sp,128
     e76:	0205                	addi	tp,tp,1 # 1 <_prog_start-0xffff>
     e78:	0306                	slli	t1,t1,0x1
     e7a:	0929                	addi	s2,s2,10
     e7c:	0002                	c.slli64	zero
     e7e:	0301                	addi	t1,t1,0
     e80:	00097ef7          	.4byte	0x97ef7
     e84:	0100                	addi	s0,sp,128
     e86:	00096003          	.4byte	0x96003
     e8a:	0100                	addi	s0,sp,128
     e8c:	00097503          	.4byte	0x97503
     e90:	0100                	addi	s0,sp,128
     e92:	00090203          	lb	tp,0(s2)
     e96:	0100                	addi	s0,sp,128
     e98:	1d05                	addi	s10,s10,-31
     e9a:	0306                	slli	t1,t1,0x1
     e9c:	0900                	addi	s0,sp,144
     e9e:	0000                	unimp
     ea0:	0501                	addi	a0,a0,0
     ea2:	09020307          	.4byte	0x9020307
     ea6:	000a                	c.slli	zero,0x2
     ea8:	0501                	addi	a0,a0,0
     eaa:	0602                	c.slli64	a2
     eac:	04097f03          	.4byte	0x4097f03
     eb0:	0100                	addi	s0,sp,128
     eb2:	0305                	addi	t1,t1,1
     eb4:	00090103          	lb	sp,0(s2)
     eb8:	0100                	addi	s0,sp,128
     eba:	0705                	addi	a4,a4,1
     ebc:	0306                	slli	t1,t1,0x1
     ebe:	0900                	addi	s0,sp,144
     ec0:	0000                	unimp
     ec2:	0501                	addi	a0,a0,0
     ec4:	060d                	addi	a2,a2,3
     ec6:	02090103          	lb	sp,32(s2)
     eca:	0100                	addi	s0,sp,128
     ecc:	0205                	addi	tp,tp,1 # 1 <_prog_start-0xffff>
     ece:	04090103          	lb	sp,64(s2)
     ed2:	0100                	addi	s0,sp,128
     ed4:	00092603          	lw	a2,0(s2)
     ed8:	0100                	addi	s0,sp,128
     eda:	1d05                	addi	s10,s10,-31
     edc:	0306                	slli	t1,t1,0x1
     ede:	0900                	addi	s0,sp,144
     ee0:	0000                	unimp
     ee2:	0501                	addi	a0,a0,0
     ee4:	0602                	c.slli64	a2
     ee6:	09018a03          	lb	s4,144(gp)
     eea:	0004                	.2byte	0x4
     eec:	0301                	addi	t1,t1,0
     eee:	0901                	addi	s2,s2,0
     ef0:	000a                	c.slli	zero,0x2
     ef2:	0301                	addi	t1,t1,0
     ef4:	7ef4                	.2byte	0x7ef4
     ef6:	0009                	c.nop	2
     ef8:	0100                	addi	s0,sp,128
     efa:	00096003          	.4byte	0x96003
     efe:	0100                	addi	s0,sp,128
     f00:	00097503          	.4byte	0x97503
     f04:	0100                	addi	s0,sp,128
     f06:	00090203          	lb	tp,0(s2)
     f0a:	0100                	addi	s0,sp,128
     f0c:	1d05                	addi	s10,s10,-31
     f0e:	0306                	slli	t1,t1,0x1
     f10:	0900                	addi	s0,sp,144
     f12:	0000                	unimp
     f14:	0501                	addi	a0,a0,0
     f16:	09020307          	.4byte	0x9020307
     f1a:	0006                	c.slli	zero,0x1
     f1c:	0501                	addi	a0,a0,0
     f1e:	0602                	c.slli64	a2
     f20:	04097f03          	.4byte	0x4097f03
     f24:	0100                	addi	s0,sp,128
     f26:	0305                	addi	t1,t1,1
     f28:	00090103          	lb	sp,0(s2)
     f2c:	0100                	addi	s0,sp,128
     f2e:	0705                	addi	a4,a4,1
     f30:	0306                	slli	t1,t1,0x1
     f32:	0900                	addi	s0,sp,144
     f34:	0000                	unimp
     f36:	0501                	addi	a0,a0,0
     f38:	060d                	addi	a2,a2,3
     f3a:	02090103          	lb	sp,32(s2)
     f3e:	0100                	addi	s0,sp,128
     f40:	0205                	addi	tp,tp,1 # 1 <_prog_start-0xffff>
     f42:	04090103          	lb	sp,64(s2)
     f46:	0100                	addi	s0,sp,128
     f48:	00092603          	lw	a2,0(s2)
     f4c:	0100                	addi	s0,sp,128
     f4e:	1d05                	addi	s10,s10,-31
     f50:	0306                	slli	t1,t1,0x1
     f52:	0900                	addi	s0,sp,144
     f54:	0000                	unimp
     f56:	0501                	addi	a0,a0,0
     f58:	0602                	c.slli64	a2
     f5a:	09018c03          	lb	s8,144(gp)
     f5e:	0004                	.2byte	0x4
     f60:	0301                	addi	t1,t1,0
     f62:	0901                	addi	s2,s2,0
     f64:	000a                	c.slli	zero,0x2
     f66:	0501                	addi	a0,a0,0
     f68:	0611                	addi	a2,a2,4
     f6a:	00090e03          	lb	t3,0(s2)
     f6e:	0100                	addi	s0,sp,128
     f70:	0205                	addi	tp,tp,1 # 1 <_prog_start-0xffff>
     f72:	0306                	slli	t1,t1,0x1
     f74:	0906                	slli	s2,s2,0x1
     f76:	0004                	.2byte	0x4
     f78:	0301                	addi	t1,t1,0
     f7a:	0902                	c.slli64	s2
     f7c:	000a                	c.slli	zero,0x2
     f7e:	0301                	addi	t1,t1,0
     f80:	0901                	addi	s2,s2,0
     f82:	000a                	c.slli	zero,0x2
     f84:	0301                	addi	t1,t1,0
     f86:	0902                	c.slli64	s2
     f88:	000a                	c.slli	zero,0x2
     f8a:	0301                	addi	t1,t1,0
     f8c:	0902                	c.slli64	s2
     f8e:	0004                	.2byte	0x4
     f90:	0501                	addi	a0,a0,0
     f92:	0609                	addi	a2,a2,2
     f94:	00090003          	lb	zero,0(s2)
     f98:	0100                	addi	s0,sp,128
     f9a:	0405                	addi	s0,s0,1
     f9c:	0306                	slli	t1,t1,0x1
     f9e:	0956                	slli	s2,s2,0x15
     fa0:	0002                	c.slli64	zero
     fa2:	0301                	addi	t1,t1,0
     fa4:	0901                	addi	s2,s2,0
     fa6:	000a                	c.slli	zero,0x2
     fa8:	0301                	addi	t1,t1,0
     faa:	0901                	addi	s2,s2,0
     fac:	0000                	unimp
     fae:	0501                	addi	a0,a0,0
     fb0:	7f030607          	.4byte	0x7f030607
     fb4:	0009                	c.nop	2
     fb6:	0100                	addi	s0,sp,128
     fb8:	0405                	addi	s0,s0,1
     fba:	02090103          	lb	sp,32(s2)
     fbe:	0100                	addi	s0,sp,128
     fc0:	0305                	addi	t1,t1,1
     fc2:	0306                	slli	t1,t1,0x1
     fc4:	096a                	slli	s2,s2,0x1a
     fc6:	0002                	c.slli64	zero
     fc8:	0501                	addi	a0,a0,0
     fca:	0302                	c.slli64	t1
     fcc:	7f95                	lui	t6,0xfffe5
     fce:	0009                	c.nop	2
     fd0:	0100                	addi	s0,sp,128
     fd2:	00096003          	.4byte	0x96003
     fd6:	0100                	addi	s0,sp,128
     fd8:	00097503          	.4byte	0x97503
     fdc:	0100                	addi	s0,sp,128
     fde:	00090203          	lb	tp,0(s2)
     fe2:	0100                	addi	s0,sp,128
     fe4:	1d05                	addi	s10,s10,-31
     fe6:	0306                	slli	t1,t1,0x1
     fe8:	0900                	addi	s0,sp,144
     fea:	0000                	unimp
     fec:	0501                	addi	a0,a0,0
     fee:	09020307          	.4byte	0x9020307
     ff2:	0006                	c.slli	zero,0x1
     ff4:	0501                	addi	a0,a0,0
     ff6:	0602                	c.slli64	a2
     ff8:	04097f03          	.4byte	0x4097f03
     ffc:	0100                	addi	s0,sp,128
     ffe:	0305                	addi	t1,t1,1
    1000:	00090103          	lb	sp,0(s2)
    1004:	0100                	addi	s0,sp,128
    1006:	0705                	addi	a4,a4,1
    1008:	0306                	slli	t1,t1,0x1
    100a:	0900                	addi	s0,sp,144
    100c:	0000                	unimp
    100e:	0501                	addi	a0,a0,0
    1010:	060d                	addi	a2,a2,3
    1012:	02090103          	lb	sp,32(s2)
    1016:	0100                	addi	s0,sp,128
    1018:	0205                	addi	tp,tp,1 # 1 <_prog_start-0xffff>
    101a:	04090103          	lb	sp,64(s2)
    101e:	0100                	addi	s0,sp,128
    1020:	00092603          	lw	a2,0(s2)
    1024:	0100                	addi	s0,sp,128
    1026:	1d05                	addi	s10,s10,-31
    1028:	0306                	slli	t1,t1,0x1
    102a:	0900                	addi	s0,sp,144
    102c:	0000                	unimp
    102e:	0501                	addi	a0,a0,0
    1030:	eb030603          	lb	a2,-336(t1)
    1034:	0900                	addi	s0,sp,144
    1036:	0004                	.2byte	0x4
    1038:	0901                	addi	s2,s2,0
    103a:	0002                	c.slli64	zero
    103c:	0100                	addi	s0,sp,128
    103e:	8f01                	sub	a4,a4,s0
    1040:	0004                	.2byte	0x4
    1042:	0500                	addi	s0,sp,640
    1044:	0400                	addi	s0,sp,512
    1046:	4a00                	lw	s0,16(a2)
    1048:	0000                	unimp
    104a:	0100                	addi	s0,sp,128
    104c:	0101                	addi	sp,sp,0
    104e:	000d0efb          	.4byte	0xd0efb
    1052:	0101                	addi	sp,sp,0
    1054:	0101                	addi	sp,sp,0
    1056:	0000                	unimp
    1058:	0100                	addi	s0,sp,128
    105a:	0000                	unimp
    105c:	0101                	addi	sp,sp,0
    105e:	1f01                	addi	t5,t5,-32
    1060:	0004                	.2byte	0x4
    1062:	0000                	unimp
    1064:	3600                	.2byte	0x3600
    1066:	0001                	nop
    1068:	5500                	lw	s0,40(a0)
    106a:	0000                	unimp
    106c:	b000                	.2byte	0xb000
    106e:	0000                	unimp
    1070:	0200                	addi	s0,sp,256
    1072:	1f01                	addi	t5,t5,-32
    1074:	0f02                	c.slli64	t5
    1076:	2c06                	.2byte	0x2c06
    1078:	0001                	nop
    107a:	0000                	unimp
    107c:	012c                	addi	a1,sp,136
    107e:	0000                	unimp
    1080:	2200                	.2byte	0x2200
    1082:	0001                	nop
    1084:	0000                	unimp
    1086:	0198                	addi	a4,sp,192
    1088:	0000                	unimp
    108a:	0701                	addi	a4,a4,0
    108c:	0001                	nop
    108e:	0200                	addi	s0,sp,256
    1090:	0118                	addi	a4,sp,128
    1092:	0000                	unimp
    1094:	00010503          	lb	a0,0(sp)
    1098:	0205                	addi	tp,tp,1 # 1 <_prog_start-0xffff>
    109a:	04c4                	addi	s1,sp,580
    109c:	0001                	nop
    109e:	05010f03          	lb	t5,80(sp)
    10a2:	0302                	c.slli64	t1
    10a4:	0901                	addi	s2,s2,0
    10a6:	0000                	unimp
    10a8:	0301                	addi	t1,t1,0
    10aa:	0979                	addi	s2,s2,30
    10ac:	0000                	unimp
    10ae:	0301                	addi	t1,t1,0
    10b0:	0901                	addi	s2,s2,0
    10b2:	0000                	unimp
    10b4:	0501                	addi	a0,a0,0
    10b6:	0312                	slli	t1,t1,0x4
    10b8:	0900                	addi	s0,sp,144
    10ba:	0000                	unimp
    10bc:	0501                	addi	a0,a0,0
    10be:	060c                	addi	a1,sp,768
    10c0:	00090003          	lb	zero,0(s2)
    10c4:	0100                	addi	s0,sp,128
    10c6:	1205                	addi	tp,tp,-31 # ffffffe1 <_sp+0x7fefffe1>
    10c8:	04090003          	lb	zero,64(s2)
    10cc:	0100                	addi	s0,sp,128
    10ce:	0204                	addi	s1,sp,256
    10d0:	0305                	addi	t1,t1,1
    10d2:	02091003          	lh	zero,32(s2)
    10d6:	0100                	addi	s0,sp,128
    10d8:	0205                	addi	tp,tp,1 # 1 <_prog_start-0xffff>
    10da:	0306                	slli	t1,t1,0x1
    10dc:	097e                	slli	s2,s2,0x1f
    10de:	0004                	.2byte	0x4
    10e0:	0301                	addi	t1,t1,0
    10e2:	0901                	addi	s2,s2,0
    10e4:	0000                	unimp
    10e6:	0501                	addi	a0,a0,0
    10e8:	09010303          	lb	t1,144(sp)
    10ec:	0000                	unimp
    10ee:	0501                	addi	a0,a0,0
    10f0:	030d                	addi	t1,t1,3
    10f2:	0904                	addi	s1,sp,144
    10f4:	0004                	.2byte	0x4
    10f6:	0401                	addi	s0,s0,0
    10f8:	0501                	addi	a0,a0,0
    10fa:	031c                	addi	a5,sp,384
    10fc:	096c                	addi	a1,sp,156
    10fe:	0004                	.2byte	0x4
    1100:	0501                	addi	a0,a0,0
    1102:	060c                	addi	a1,sp,768
    1104:	00090003          	lb	zero,0(s2)
    1108:	0100                	addi	s0,sp,128
    110a:	1c05                	addi	s8,s8,-31
    110c:	04090003          	lb	zero,64(s2)
    1110:	0100                	addi	s0,sp,128
    1112:	1205                	addi	tp,tp,-31 # ffffffe1 <_sp+0x7fefffe1>
    1114:	0306                	slli	t1,t1,0x1
    1116:	0900                	addi	s0,sp,144
    1118:	0002                	c.slli64	zero
    111a:	0401                	addi	s0,s0,0
    111c:	0502                	c.slli64	a0
    111e:	10030603          	lb	a2,256(t1)
    1122:	0209                	addi	tp,tp,2 # 2 <_prog_start-0xfffe>
    1124:	0100                	addi	s0,sp,128
    1126:	0205                	addi	tp,tp,1 # 1 <_prog_start-0xffff>
    1128:	0306                	slli	t1,t1,0x1
    112a:	097e                	slli	s2,s2,0x1f
    112c:	0006                	c.slli	zero,0x1
    112e:	0301                	addi	t1,t1,0
    1130:	0901                	addi	s2,s2,0
    1132:	0000                	unimp
    1134:	0501                	addi	a0,a0,0
    1136:	09010303          	lb	t1,144(sp)
    113a:	0000                	unimp
    113c:	0501                	addi	a0,a0,0
    113e:	030d                	addi	t1,t1,3
    1140:	0904                	addi	s1,sp,144
    1142:	0004                	.2byte	0x4
    1144:	0501                	addi	a0,a0,0
    1146:	7c030603          	lb	a2,1984(t1)
    114a:	0409                	addi	s0,s0,2
    114c:	0100                	addi	s0,sp,128
    114e:	0205                	addi	tp,tp,1 # 1 <_prog_start-0xffff>
    1150:	0306                	slli	t1,t1,0x1
    1152:	097e                	slli	s2,s2,0x1f
    1154:	0006                	c.slli	zero,0x1
    1156:	0301                	addi	t1,t1,0
    1158:	0901                	addi	s2,s2,0
    115a:	0000                	unimp
    115c:	0501                	addi	a0,a0,0
    115e:	09010303          	lb	t1,144(sp)
    1162:	0000                	unimp
    1164:	0501                	addi	a0,a0,0
    1166:	030d                	addi	t1,t1,3
    1168:	0904                	addi	s1,sp,144
    116a:	0004                	.2byte	0x4
    116c:	0401                	addi	s0,s0,0
    116e:	0501                	addi	a0,a0,0
    1170:	0601                	addi	a2,a2,0
    1172:	04097503          	.4byte	0x4097503
    1176:	0100                	addi	s0,sp,128
    1178:	0306                	slli	t1,t1,0x1
    117a:	00020903          	lb	s2,0(tp) # 0 <_prog_start-0x10000>
    117e:	0501                	addi	a0,a0,0
    1180:	0302                	c.slli64	t1
    1182:	0901                	addi	s2,s2,0
    1184:	0000                	unimp
    1186:	0301                	addi	t1,t1,0
    1188:	0901                	addi	s2,s2,0
    118a:	0000                	unimp
    118c:	0301                	addi	t1,t1,0
    118e:	0901                	addi	s2,s2,0
    1190:	0000                	unimp
    1192:	0301                	addi	t1,t1,0
    1194:	0902                	c.slli64	s2
    1196:	0000                	unimp
    1198:	0501                	addi	a0,a0,0
    119a:	0601                	addi	a2,a2,0
    119c:	00097b03          	.4byte	0x97b03
    11a0:	0100                	addi	s0,sp,128
    11a2:	0c05                	addi	s8,s8,1
    11a4:	02090903          	lb	s2,32(s2)
    11a8:	0100                	addi	s0,sp,128
    11aa:	0105                	addi	sp,sp,1
    11ac:	04097703          	.4byte	0x4097703
    11b0:	0100                	addi	s0,sp,128
    11b2:	0205                	addi	tp,tp,1 # 1 <_prog_start-0xffff>
    11b4:	02090503          	lb	a0,32(s2)
    11b8:	0100                	addi	s0,sp,128
    11ba:	0105                	addi	sp,sp,1
    11bc:	02097b03          	.4byte	0x2097b03
    11c0:	0100                	addi	s0,sp,128
    11c2:	0205                	addi	tp,tp,1 # 1 <_prog_start-0xffff>
    11c4:	0c090503          	lb	a0,192(s2)
    11c8:	0100                	addi	s0,sp,128
    11ca:	0306                	slli	t1,t1,0x1
    11cc:	0901                	addi	s2,s2,0
    11ce:	0002                	c.slli64	zero
    11d0:	0301                	addi	t1,t1,0
    11d2:	0901                	addi	s2,s2,0
    11d4:	0000                	unimp
    11d6:	0301                	addi	t1,t1,0
    11d8:	0901                	addi	s2,s2,0
    11da:	0000                	unimp
    11dc:	0301                	addi	t1,t1,0
    11de:	0901                	addi	s2,s2,0
    11e0:	0000                	unimp
    11e2:	0501                	addi	a0,a0,0
    11e4:	0316                	slli	t1,t1,0x5
    11e6:	0900                	addi	s0,sp,144
    11e8:	0000                	unimp
    11ea:	0501                	addi	a0,a0,0
    11ec:	060d                	addi	a2,a2,3
    11ee:	0e092403          	lw	s0,224(s2)
    11f2:	0100                	addi	s0,sp,128
    11f4:	0204                	addi	s1,sp,256
    11f6:	0305                	addi	t1,t1,1
    11f8:	04095703          	lhu	a4,64(s2)
    11fc:	0100                	addi	s0,sp,128
    11fe:	0104                	addi	s1,sp,128
    1200:	0405                	addi	s0,s0,1
    1202:	04090703          	lb	a4,64(s2)
    1206:	0100                	addi	s0,sp,128
    1208:	0305                	addi	t1,t1,1
    120a:	0306                	slli	t1,t1,0x1
    120c:	097f                	.2byte	0x97f
    120e:	000a                	c.slli	zero,0x2
    1210:	0501                	addi	a0,a0,0
    1212:	0606                	slli	a2,a2,0x1
    1214:	00090003          	lb	zero,0(s2)
    1218:	0100                	addi	s0,sp,128
    121a:	0405                	addi	s0,s0,1
    121c:	0306                	slli	t1,t1,0x1
    121e:	0901                	addi	s2,s2,0
    1220:	0002                	c.slli64	zero
    1222:	0501                	addi	a0,a0,0
    1224:	0305                	addi	t1,t1,1
    1226:	091c                	addi	a5,sp,144
    1228:	0018                	.2byte	0x18
    122a:	0501                	addi	a0,a0,0
    122c:	0003060b          	.4byte	0x3060b
    1230:	0009                	c.nop	2
    1232:	0100                	addi	s0,sp,128
    1234:	0204                	addi	s1,sp,256
    1236:	0305                	addi	t1,t1,1
    1238:	02095d03          	lhu	s10,32(s2)
    123c:	0100                	addi	s0,sp,128
    123e:	0104                	addi	s1,sp,128
    1240:	0505                	addi	a0,a0,1
    1242:	04092303          	lw	t1,64(s2)
    1246:	0100                	addi	s0,sp,128
    1248:	0204                	addi	s1,sp,256
    124a:	0205                	addi	tp,tp,1 # 1 <_prog_start-0xffff>
    124c:	0306                	slli	t1,t1,0x1
    124e:	0959                	addi	s2,s2,22
    1250:	0004                	.2byte	0x4
    1252:	0401                	addi	s0,s0,0
    1254:	0501                	addi	a0,a0,0
    1256:	2703060b          	.4byte	0x2703060b
    125a:	0009                	c.nop	2
    125c:	0100                	addi	s0,sp,128
    125e:	0204                	addi	s1,sp,256
    1260:	0205                	addi	tp,tp,1 # 1 <_prog_start-0xffff>
    1262:	0306                	slli	t1,t1,0x1
    1264:	0004095b          	.4byte	0x4095b
    1268:	0301                	addi	t1,t1,0
    126a:	0901                	addi	s2,s2,0
    126c:	0000                	unimp
    126e:	0501                	addi	a0,a0,0
    1270:	09010303          	lb	t1,144(sp)
    1274:	0000                	unimp
    1276:	0501                	addi	a0,a0,0
    1278:	030d                	addi	t1,t1,3
    127a:	0904                	addi	s1,sp,144
    127c:	0004                	.2byte	0x4
    127e:	0401                	addi	s0,s0,0
    1280:	0501                	addi	a0,a0,0
    1282:	060c                	addi	a1,sp,768
    1284:	04092403          	lw	s0,64(s2)
    1288:	0100                	addi	s0,sp,128
    128a:	02097f03          	.4byte	0x2097f03
    128e:	0100                	addi	s0,sp,128
    1290:	0e05                	addi	t3,t3,1 # 1d001 <dtb+0xc879>
    1292:	02097f03          	.4byte	0x2097f03
    1296:	0100                	addi	s0,sp,128
    1298:	1605                	addi	a2,a2,-31
    129a:	0306                	slli	t1,t1,0x1
    129c:	095f 0002 0501      	.byte	0x5f, 0x09, 0x02, 0x00, 0x01, 0x05
    12a2:	060c                	addi	a1,sp,768
    12a4:	00090003          	lb	zero,0(s2)
    12a8:	0100                	addi	s0,sp,128
    12aa:	1205                	addi	tp,tp,-31 # ffffffe1 <_sp+0x7fefffe1>
    12ac:	04090003          	lb	zero,64(s2)
    12b0:	0100                	addi	s0,sp,128
    12b2:	1605                	addi	a2,a2,-31
    12b4:	02090003          	lb	zero,32(s2)
    12b8:	0100                	addi	s0,sp,128
    12ba:	0105                	addi	sp,sp,1
    12bc:	04092b03          	lw	s6,64(s2)
    12c0:	0100                	addi	s0,sp,128
    12c2:	0505                	addi	a0,a0,1
    12c4:	0306                	slli	t1,t1,0x1
    12c6:	095f 0004 0301      	.byte	0x5f, 0x09, 0x04, 0x00, 0x01, 0x03
    12cc:	0901                	addi	s2,s2,0
    12ce:	0000                	unimp
    12d0:	0301                	addi	t1,t1,0
    12d2:	0901                	addi	s2,s2,0
    12d4:	0000                	unimp
    12d6:	0501                	addi	a0,a0,0
    12d8:	0608                	addi	a0,sp,768
    12da:	00090103          	lb	sp,0(s2)
    12de:	0100                	addi	s0,sp,128
    12e0:	06097f03          	.4byte	0x6097f03
    12e4:	0100                	addi	s0,sp,128
    12e6:	0605                	addi	a2,a2,1
    12e8:	0306                	slli	t1,t1,0x1
    12ea:	0904                	addi	s1,sp,144
    12ec:	0002                	c.slli64	zero
    12ee:	0501                	addi	a0,a0,0
    12f0:	0616                	slli	a2,a2,0x5
    12f2:	00090103          	lb	sp,0(s2)
    12f6:	0100                	addi	s0,sp,128
    12f8:	0805                	addi	a6,a6,1
    12fa:	08097f03          	.4byte	0x8097f03
    12fe:	0100                	addi	s0,sp,128
    1300:	0605                	addi	a2,a2,1
    1302:	0306                	slli	t1,t1,0x1
    1304:	0901                	addi	s2,s2,0
    1306:	0004                	.2byte	0x4
    1308:	0501                	addi	a0,a0,0
    130a:	0616                	slli	a2,a2,0x5
    130c:	00090003          	lb	zero,0(s2)
    1310:	0100                	addi	s0,sp,128
    1312:	0805                	addi	a6,a6,1
    1314:	02097f03          	.4byte	0x2097f03
    1318:	0100                	addi	s0,sp,128
    131a:	1605                	addi	a2,a2,-31
    131c:	02090103          	lb	sp,32(s2)
    1320:	0100                	addi	s0,sp,128
    1322:	0605                	addi	a2,a2,1
    1324:	02090503          	lb	a0,32(s2)
    1328:	0100                	addi	s0,sp,128
    132a:	0204                	addi	s1,sp,256
    132c:	0305                	addi	t1,t1,1
    132e:	02096503          	.4byte	0x2096503
    1332:	0100                	addi	s0,sp,128
    1334:	0104                	addi	s1,sp,128
    1336:	0e05                	addi	t3,t3,1
    1338:	04091803          	lh	a6,64(s2)
    133c:	0100                	addi	s0,sp,128
    133e:	0605                	addi	a2,a2,1
    1340:	0306                	slli	t1,t1,0x1
    1342:	0901                	addi	s2,s2,0
    1344:	0002                	c.slli64	zero
    1346:	0301                	addi	t1,t1,0
    1348:	0901                	addi	s2,s2,0
    134a:	0000                	unimp
    134c:	0501                	addi	a0,a0,0
    134e:	060d                	addi	a2,a2,3
    1350:	00090003          	lb	zero,0(s2)
    1354:	0100                	addi	s0,sp,128
    1356:	1905                	addi	s2,s2,-31
    1358:	04090103          	lb	sp,64(s2)
    135c:	0100                	addi	s0,sp,128
    135e:	0605                	addi	a2,a2,1
    1360:	0306                	slli	t1,t1,0x1
    1362:	0900                	addi	s0,sp,144
    1364:	0004                	.2byte	0x4
    1366:	0001                	nop
    1368:	0402                	c.slli64	s0
    136a:	0601                	addi	a2,a2,0
    136c:	08090003          	lb	zero,128(s2)
    1370:	0100                	addi	s0,sp,128
    1372:	0204                	addi	s1,sp,256
    1374:	0205                	addi	tp,tp,1 # 1 <_prog_start-0xffff>
    1376:	0306                	slli	t1,t1,0x1
    1378:	00040963          	beqz	s0,138a <_prog_start-0xec76>
    137c:	0301                	addi	t1,t1,0
    137e:	0901                	addi	s2,s2,0
    1380:	0000                	unimp
    1382:	0501                	addi	a0,a0,0
    1384:	09010303          	lb	t1,144(sp)
    1388:	0000                	unimp
    138a:	0501                	addi	a0,a0,0
    138c:	030d                	addi	t1,t1,3
    138e:	0904                	addi	s1,sp,144
    1390:	0004                	.2byte	0x4
    1392:	0401                	addi	s0,s0,0
    1394:	0501                	addi	a0,a0,0
    1396:	0016                	c.slli	zero,0x5
    1398:	0402                	c.slli64	s0
    139a:	0304                	addi	s1,sp,384
    139c:	0914                	addi	a3,sp,144
    139e:	0004                	.2byte	0x4
    13a0:	0501                	addi	a0,a0,0
    13a2:	000e                	c.slli	zero,0x3
    13a4:	0402                	c.slli64	s0
    13a6:	0304                	addi	s1,sp,384
    13a8:	0900                	addi	s0,sp,144
    13aa:	0002                	c.slli64	zero
    13ac:	0501                	addi	a0,a0,0
    13ae:	0305                	addi	t1,t1,1
    13b0:	0908                	addi	a0,sp,144
    13b2:	0006                	c.slli	zero,0x1
    13b4:	0501                	addi	a0,a0,0
    13b6:	0302                	c.slli64	t1
    13b8:	0004094f          	.4byte	0x4094f
    13bc:	0301                	addi	t1,t1,0
    13be:	0901                	addi	s2,s2,0
    13c0:	0000                	unimp
    13c2:	0501                	addi	a0,a0,0
    13c4:	0312                	slli	t1,t1,0x4
    13c6:	0900                	addi	s0,sp,144
    13c8:	0000                	unimp
    13ca:	0501                	addi	a0,a0,0
    13cc:	0605                	addi	a2,a2,1
    13ce:	00093003          	.4byte	0x93003
    13d2:	0100                	addi	s0,sp,128
    13d4:	0c05                	addi	s8,s8,1
    13d6:	04095003          	lhu	zero,64(s2)
    13da:	0100                	addi	s0,sp,128
    13dc:	1205                	addi	tp,tp,-31 # ffffffe1 <_sp+0x7fefffe1>
    13de:	04090003          	lb	zero,64(s2)
    13e2:	0100                	addi	s0,sp,128
    13e4:	0204                	addi	s1,sp,256
    13e6:	0305                	addi	t1,t1,1
    13e8:	02091003          	lh	zero,32(s2)
    13ec:	0100                	addi	s0,sp,128
    13ee:	0205                	addi	tp,tp,1 # 1 <_prog_start-0xffff>
    13f0:	0306                	slli	t1,t1,0x1
    13f2:	097e                	slli	s2,s2,0x1f
    13f4:	0004                	.2byte	0x4
    13f6:	0301                	addi	t1,t1,0
    13f8:	0901                	addi	s2,s2,0
    13fa:	0000                	unimp
    13fc:	0501                	addi	a0,a0,0
    13fe:	09010303          	lb	t1,144(sp)
    1402:	0000                	unimp
    1404:	0501                	addi	a0,a0,0
    1406:	030d                	addi	t1,t1,3
    1408:	0904                	addi	s1,sp,144
    140a:	0004                	.2byte	0x4
    140c:	0401                	addi	s0,s0,0
    140e:	0501                	addi	a0,a0,0
    1410:	031c                	addi	a5,sp,384
    1412:	096c                	addi	a1,sp,156
    1414:	0004                	.2byte	0x4
    1416:	0501                	addi	a0,a0,0
    1418:	060c                	addi	a1,sp,768
    141a:	00090003          	lb	zero,0(s2)
    141e:	0100                	addi	s0,sp,128
    1420:	1c05                	addi	s8,s8,-31
    1422:	04090003          	lb	zero,64(s2)
    1426:	0100                	addi	s0,sp,128
    1428:	1205                	addi	tp,tp,-31 # ffffffe1 <_sp+0x7fefffe1>
    142a:	0306                	slli	t1,t1,0x1
    142c:	0900                	addi	s0,sp,144
    142e:	0002                	c.slli64	zero
    1430:	0501                	addi	a0,a0,0
    1432:	030a                	slli	t1,t1,0x2
    1434:	0939                	addi	s2,s2,14
    1436:	0004                	.2byte	0x4
    1438:	0501                	addi	a0,a0,0
    143a:	060d                	addi	a2,a2,3
    143c:	00090003          	lb	zero,0(s2)
    1440:	0100                	addi	s0,sp,128
    1442:	0e05                	addi	t3,t3,1
    1444:	04090103          	lb	sp,64(s2)
    1448:	0100                	addi	s0,sp,128
    144a:	0204                	addi	s1,sp,256
    144c:	0205                	addi	tp,tp,1 # 1 <_prog_start-0xffff>
    144e:	0306                	slli	t1,t1,0x1
    1450:	0954                	addi	a3,sp,148
    1452:	0004                	.2byte	0x4
    1454:	0301                	addi	t1,t1,0
    1456:	0901                	addi	s2,s2,0
    1458:	0000                	unimp
    145a:	0501                	addi	a0,a0,0
    145c:	09010303          	lb	t1,144(sp)
    1460:	0000                	unimp
    1462:	0501                	addi	a0,a0,0
    1464:	030d                	addi	t1,t1,3
    1466:	0904                	addi	s1,sp,144
    1468:	0004                	.2byte	0x4
    146a:	0501                	addi	a0,a0,0
    146c:	0302                	c.slli64	t1
    146e:	097a                	slli	s2,s2,0x1e
    1470:	0004                	.2byte	0x4
    1472:	0301                	addi	t1,t1,0
    1474:	0901                	addi	s2,s2,0
    1476:	0000                	unimp
    1478:	0501                	addi	a0,a0,0
    147a:	09010303          	lb	t1,144(sp)
    147e:	0000                	unimp
    1480:	0501                	addi	a0,a0,0
    1482:	030d                	addi	t1,t1,3
    1484:	0904                	addi	s1,sp,144
    1486:	0004                	.2byte	0x4
    1488:	0401                	addi	s0,s0,0
    148a:	0501                	addi	a0,a0,0
    148c:	0306                	slli	t1,t1,0x1
    148e:	090e                	slli	s2,s2,0x3
    1490:	0006                	c.slli	zero,0x1
    1492:	0501                	addi	a0,a0,0
    1494:	0608                	addi	a0,sp,768
    1496:	00090003          	lb	zero,0(s2)
    149a:	0100                	addi	s0,sp,128
    149c:	0605                	addi	a2,a2,1
    149e:	0306                	slli	t1,t1,0x1
    14a0:	0901                	addi	s2,s2,0
    14a2:	0004                	.2byte	0x4
    14a4:	0501                	addi	a0,a0,0
    14a6:	030e                	slli	t1,t1,0x3
    14a8:	0905                	addi	s2,s2,1
    14aa:	0000                	unimp
    14ac:	0501                	addi	a0,a0,0
    14ae:	0608                	addi	a0,sp,768
    14b0:	00097a03          	.4byte	0x97a03
    14b4:	0100                	addi	s0,sp,128
    14b6:	02090103          	lb	sp,32(s2)
    14ba:	0100                	addi	s0,sp,128
    14bc:	0405                	addi	s0,s0,1
    14be:	04097403          	.4byte	0x4097403
    14c2:	0100                	addi	s0,sp,128
    14c4:	0d05                	addi	s10,s10,1
    14c6:	04090203          	lb	tp,64(s2)
    14ca:	0100                	addi	s0,sp,128
    14cc:	0409                	addi	s0,s0,2
    14ce:	0000                	unimp
    14d0:	0101                	addi	sp,sp,0

Disassembly of section .debug_line_str:

00000000 <.debug_line_str>:
   0:	6d6f682f          	.4byte	0x6d6f682f
   4:	2f65                	jal	7bc <_prog_start-0xf844>
   6:	7568                	.2byte	0x7568
   8:	676e                	.2byte	0x676e
   a:	6874                	.2byte	0x6874
   c:	326b696f          	jal	s2,b6332 <dtb+0xa5baa>
  10:	2f34                	.2byte	0x2f34
  12:	4952                	lw	s2,20(sp)
  14:	54564353          	.4byte	0x54564353
  18:	7475                	lui	s0,0xffffd
  1a:	6169726f          	jal	tp,97630 <dtb+0x86ea8>
  1e:	316c                	.2byte	0x316c
  20:	6770662f          	.4byte	0x6770662f
  24:	2f61                	jal	7bc <_prog_start-0xf844>
  26:	2f637273          	csrrci	tp,0x2f6,6
  2a:	616d                	addi	sp,sp,240
  2c:	6e69                	lui	t3,0x1a
  2e:	7365722f          	.4byte	0x7365722f
  32:	6372756f          	jal	a0,27e68 <dtb+0x176e0>
  36:	7365                	lui	t1,0xffff9
  38:	7472612f          	.4byte	0x7472612f
  3c:	3179                	jal	fffffcca <_sp+0x7feffcca>
  3e:	3030                	.2byte	0x3030
  40:	2f74                	.2byte	0x2f74
  42:	6f626473          	csrrsi	s0,0x6f6,4
  46:	6800746f          	jal	s0,76c6 <_prog_start-0x893a>
  4a:	6165                	addi	sp,sp,112
  4c:	2e64                	.2byte	0x2e64
  4e:	64730053          	.4byte	0x64730053
  52:	632e                	.2byte	0x632e
  54:	2f00                	.2byte	0x2f00
  56:	6f68                	.2byte	0x6f68
  58:	656d                	lui	a0,0x1b
  5a:	6e75682f          	.4byte	0x6e75682f
  5e:	6f687467          	.4byte	0x6f687467
  62:	6b69                	lui	s6,0x1a
  64:	3432                	.2byte	0x3432
  66:	5349522f          	.4byte	0x5349522f
  6a:	75545643          	.4byte	0x75545643
  6e:	6f74                	.2byte	0x6f74
  70:	6972                	.2byte	0x6972
  72:	6c61                	lui	s8,0x18
  74:	6f632e2f          	.4byte	0x6f632e2f
  78:	646e                	.2byte	0x646e
  7a:	2d61                	jal	712 <_prog_start-0xf8ee>
  7c:	6e65                	lui	t3,0x19
  7e:	2f76                	.2byte	0x2f76
  80:	6972                	.2byte	0x6972
  82:	2d766373          	csrrsi	t1,0x2d7,12
  86:	6f74                	.2byte	0x6f74
  88:	2f736c6f          	jal	s8,36b7e <dtb+0x263f6>
  8c:	6972                	.2byte	0x6972
  8e:	36766373          	csrrsi	t1,0x367,12
  92:	2d34                	.2byte	0x2d34
  94:	6e75                	lui	t3,0x1d
  96:	776f6e6b          	.4byte	0x776f6e6b
  9a:	2d6e                	.2byte	0x2d6e
  9c:	6c65                	lui	s8,0x19
  9e:	2f66                	.2byte	0x2f66
  a0:	6e69                	lui	t3,0x1a
  a2:	64756c63          	bltu	a0,t2,6fa <_prog_start-0xf906>
  a6:	2f65                	jal	85e <_prog_start-0xf7a2>
  a8:	616d                	addi	sp,sp,240
  aa:	6e696863          	bltu	s2,t1,79a <_prog_start-0xf866>
  ae:	0065                	c.nop	25
  b0:	6d6f682f          	.4byte	0x6d6f682f
  b4:	2f65                	jal	86c <_prog_start-0xf794>
  b6:	7568                	.2byte	0x7568
  b8:	676e                	.2byte	0x676e
  ba:	6874                	.2byte	0x6874
  bc:	326b696f          	jal	s2,b63e2 <dtb+0xa5c5a>
  c0:	2f34                	.2byte	0x2f34
  c2:	4952                	lw	s2,20(sp)
  c4:	54564353          	.4byte	0x54564353
  c8:	7475                	lui	s0,0xffffd
  ca:	6169726f          	jal	tp,976e0 <dtb+0x86f58>
  ce:	2f6c                	.2byte	0x2f6c
  d0:	632e                	.2byte	0x632e
  d2:	61646e6f          	jal	t3,466e8 <dtb+0x35f60>
  d6:	652d                	lui	a0,0xb
  d8:	766e                	.2byte	0x766e
  da:	7369722f          	.4byte	0x7369722f
  de:	742d7663          	bgeu	s10,sp,82a <_prog_start-0xf7d6>
  e2:	736c6f6f          	jal	t5,c6818 <dtb+0xb6090>
  e6:	7369722f          	.4byte	0x7369722f
  ea:	34367663          	bgeu	a2,gp,436 <_prog_start-0xfbca>
  ee:	752d                	lui	a0,0xfffeb
  f0:	6b6e                	.2byte	0x6b6e
  f2:	6f6e                	.2byte	0x6f6e
  f4:	652d6e77          	.4byte	0x652d6e77
  f8:	666c                	.2byte	0x666c
  fa:	636e692f          	.4byte	0x636e692f
  fe:	756c                	.2byte	0x756c
 100:	6564                	.2byte	0x6564
 102:	7379732f          	.4byte	0x7379732f
 106:	5f00                	lw	s0,56(a4)
 108:	6564                	.2byte	0x6564
 10a:	6166                	.2byte	0x6166
 10c:	6c75                	lui	s8,0x1d
 10e:	5f74                	lw	a3,124(a4)
 110:	7974                	.2byte	0x7974
 112:	6570                	.2byte	0x6570
 114:	00682e73          	csrrs	t3,0x6,a6
 118:	735f 6474 6e69      	.byte	0x5f, 0x73, 0x74, 0x64, 0x69, 0x6e
 11e:	2e74                	.2byte	0x2e74
 120:	0068                	addi	a0,sp,12
 122:	6972706b          	.4byte	0x6972706b
 126:	746e                	.2byte	0x746e
 128:	2e66                	.2byte	0x2e66
 12a:	0068                	addi	a0,sp,12
 12c:	6972706b          	.4byte	0x6972706b
 130:	746e                	.2byte	0x746e
 132:	2e66                	.2byte	0x2e66
 134:	682f0063          	beq	t5,sp,7b4 <_prog_start-0xf84c>
 138:	2f656d6f          	jal	s10,5642e <dtb+0x45ca6>
 13c:	7568                	.2byte	0x7568
 13e:	676e                	.2byte	0x676e
 140:	6874                	.2byte	0x6874
 142:	326b696f          	jal	s2,b6468 <dtb+0xa5ce0>
 146:	2f34                	.2byte	0x2f34
 148:	4952                	lw	s2,20(sp)
 14a:	54564353          	.4byte	0x54564353
 14e:	7475                	lui	s0,0xffffd
 150:	6169726f          	jal	tp,97766 <dtb+0x86fde>
 154:	2f6c                	.2byte	0x2f6c
 156:	632e                	.2byte	0x632e
 158:	61646e6f          	jal	t3,4676e <dtb+0x35fe6>
 15c:	652d                	lui	a0,0xb
 15e:	766e                	.2byte	0x766e
 160:	7369722f          	.4byte	0x7369722f
 164:	742d7663          	bgeu	s10,sp,8b0 <_prog_start-0xf750>
 168:	736c6f6f          	jal	t5,c689e <dtb+0xb6116>
 16c:	62696c2f          	.4byte	0x62696c2f
 170:	6363672f          	.4byte	0x6363672f
 174:	7369722f          	.4byte	0x7369722f
 178:	34367663          	bgeu	a2,gp,4c4 <_prog_start-0xfb3c>
 17c:	752d                	lui	a0,0xfffeb
 17e:	6b6e                	.2byte	0x6b6e
 180:	6f6e                	.2byte	0x6f6e
 182:	652d6e77          	.4byte	0x652d6e77
 186:	666c                	.2byte	0x666c
 188:	2e32312f          	.4byte	0x2e32312f
 18c:	2e32                	.2byte	0x2e32
 18e:	2f30                	.2byte	0x2f30
 190:	6e69                	lui	t3,0x1a
 192:	64756c63          	bltu	a0,t2,7ea <_prog_start-0xf816>
 196:	0065                	c.nop	25
 198:	61647473          	csrrci	s0,0x616,8
 19c:	6772                	.2byte	0x6772
 19e:	682e                	.2byte	0x682e
	...

Disassembly of section .debug_info:

00000000 <.debug_info>:
       0:	0021                	c.nop	8
       2:	0000                	unimp
       4:	0005                	c.nop	1
       6:	0401                	addi	s0,s0,0 # ffffd000 <_sp+0x7fefd000>
       8:	0000                	unimp
       a:	0000                	unimp
       c:	0001                	nop
       e:	0000                	unimp
      10:	0000                	unimp
      12:	0100                	addi	s0,sp,128
      14:	9000                	.2byte	0x9000
      16:	0001                	nop
      18:	0000                	unimp
      1a:	0700                	addi	s0,sp,896
      1c:	0000                	unimp
      1e:	5000                	lw	s0,32(s0)
      20:	0000                	unimp
      22:	0100                	addi	s0,sp,128
      24:	9f80                	.2byte	0x9f80
      26:	000d                	c.nop	3
      28:	0500                	addi	s0,sp,640
      2a:	0100                	addi	s0,sp,128
      2c:	1404                	addi	s1,sp,544
      2e:	0000                	unimp
      30:	1900                	addi	s0,sp,176
      32:	010d                	addi	sp,sp,3
      34:	0000                	unimp
      36:	501d                	c.li	zero,-25
      38:	0000                	unimp
      3a:	0000                	unimp
      3c:	0000                	unimp
      3e:	f400                	.2byte	0xf400
      40:	0001                	nop
      42:	0000                	unimp
      44:	0000                	unimp
      46:	7000                	.2byte	0x7000
      48:	0000                	unimp
      4a:	0b00                	addi	s0,sp,400
      4c:	0601                	addi	a2,a2,0
      4e:	00b2                	slli	ra,ra,0xc
      50:	0000                	unimp
      52:	640d                	lui	s0,0x3
      54:	0000                	unimp
      56:	0200                	addi	s0,sp,256
      58:	0039182b          	.4byte	0x39182b
      5c:	0000                	unimp
      5e:	b008010b          	.4byte	0xb008010b
      62:	0000                	unimp
      64:	0b00                	addi	s0,sp,400
      66:	0502                	c.slli64	a0
      68:	000001bb          	.4byte	0x1bb
      6c:	e20d                	bnez	a2,8e <_prog_start-0xff72>
      6e:	0000                	unimp
      70:	0200                	addi	s0,sp,256
      72:	1939                	addi	s2,s2,-18
      74:	00000053          	.4byte	0x53
      78:	c707020b          	.4byte	0xc707020b
      7c:	0000                	unimp
      7e:	0d00                	addi	s0,sp,656
      80:	0076                	c.slli	zero,0x1d
      82:	0000                	unimp
      84:	4d02                	lw	s10,0(sp)
      86:	6618                	.2byte	0x6618
      88:	0000                	unimp
      8a:	0b00                	addi	s0,sp,400
      8c:	0504                	addi	s1,sp,640
      8e:	01b2                	slli	gp,gp,0xc
      90:	0000                	unimp
      92:	f20d                	bnez	a2,ffffffb4 <_sp+0x7fefffb4>
      94:	0000                	unimp
      96:	0200                	addi	s0,sp,256
      98:	0079194f          	.4byte	0x79194f
      9c:	0000                	unimp
      9e:	8807040b          	.4byte	0x8807040b
      a2:	0001                	nop
      a4:	0b00                	addi	s0,sp,400
      a6:	0508                	addi	a0,sp,640
      a8:	01ad                	addi	gp,gp,11
      aa:	0000                	unimp
      ac:	8307080b          	.4byte	0x8307080b
      b0:	0001                	nop
      b2:	1a00                	addi	s0,sp,304
      b4:	0504                	addi	s1,sp,640
      b6:	6e69                	lui	t3,0x1a
      b8:	0074                	addi	a3,sp,12
      ba:	8d07040b          	.4byte	0x8d07040b
      be:	0001                	nop
      c0:	0d00                	addi	s0,sp,656
      c2:	0066                	c.slli	zero,0x19
      c4:	0000                	unimp
      c6:	2d131803          	lh	a6,721(t1) # ffff92d1 <_sp+0x7fef92d1>
      ca:	0000                	unimp
      cc:	1300                	addi	s0,sp,416
      ce:	009c                	addi	a5,sp,64
      d0:	0000                	unimp
      d2:	e40d                	bnez	s0,fc <_prog_start-0xff04>
      d4:	0000                	unimp
      d6:	0300                	addi	s0,sp,384
      d8:	1424                	addi	s1,sp,552
      da:	00000047          	.4byte	0x47
      de:	780d                	lui	a6,0xfffe3
      e0:	0000                	unimp
      e2:	0300                	addi	s0,sp,384
      e4:	132c                	addi	a1,sp,424
      e6:	005a                	c.slli	zero,0x16
      e8:	0000                	unimp
      ea:	f40d                	bnez	s0,14 <_prog_start-0xffec>
      ec:	0000                	unimp
      ee:	0300                	addi	s0,sp,384
      f0:	1430                	addi	a2,sp,552
      f2:	006d                	c.nop	27
      f4:	0000                	unimp
      f6:	0000c513          	xori	a0,ra,0
      fa:	1b00                	addi	s0,sp,432
      fc:	01d0                	addi	a2,sp,196
      fe:	0000                	unimp
     100:	1304                	addi	s1,sp,416
     102:	eb22                	.2byte	0xeb22
     104:	0000                	unimp
     106:	0000                	unimp
     108:	0000                	unimp
     10a:	0f64                	addi	s1,sp,924
     10c:	00d1                	addi	ra,ra,20
     10e:	0000                	unimp
     110:	e610                	.2byte	0xe610
     112:	0000                	unimp
     114:	1c00                	addi	s0,sp,560
     116:	00697073          	csrci	0x6,18
     11a:	1701                	addi	a4,a4,-32
     11c:	eb22                	.2byte	0xeb22
     11e:	0000                	unimp
     120:	0000                	unimp
     122:	0010                	.2byte	0x10
     124:	1d64                	addi	s1,sp,700
     126:	011c                	addi	a5,sp,128
     128:	0000                	unimp
     12a:	0110                	addi	a2,sp,128
     12c:	0000                	unimp
     12e:	951e                	add	a0,a0,t2
     130:	0000                	unimp
     132:	0300                	addi	s0,sp,384
     134:	1000                	addi	s0,sp,32
     136:	0100                	addi	s0,sp,128
     138:	0000                	unimp
     13a:	b908010b          	.4byte	0xb908010b
     13e:	0000                	unimp
     140:	1000                	addi	s0,sp,32
     142:	0115                	addi	sp,sp,5
     144:	0000                	unimp
     146:	5c1f 0000 0100      	.byte	0x1f, 0x5c, 0x00, 0x00, 0x00, 0x01
     14c:	13a0                	addi	s0,sp,488
     14e:	0110                	addi	a2,sp,128
     150:	0000                	unimp
     152:	2d04                	.2byte	0x2d04
     154:	145c7c2f          	.4byte	0x145c7c2f
     158:	0091                	addi	ra,ra,4
     15a:	0000                	unimp
     15c:	00014327          	.4byte	0x14327
     160:	1500                	addi	s0,sp,672
     162:	00000143          	.4byte	0x143
     166:	0020                	addi	s0,sp,8
     168:	00011c0f          	.4byte	0x11c0f
     16c:	1400                	addi	s0,sp,544
     16e:	0000022f          	.4byte	0x22f
     172:	5826                	lw	a6,104(sp)
     174:	0001                	nop
     176:	1500                	addi	s0,sp,672
     178:	00000143          	.4byte	0x143
     17c:	2100                	.2byte	0x2100
     17e:	00fd                	addi	ra,ra,31
     180:	0000                	unimp
     182:	d701                	beqz	a4,8a <_prog_start-0xff76>
     184:	8e05                	sub	a2,a2,s1
     186:	0000                	unimp
     188:	3e00                	.2byte	0x3e00
     18a:	0101                	addi	sp,sp,0
     18c:	8600                	.2byte	0x8600
     18e:	01000003          	lb	zero,16(zero) # 10 <_prog_start-0xfff0>
     192:	289c                	.2byte	0x289c
     194:	000a                	c.slli	zero,0x2
     196:	0700                	addi	s0,sp,896
     198:	0b49                	addi	s6,s6,18 # 1a012 <dtb+0x988a>
     19a:	0000                	unimp
     19c:	015a                	slli	sp,sp,0x16
     19e:	0001                	nop
     1a0:	004e                	c.slli	zero,0x13
     1a2:	0000                	unimp
     1a4:	02dd                	addi	t0,t0,23
     1a6:	01cd                	addi	gp,gp,19
     1a8:	0000                	unimp
     1aa:	4e08                	lw	a0,24(a2)
     1ac:	0000                	unimp
     1ae:	0100                	addi	s0,sp,128
     1b0:	0b56                	slli	s6,s6,0x15
     1b2:	0000                	unimp
     1b4:	000c                	.2byte	0xc
     1b6:	0000                	unimp
     1b8:	470a                	lw	a4,128(sp)
     1ba:	000d                	c.nop	3
     1bc:	6200                	.2byte	0x6200
     1be:	0101                	addi	sp,sp,0
     1c0:	6100                	.2byte	0x6100
     1c2:	0000                	unimp
     1c4:	5100                	lw	s0,32(a0)
     1c6:	0d540a03          	lb	s4,213(s0) # 30d5 <_prog_start-0xcf2b>
     1ca:	0000                	unimp
     1cc:	0162                	slli	sp,sp,0x18
     1ce:	0001                	nop
     1d0:	0061                	c.nop	24
     1d2:	0000                	unimp
     1d4:	0926                	slli	s2,s2,0x9
     1d6:	000d6403          	.4byte	0xd6403
     1da:	1900                	addi	s0,sp,176
     1dc:	0000                	unimp
     1de:	0800                	addi	s0,sp,16
     1e0:	0061                	c.nop	24
     1e2:	0000                	unimp
     1e4:	6e01                	.2byte	0x6e01
     1e6:	000d                	c.nop	3
     1e8:	2700                	.2byte	0x2700
	...
     1f2:	000b2d07          	.4byte	0xb2d07
     1f6:	7e00                	.2byte	0x7e00
     1f8:	0101                	addi	sp,sp,0
     1fa:	8600                	.2byte	0x8600
     1fc:	0000                	unimp
     1fe:	de00                	sw	s0,56(a2)
     200:	6806                	.2byte	0x6806
     202:	0002                	c.slli64	zero
     204:	0800                	addi	s0,sp,16
     206:	0086                	slli	ra,ra,0x1
     208:	0000                	unimp
     20a:	3d01                	jal	1a <_prog_start-0xffe6>
     20c:	3300000b          	.4byte	0x3300000b
     210:	0000                	unimp
     212:	0400                	addi	s0,sp,512
     214:	0b61                	addi	s6,s6,24
     216:	0000                	unimp
     218:	0198                	addi	a4,sp,192
     21a:	0001                	nop
     21c:	0014                	.2byte	0x14
     21e:	0000                	unimp
     220:	0234025b          	.4byte	0x234025b
     224:	0000                	unimp
     226:	4705                	li	a4,1
     228:	000d                	c.nop	3
     22a:	9800                	.2byte	0x9800
     22c:	0101                	addi	sp,sp,0
     22e:	1000                	addi	s0,sp,32
     230:	0000                	unimp
     232:	4600                	lw	s0,8(a2)
     234:	0502                	c.slli64	a0
     236:	0d54                	addi	a3,sp,660
     238:	0000                	unimp
     23a:	0198                	addi	a4,sp,192
     23c:	0001                	nop
     23e:	0010                	.2byte	0x10
     240:	0000                	unimp
     242:	0926                	slli	s2,s2,0x9
     244:	000d6403          	.4byte	0xd6403
     248:	4900                	lw	s0,16(a0)
     24a:	0000                	unimp
     24c:	0100                	addi	s0,sp,128
     24e:	0d6e                	slli	s10,s10,0x1b
     250:	0000                	unimp
     252:	00000057          	.4byte	0x57
     256:	0000                	unimp
     258:	0900                	addi	s0,sp,144
     25a:	018c                	addi	a1,sp,192
     25c:	0001                	nop
     25e:	0148                	addi	a0,sp,132
     260:	0000                	unimp
     262:	0000024b          	.4byte	0x24b
     266:	0102                	c.slli64	sp
     268:	055a                	slli	a0,a0,0x16
     26a:	01066803          	.4byte	0x1066803
     26e:	0000                	unimp
     270:	980c                	.2byte	0x980c
     272:	0101                	addi	sp,sp,0
     274:	6900                	.2byte	0x6900
     276:	0200000b          	.4byte	0x200000b
     27a:	5a01                	li	s4,-32
     27c:	0802                	c.slli64	a6
     27e:	0240                	addi	s0,sp,260
     280:	5b01                	li	s6,-32
     282:	3001                	jal	fffffa82 <_sp+0x7feffa82>
     284:	0102                	c.slli64	sp
     286:	025c                	addi	a5,sp,260
     288:	9509                	srai	a0,a0,0x22
     28a:	0000                	unimp
     28c:	0400                	addi	s0,sp,512
     28e:	0b11                	addi	s6,s6,4
     290:	0000                	unimp
     292:	01b2                	slli	gp,gp,0xc
     294:	0001                	nop
     296:	008c                	addi	a1,sp,64
     298:	0000                	unimp
     29a:	06df 03e3 0000      	.byte	0xdf, 0x06, 0xe3, 0x03, 0x00, 0x00
     2a0:	2101                	jal	6a0 <_prog_start-0xf960>
     2a2:	6300000b          	.4byte	0x6300000b
     2a6:	0000                	unimp
     2a8:	0700                	addi	s0,sp,896
     2aa:	00000d47          	.4byte	0xd47
     2ae:	01ce                	slli	gp,gp,0x13
     2b0:	0001                	nop
     2b2:	0099                	addi	ra,ra,6
     2b4:	0000                	unimp
     2b6:	0264                	addi	s1,sp,268
     2b8:	02c0                	addi	s0,sp,324
     2ba:	0000                	unimp
     2bc:	540a                	lw	s0,160(sp)
     2be:	000d                	c.nop	3
     2c0:	ce00                	sw	s0,24(a2)
     2c2:	0101                	addi	sp,sp,0
     2c4:	9900                	.2byte	0x9900
     2c6:	0000                	unimp
     2c8:	2600                	.2byte	0x2600
     2ca:	0309                	addi	t1,t1,2
     2cc:	0d64                	addi	s1,sp,668
     2ce:	0000                	unimp
     2d0:	00000097          	auipc	ra,0x0
     2d4:	9908                	.2byte	0x9908
     2d6:	0000                	unimp
     2d8:	0100                	addi	s0,sp,128
     2da:	0d6e                	slli	s10,s10,0x1b
     2dc:	0000                	unimp
     2de:	00a5                	addi	ra,ra,9 # 2d9 <_prog_start-0xfd27>
     2e0:	0000                	unimp
     2e2:	0000                	unimp
     2e4:	0400                	addi	s0,sp,512
     2e6:	00000d47          	.4byte	0xd47
     2ea:	01e2                	slli	gp,gp,0x18
     2ec:	0001                	nop
     2ee:	0010                	.2byte	0x10
     2f0:	0000                	unimp
     2f2:	0265                	addi	tp,tp,25 # 19 <_prog_start-0xffe7>
     2f4:	02f6                	slli	t0,t0,0x1d
     2f6:	0000                	unimp
     2f8:	5405                	li	s0,-31
     2fa:	000d                	c.nop	3
     2fc:	e200                	.2byte	0xe200
     2fe:	0101                	addi	sp,sp,0
     300:	1000                	addi	s0,sp,32
     302:	0000                	unimp
     304:	2600                	.2byte	0x2600
     306:	0309                	addi	t1,t1,2
     308:	0d64                	addi	s1,sp,668
     30a:	0000                	unimp
     30c:	00b1                	addi	ra,ra,12
     30e:	0000                	unimp
     310:	6e01                	.2byte	0x6e01
     312:	000d                	c.nop	3
     314:	bf00                	.2byte	0xbf00
     316:	0000                	unimp
     318:	0000                	unimp
     31a:	0400                	addi	s0,sp,512
     31c:	00000d47          	.4byte	0xd47
     320:	01f2                	slli	gp,gp,0x1c
     322:	0001                	nop
     324:	0010                	.2byte	0x10
     326:	0000                	unimp
     328:	0a66                	slli	s4,s4,0x19
     32a:	032c                	addi	a1,sp,392
     32c:	0000                	unimp
     32e:	5405                	li	s0,-31
     330:	000d                	c.nop	3
     332:	f200                	.2byte	0xf200
     334:	0101                	addi	sp,sp,0
     336:	1000                	addi	s0,sp,32
     338:	0000                	unimp
     33a:	2600                	.2byte	0x2600
     33c:	0309                	addi	t1,t1,2
     33e:	0d64                	addi	s1,sp,668
     340:	0000                	unimp
     342:	000000cb          	.4byte	0xcb
     346:	6e01                	.2byte	0x6e01
     348:	000d                	c.nop	3
     34a:	d900                	sw	s0,48(a0)
     34c:	0000                	unimp
     34e:	0000                	unimp
     350:	0700                	addi	s0,sp,896
     352:	00000d47          	.4byte	0xd47
     356:	0204                	addi	s1,sp,256
     358:	0001                	nop
     35a:	00ac                	addi	a1,sp,72
     35c:	0000                	unimp
     35e:	03680967          	jalr	s2,54(a6) # fffe3036 <_sp+0x7fee3036>
     362:	0000                	unimp
     364:	540a                	lw	s0,160(sp)
     366:	000d                	c.nop	3
     368:	0400                	addi	s0,sp,512
     36a:	0102                	c.slli64	sp
     36c:	ac00                	.2byte	0xac00
     36e:	0000                	unimp
     370:	2600                	.2byte	0x2600
     372:	0309                	addi	t1,t1,2
     374:	0d64                	addi	s1,sp,668
     376:	0000                	unimp
     378:	00e5                	addi	ra,ra,25
     37a:	0000                	unimp
     37c:	ac08                	.2byte	0xac08
     37e:	0000                	unimp
     380:	0100                	addi	s0,sp,128
     382:	0d6e                	slli	s10,s10,0x1b
     384:	0000                	unimp
     386:	000000f3          	.4byte	0xf3
     38a:	0000                	unimp
     38c:	0400                	addi	s0,sp,512
     38e:	0b61                	addi	s6,s6,24
     390:	0000                	unimp
     392:	022a                	slli	tp,tp,0xa
     394:	0001                	nop
     396:	0014                	.2byte	0x14
     398:	0000                	unimp
     39a:	0268                	addi	a0,sp,268
     39c:	03ae                	slli	t2,t2,0xb
     39e:	0000                	unimp
     3a0:	4705                	li	a4,1
     3a2:	000d                	c.nop	3
     3a4:	2a00                	.2byte	0x2a00
     3a6:	0102                	c.slli64	sp
     3a8:	1000                	addi	s0,sp,32
     3aa:	0000                	unimp
     3ac:	4600                	lw	s0,8(a2)
     3ae:	0502                	c.slli64	a0
     3b0:	0d54                	addi	a3,sp,660
     3b2:	0000                	unimp
     3b4:	022a                	slli	tp,tp,0xa
     3b6:	0001                	nop
     3b8:	0010                	.2byte	0x10
     3ba:	0000                	unimp
     3bc:	0926                	slli	s2,s2,0x9
     3be:	000d6403          	.4byte	0xd6403
     3c2:	ff00                	.2byte	0xff00
     3c4:	0000                	unimp
     3c6:	0100                	addi	s0,sp,128
     3c8:	0d6e                	slli	s10,s10,0x1b
     3ca:	0000                	unimp
     3cc:	010d                	addi	sp,sp,3
     3ce:	0000                	unimp
     3d0:	0000                	unimp
     3d2:	0900                	addi	s0,sp,144
     3d4:	01bc                	addi	a5,sp,200
     3d6:	0001                	nop
     3d8:	0148                	addi	a0,sp,132
     3da:	0000                	unimp
     3dc:	03c5                	addi	t2,t2,17
     3de:	0000                	unimp
     3e0:	0102                	c.slli64	sp
     3e2:	055a                	slli	a0,a0,0x16
     3e4:	01067003          	.4byte	0x1067003
     3e8:	0000                	unimp
     3ea:	ca0c                	sw	a1,16(a2)
     3ec:	0101                	addi	sp,sp,0
     3ee:	6900                	.2byte	0x6900
     3f0:	0200000b          	.4byte	0x200000b
     3f4:	5a01                	li	s4,-32
     3f6:	0802                	c.slli64	a6
     3f8:	0248                	addi	a0,sp,260
     3fa:	5b01                	li	s6,-32
     3fc:	01aa0a03          	lb	s4,26(s4)
     400:	0102                	c.slli64	sp
     402:	025c                	addi	a5,sp,260
     404:	8709                	srai	a4,a4,0x2
     406:	0000                	unimp
     408:	ee04                	.2byte	0xee04
     40a:	000a                	c.slli	zero,0x2
     40c:	5a00                	lw	s0,48(a2)
     40e:	0102                	c.slli64	sp
     410:	4000                	lw	s0,0(s0)
     412:	0000                	unimp
     414:	e000                	.2byte	0xe000
     416:	af06                	.2byte	0xaf06
     418:	0004                	.2byte	0x4
     41a:	0100                	addi	s0,sp,128
     41c:	0afe                	slli	s5,s5,0x1f
     41e:	0000                	unimp
     420:	0119                	addi	sp,sp,6
     422:	0000                	unimp
     424:	000b0907          	.4byte	0xb0907
     428:	6400                	.2byte	0x6400
     42a:	0102                	c.slli64	sp
     42c:	c800                	sw	s0,16(s0)
     42e:	0000                	unimp
     430:	7700                	.2byte	0x7700
     432:	00047a03          	.4byte	0x47a03
     436:	0700                	addi	s0,sp,896
     438:	0b61                	addi	s6,s6,24
     43a:	0000                	unimp
     43c:	0264                	addi	s1,sp,268
     43e:	0001                	nop
     440:	000000db          	.4byte	0xdb
     444:	045e026f          	jal	tp,e0c88 <dtb+0xd0500>
     448:	0000                	unimp
     44a:	470a                	lw	a4,128(sp)
     44c:	000d                	c.nop	3
     44e:	6400                	.2byte	0x6400
     450:	0102                	c.slli64	sp
     452:	ee00                	.2byte	0xee00
     454:	0000                	unimp
     456:	4600                	lw	s0,8(a2)
     458:	0a02                	c.slli64	s4
     45a:	0d54                	addi	a3,sp,660
     45c:	0000                	unimp
     45e:	0264                	addi	s1,sp,268
     460:	0001                	nop
     462:	00ee                	slli	ra,ra,0x1b
     464:	0000                	unimp
     466:	0926                	slli	s2,s2,0x9
     468:	000d6403          	.4byte	0xd6403
     46c:	2500                	.2byte	0x2500
     46e:	0001                	nop
     470:	0800                	addi	s0,sp,16
     472:	00ee                	slli	ra,ra,0x1b
     474:	0000                	unimp
     476:	6e01                	.2byte	0x6e01
     478:	000d                	c.nop	3
     47a:	3300                	.2byte	0x3300
     47c:	0001                	nop
     47e:	0000                	unimp
     480:	0000                	unimp
     482:	0c00                	addi	s0,sp,528
     484:	027a                	slli	tp,tp,0x1e
     486:	0001                	nop
     488:	0b69                	addi	s6,s6,26
     48a:	0000                	unimp
     48c:	0102                	c.slli64	sp
     48e:	025a                	slli	tp,tp,0x16
     490:	7708                	.2byte	0x7708
     492:	0102                	c.slli64	sp
     494:	0230015b          	.4byte	0x230015b
     498:	5c01                	li	s8,-32
     49a:	0802                	c.slli64	a6
     49c:	0065                	c.nop	25
     49e:	0900                	addi	s0,sp,144
     4a0:	0264                	addi	s1,sp,268
     4a2:	0001                	nop
     4a4:	0148                	addi	a0,sp,132
     4a6:	0000                	unimp
     4a8:	0491                	addi	s1,s1,4
     4aa:	0000                	unimp
     4ac:	0102                	c.slli64	sp
     4ae:	055a                	slli	a0,a0,0x16
     4b0:	01067803          	.4byte	0x1067803
     4b4:	0000                	unimp
     4b6:	960c                	.2byte	0x960c
     4b8:	0102                	c.slli64	sp
     4ba:	6900                	.2byte	0x6900
     4bc:	0200000b          	.4byte	0x200000b
     4c0:	5a01                	li	s4,-32
     4c2:	0802                	c.slli64	a6
     4c4:	0269                	addi	tp,tp,26 # 1a <_prog_start-0xffe6>
     4c6:	5b01                	li	s6,-32
     4c8:	244a4003          	lbu	zero,580(s4)
     4cc:	0102                	c.slli64	sp
     4ce:	025c                	addi	a5,sp,260
     4d0:	7708                	.2byte	0x7708
     4d2:	0000                	unimp
     4d4:	d204                	sw	s1,32(a2)
     4d6:	000a                	c.slli	zero,0x2
     4d8:	9c00                	.2byte	0x9c00
     4da:	0102                	c.slli64	sp
     4dc:	7800                	.2byte	0x7800
     4de:	0000                	unimp
     4e0:	e100                	.2byte	0xe100
     4e2:	2206                	.2byte	0x2206
     4e4:	0006                	c.slli	zero,0x1
     4e6:	0100                	addi	s0,sp,128
     4e8:	0ae2                	slli	s5,s5,0x18
     4ea:	0000                	unimp
     4ec:	0000013f 000d4707 	.8byte	0xd47070000013f
     4f4:	b200                	.2byte	0xb200
     4f6:	0102                	c.slli64	sp
     4f8:	0100                	addi	s0,sp,128
     4fa:	0001                	nop
     4fc:	8200                	.2byte	0x8200
     4fe:	070a                	slli	a4,a4,0x2
     500:	0005                	c.nop	1
     502:	0a00                	addi	s0,sp,272
     504:	0d54                	addi	a3,sp,660
     506:	0000                	unimp
     508:	02b2                	slli	t0,t0,0xc
     50a:	0001                	nop
     50c:	0101                	addi	sp,sp,0
     50e:	0000                	unimp
     510:	0926                	slli	s2,s2,0x9
     512:	000d6403          	.4byte	0xd6403
     516:	5000                	lw	s0,32(s0)
     518:	0001                	nop
     51a:	0800                	addi	s0,sp,16
     51c:	0101                	addi	sp,sp,0
     51e:	0000                	unimp
     520:	6e01                	.2byte	0x6e01
     522:	000d                	c.nop	3
     524:	5e00                	lw	s0,56(a2)
     526:	0001                	nop
     528:	0000                	unimp
     52a:	0000                	unimp
     52c:	4704                	lw	s1,8(a4)
     52e:	000d                	c.nop	3
     530:	d000                	sw	s0,32(s0)
     532:	0102                	c.slli64	sp
     534:	1000                	addi	s0,sp,32
     536:	0000                	unimp
     538:	8300                	.2byte	0x8300
     53a:	3d02                	.2byte	0x3d02
     53c:	0005                	c.nop	1
     53e:	0500                	addi	s0,sp,640
     540:	0d54                	addi	a3,sp,660
     542:	0000                	unimp
     544:	02d0                	addi	a2,sp,324
     546:	0001                	nop
     548:	0010                	.2byte	0x10
     54a:	0000                	unimp
     54c:	0926                	slli	s2,s2,0x9
     54e:	000d6403          	.4byte	0xd6403
     552:	6a00                	.2byte	0x6a00
     554:	0001                	nop
     556:	0100                	addi	s0,sp,128
     558:	0d6e                	slli	s10,s10,0x1b
     55a:	0000                	unimp
     55c:	0178                	addi	a4,sp,140
     55e:	0000                	unimp
     560:	0000                	unimp
     562:	4704                	lw	s1,8(a4)
     564:	000d                	c.nop	3
     566:	e000                	.2byte	0xe000
     568:	0102                	c.slli64	sp
     56a:	1000                	addi	s0,sp,32
     56c:	0000                	unimp
     56e:	8400                	.2byte	0x8400
     570:	7302                	.2byte	0x7302
     572:	0005                	c.nop	1
     574:	0500                	addi	s0,sp,640
     576:	0d54                	addi	a3,sp,660
     578:	0000                	unimp
     57a:	02e0                	addi	s0,sp,332
     57c:	0001                	nop
     57e:	0010                	.2byte	0x10
     580:	0000                	unimp
     582:	0926                	slli	s2,s2,0x9
     584:	000d6403          	.4byte	0xd6403
     588:	8400                	.2byte	0x8400
     58a:	0001                	nop
     58c:	0100                	addi	s0,sp,128
     58e:	0d6e                	slli	s10,s10,0x1b
     590:	0000                	unimp
     592:	0192                	slli	gp,gp,0x4
     594:	0000                	unimp
     596:	0000                	unimp
     598:	4704                	lw	s1,8(a4)
     59a:	000d                	c.nop	3
     59c:	f000                	.2byte	0xf000
     59e:	0102                	c.slli64	sp
     5a0:	1000                	addi	s0,sp,32
     5a2:	0000                	unimp
     5a4:	8500                	.2byte	0x8500
     5a6:	a902                	.2byte	0xa902
     5a8:	0005                	c.nop	1
     5aa:	0500                	addi	s0,sp,640
     5ac:	0d54                	addi	a3,sp,660
     5ae:	0000                	unimp
     5b0:	02f0                	addi	a2,sp,332
     5b2:	0001                	nop
     5b4:	0010                	.2byte	0x10
     5b6:	0000                	unimp
     5b8:	0926                	slli	s2,s2,0x9
     5ba:	000d6403          	.4byte	0xd6403
     5be:	9e00                	.2byte	0x9e00
     5c0:	0001                	nop
     5c2:	0100                	addi	s0,sp,128
     5c4:	0d6e                	slli	s10,s10,0x1b
     5c6:	0000                	unimp
     5c8:	01ac                	addi	a1,sp,200
     5ca:	0000                	unimp
     5cc:	0000                	unimp
     5ce:	6104                	.2byte	0x6104
     5d0:	0000000b          	.4byte	0xb
     5d4:	14000103          	lb	sp,320(zero) # 140 <_prog_start-0xfec0>
     5d8:	0000                	unimp
     5da:	8600                	.2byte	0x8600
     5dc:	ef02                	.2byte	0xef02
     5de:	0005                	c.nop	1
     5e0:	0500                	addi	s0,sp,640
     5e2:	00000d47          	.4byte	0xd47
     5e6:	0300                	addi	s0,sp,384
     5e8:	0001                	nop
     5ea:	0010                	.2byte	0x10
     5ec:	0000                	unimp
     5ee:	0246                	slli	tp,tp,0x11
     5f0:	5405                	li	s0,-31
     5f2:	000d                	c.nop	3
     5f4:	0000                	unimp
     5f6:	10000103          	lb	sp,256(zero) # 100 <_prog_start-0xff00>
     5fa:	0000                	unimp
     5fc:	2600                	.2byte	0x2600
     5fe:	0309                	addi	t1,t1,2
     600:	0d64                	addi	s1,sp,668
     602:	0000                	unimp
     604:	01b8                	addi	a4,sp,200
     606:	0000                	unimp
     608:	6e01                	.2byte	0x6e01
     60a:	000d                	c.nop	3
     60c:	c600                	sw	s0,8(a2)
     60e:	0001                	nop
     610:	0000                	unimp
     612:	0000                	unimp
     614:	a609                	j	916 <_prog_start-0xf6ea>
     616:	0102                	c.slli64	sp
     618:	4800                	lw	s0,16(s0)
     61a:	0001                	nop
     61c:	0600                	addi	s0,sp,768
     61e:	0006                	c.slli	zero,0x1
     620:	0200                	addi	s0,sp,256
     622:	5a01                	li	s4,-32
     624:	0305                	addi	t1,t1,1
     626:	0680                	addi	s0,sp,832
     628:	0001                	nop
     62a:	0c00                	addi	s0,sp,528
     62c:	02b2                	slli	t0,t0,0xc
     62e:	0001                	nop
     630:	0b69                	addi	s6,s6,26
     632:	0000                	unimp
     634:	0102                	c.slli64	sp
     636:	025a                	slli	tp,tp,0x16
     638:	7a08                	.2byte	0x7a08
     63a:	0102                	c.slli64	sp
     63c:	0230015b          	.4byte	0x230015b
     640:	5c01                	li	s8,-32
     642:	0902                	c.slli64	s2
     644:	00fd                	addi	ra,ra,31
     646:	0400                	addi	s0,sp,512
     648:	0ab6                	slli	s5,s5,0xd
     64a:	0000                	unimp
     64c:	0316                	slli	t1,t1,0x5
     64e:	0001                	nop
     650:	002c                	addi	a1,sp,8
     652:	0000                	unimp
     654:	06e2                	slli	a3,a3,0x18
     656:	06be                	slli	a3,a3,0xf
     658:	0000                	unimp
     65a:	c601                	beqz	a2,662 <_prog_start-0xf99e>
     65c:	000a                	c.slli	zero,0x2
     65e:	d200                	sw	s0,32(a2)
     660:	0001                	nop
     662:	0700                	addi	s0,sp,896
     664:	0b61                	addi	s6,s6,24
     666:	0000                	unimp
     668:	032c                	addi	a1,sp,392
     66a:	0001                	nop
     66c:	0114                	addi	a3,sp,128
     66e:	0000                	unimp
     670:	068a028f          	.4byte	0x68a028f
     674:	0000                	unimp
     676:	470a                	lw	a4,128(sp)
     678:	000d                	c.nop	3
     67a:	2c00                	.2byte	0x2c00
     67c:	27000103          	lb	sp,624(zero) # 270 <_prog_start-0xfd90>
     680:	0001                	nop
     682:	4600                	lw	s0,8(a2)
     684:	0a02                	c.slli64	s4
     686:	0d54                	addi	a3,sp,660
     688:	0000                	unimp
     68a:	032c                	addi	a1,sp,392
     68c:	0001                	nop
     68e:	00000127          	.4byte	0x127
     692:	0926                	slli	s2,s2,0x9
     694:	000d6403          	.4byte	0xd6403
     698:	e700                	.2byte	0xe700
     69a:	0001                	nop
     69c:	0800                	addi	s0,sp,16
     69e:	00000127          	.4byte	0x127
     6a2:	6e01                	.2byte	0x6e01
     6a4:	000d                	c.nop	3
     6a6:	f500                	.2byte	0xf500
     6a8:	0001                	nop
     6aa:	0000                	unimp
     6ac:	0000                	unimp
     6ae:	0900                	addi	s0,sp,144
     6b0:	0320                	addi	s0,sp,392
     6b2:	0001                	nop
     6b4:	0148                	addi	a0,sp,132
     6b6:	0000                	unimp
     6b8:	06a1                	addi	a3,a3,8
     6ba:	0000                	unimp
     6bc:	0102                	c.slli64	sp
     6be:	055a                	slli	a0,a0,0x16
     6c0:	01068803          	lb	a6,16(a3)
     6c4:	0000                	unimp
     6c6:	2c0c                	.2byte	0x2c0c
     6c8:	69000103          	lb	sp,1680(zero) # 690 <_prog_start-0xf970>
     6cc:	0200000b          	.4byte	0x200000b
     6d0:	5a01                	li	s4,-32
     6d2:	0802                	c.slli64	a6
     6d4:	0250                	addi	a2,sp,260
     6d6:	5b01                	li	s6,-32
     6d8:	02000a03          	lb	s4,32(zero) # 20 <_prog_start-0xffe0>
     6dc:	0102                	c.slli64	sp
     6de:	015c                	addi	a5,sp,132
     6e0:	0045                	c.nop	17
     6e2:	0700                	addi	s0,sp,896
     6e4:	0a28                	addi	a0,sp,280
     6e6:	0000                	unimp
     6e8:	0346                	slli	t1,t1,0x11
     6ea:	0001                	nop
     6ec:	013a                	slli	sp,sp,0xe
     6ee:	0000                	unimp
     6f0:	09b806e3          	beq	a6,s11,f7c <_prog_start-0xf084>
     6f4:	0000                	unimp
     6f6:	3a08                	.2byte	0x3a08
     6f8:	0001                	nop
     6fa:	0100                	addi	s0,sp,128
     6fc:	0a38                	addi	a4,sp,280
     6fe:	0000                	unimp
     700:	0201                	addi	tp,tp,0 # 0 <_prog_start-0x10000>
     702:	0000                	unimp
     704:	4201                	li	tp,0
     706:	000a                	c.slli	zero,0x2
     708:	4c00                	lw	s0,24(s0)
     70a:	0002                	c.slli64	zero
     70c:	0100                	addi	s0,sp,128
     70e:	0a4c                	addi	a1,sp,276
     710:	0000                	unimp
     712:	0265                	addi	tp,tp,25 # 19 <_prog_start-0xffe7>
     714:	0000                	unimp
     716:	5716                	lw	a4,100(sp)
     718:	000a                	c.slli	zero,0x2
     71a:	4d00                	lw	s0,24(a0)
     71c:	0001                	nop
     71e:	4600                	lw	s0,8(a2)
     720:	0008                	.2byte	0x8
     722:	0100                	addi	s0,sp,128
     724:	0a58                	addi	a4,sp,276
     726:	0000                	unimp
     728:	02a1                	addi	t0,t0,8
     72a:	0000                	unimp
     72c:	6401                	.2byte	0x6401
     72e:	000a                	c.slli	zero,0x2
     730:	cf00                	sw	s0,24(a4)
     732:	0002                	c.slli64	zero
     734:	0100                	addi	s0,sp,128
     736:	0a70                	addi	a2,sp,284
     738:	0000                	unimp
     73a:	02ee                	slli	t0,t0,0x1b
     73c:	0000                	unimp
     73e:	7a16                	.2byte	0x7a16
     740:	000a                	c.slli	zero,0x2
     742:	6900                	.2byte	0x6900
     744:	0001                	nop
     746:	8a00                	.2byte	0x8a00
     748:	01000007          	.4byte	0x1000007
     74c:	00000a7b          	.4byte	0xa7b
     750:	02fd                	addi	t0,t0,31
     752:	0000                	unimp
     754:	000a8d07          	.4byte	0xa8d07
     758:	8200                	.2byte	0x8200
     75a:	97000103          	lb	sp,-1680(zero) # fffff970 <_sp+0x7feff970>
     75e:	0001                	nop
     760:	be00                	.2byte	0xbe00
     762:	510a                	lw	sp,160(sp)
     764:	03000007          	.4byte	0x3000007
     768:	0aa9                	addi	s5,s5,10
     76a:	0000                	unimp
     76c:	0309                	addi	t1,t1,2
     76e:	0000                	unimp
     770:	9d22                	add	s10,s10,s0
     772:	000a                	c.slli	zero,0x2
     774:	0000                	unimp
     776:	470a                	lw	a4,128(sp)
     778:	000d                	c.nop	3
     77a:	ba00                	.2byte	0xba00
     77c:	bc000103          	lb	sp,-1088(zero) # fffffbc0 <_sp+0x7feffbc0>
     780:	0001                	nop
     782:	bc00                	.2byte	0xbc00
     784:	0a10                	addi	a2,sp,272
     786:	0d54                	addi	a3,sp,660
     788:	0000                	unimp
     78a:	03ba                	slli	t2,t2,0xe
     78c:	0001                	nop
     78e:	01bc                	addi	a5,sp,200
     790:	0000                	unimp
     792:	0926                	slli	s2,s2,0x9
     794:	000d6403          	.4byte	0xd6403
     798:	1500                	addi	s0,sp,672
     79a:	08000003          	lb	zero,128(zero) # 80 <_prog_start-0xff80>
     79e:	01bc                	addi	a5,sp,200
     7a0:	0000                	unimp
     7a2:	6e01                	.2byte	0x6e01
     7a4:	000d                	c.nop	3
     7a6:	2300                	.2byte	0x2300
     7a8:	00000003          	lb	zero,0(zero) # 0 <_prog_start-0x10000>
     7ac:	0000                	unimp
     7ae:	0700                	addi	s0,sp,896
     7b0:	00000d47          	.4byte	0xd47
     7b4:	0384                	addi	s1,sp,448
     7b6:	0001                	nop
     7b8:	000001cf          	.4byte	0x1cf
     7bc:	0aba                	slli	s5,s5,0xe
     7be:	07c6                	slli	a5,a5,0x11
     7c0:	0000                	unimp
     7c2:	540a                	lw	s0,160(sp)
     7c4:	000d                	c.nop	3
     7c6:	8400                	.2byte	0x8400
     7c8:	cf000103          	lb	sp,-784(zero) # fffffcf0 <_sp+0x7feffcf0>
     7cc:	0001                	nop
     7ce:	2600                	.2byte	0x2600
     7d0:	0309                	addi	t1,t1,2
     7d2:	0d64                	addi	s1,sp,668
     7d4:	0000                	unimp
     7d6:	0000032f          	.4byte	0x32f
     7da:	cf08                	sw	a0,24(a4)
     7dc:	0001                	nop
     7de:	0100                	addi	s0,sp,128
     7e0:	0d6e                	slli	s10,s10,0x1b
     7e2:	0000                	unimp
     7e4:	033d                	addi	t1,t1,15
     7e6:	0000                	unimp
     7e8:	0000                	unimp
     7ea:	0400                	addi	s0,sp,512
     7ec:	00000d47          	.4byte	0xd47
     7f0:	040a                	slli	s0,s0,0x2
     7f2:	0001                	nop
     7f4:	000a                	c.slli	zero,0x2
     7f6:	0000                	unimp
     7f8:	18c1                	addi	a7,a7,-16
     7fa:	07fc                	addi	a5,sp,972
     7fc:	0000                	unimp
     7fe:	5405                	li	s0,-31
     800:	000d                	c.nop	3
     802:	0a00                	addi	s0,sp,272
     804:	0104                	addi	s1,sp,128
     806:	0a00                	addi	s0,sp,272
     808:	0000                	unimp
     80a:	2600                	.2byte	0x2600
     80c:	0309                	addi	t1,t1,2
     80e:	0d64                	addi	s1,sp,668
     810:	0000                	unimp
     812:	0349                	addi	t1,t1,18
     814:	0000                	unimp
     816:	6e01                	.2byte	0x6e01
     818:	000d                	c.nop	3
     81a:	5700                	lw	s0,40(a4)
     81c:	00000003          	lb	zero,0(zero) # 0 <_prog_start-0x10000>
     820:	0400                	addi	s0,sp,512
     822:	00000d47          	.4byte	0xd47
     826:	041e                	slli	s0,s0,0x7
     828:	0001                	nop
     82a:	000a                	c.slli	zero,0x2
     82c:	0000                	unimp
     82e:	0ec2                	slli	t4,t4,0x10
     830:	0832                	slli	a6,a6,0xc
     832:	0000                	unimp
     834:	5405                	li	s0,-31
     836:	000d                	c.nop	3
     838:	1e00                	addi	s0,sp,816
     83a:	0104                	addi	s1,sp,128
     83c:	0a00                	addi	s0,sp,272
     83e:	0000                	unimp
     840:	2600                	.2byte	0x2600
     842:	0309                	addi	t1,t1,2
     844:	0d64                	addi	s1,sp,668
     846:	0000                	unimp
     848:	00000363          	beqz	zero,84e <_prog_start-0xf7b2>
     84c:	6e01                	.2byte	0x6e01
     84e:	000d                	c.nop	3
     850:	7100                	.2byte	0x7100
     852:	00000003          	lb	zero,0(zero) # 0 <_prog_start-0x10000>
     856:	0c00                	addi	s0,sp,528
     858:	04aa                	slli	s1,s1,0xa
     85a:	0001                	nop
     85c:	0148                	addi	a0,sp,132
     85e:	0000                	unimp
     860:	0102                	c.slli64	sp
     862:	055a                	slli	a0,a0,0x16
     864:	0106bc03          	.4byte	0x106bc03
     868:	0000                	unimp
     86a:	0400                	addi	s0,sp,512
     86c:	0b61                	addi	s6,s6,24
     86e:	0000                	unimp
     870:	0438                	addi	a4,sp,520
     872:	0001                	nop
     874:	0018                	.2byte	0x18
     876:	0000                	unimp
     878:	088c02cf          	.4byte	0x88c02cf
     87c:	0000                	unimp
     87e:	4705                	li	a4,1
     880:	000d                	c.nop	3
     882:	3800                	.2byte	0x3800
     884:	0104                	addi	s1,sp,128
     886:	1400                	addi	s0,sp,544
     888:	0000                	unimp
     88a:	4600                	lw	s0,8(a2)
     88c:	0502                	c.slli64	a0
     88e:	0d54                	addi	a3,sp,660
     890:	0000                	unimp
     892:	0438                	addi	a4,sp,520
     894:	0001                	nop
     896:	0014                	.2byte	0x14
     898:	0000                	unimp
     89a:	0926                	slli	s2,s2,0x9
     89c:	000d6403          	.4byte	0xd6403
     8a0:	7d00                	.2byte	0x7d00
     8a2:	01000003          	lb	zero,16(zero) # 10 <_prog_start-0xfff0>
     8a6:	0d6e                	slli	s10,s10,0x1b
     8a8:	0000                	unimp
     8aa:	0000038b          	.4byte	0x38b
     8ae:	0000                	unimp
     8b0:	0400                	addi	s0,sp,512
     8b2:	0b61                	addi	s6,s6,24
     8b4:	0000                	unimp
     8b6:	045a                	slli	s0,s0,0x16
     8b8:	0001                	nop
     8ba:	0014                	.2byte	0x14
     8bc:	0000                	unimp
     8be:	02d2                	slli	t0,t0,0x14
     8c0:	08d2                	slli	a7,a7,0x14
     8c2:	0000                	unimp
     8c4:	4705                	li	a4,1
     8c6:	000d                	c.nop	3
     8c8:	5a00                	lw	s0,48(a2)
     8ca:	0104                	addi	s1,sp,128
     8cc:	1000                	addi	s0,sp,32
     8ce:	0000                	unimp
     8d0:	4600                	lw	s0,8(a2)
     8d2:	0502                	c.slli64	a0
     8d4:	0d54                	addi	a3,sp,660
     8d6:	0000                	unimp
     8d8:	045a                	slli	s0,s0,0x16
     8da:	0001                	nop
     8dc:	0010                	.2byte	0x10
     8de:	0000                	unimp
     8e0:	0926                	slli	s2,s2,0x9
     8e2:	000d6403          	.4byte	0xd6403
     8e6:	9700                	.2byte	0x9700
     8e8:	01000003          	lb	zero,16(zero) # 10 <_prog_start-0xfff0>
     8ec:	0d6e                	slli	s10,s10,0x1b
     8ee:	0000                	unimp
     8f0:	03a5                	addi	t2,t2,9
     8f2:	0000                	unimp
     8f4:	0000                	unimp
     8f6:	0400                	addi	s0,sp,512
     8f8:	0b61                	addi	s6,s6,24
     8fa:	0000                	unimp
     8fc:	04ae                	slli	s1,s1,0xb
     8fe:	0001                	nop
     900:	0014                	.2byte	0x14
     902:	0000                	unimp
     904:	03b1                	addi	t2,t2,12
     906:	0918                	addi	a4,sp,144
     908:	0000                	unimp
     90a:	4705                	li	a4,1
     90c:	000d                	c.nop	3
     90e:	ae00                	.2byte	0xae00
     910:	0104                	addi	s1,sp,128
     912:	1000                	addi	s0,sp,32
     914:	0000                	unimp
     916:	4600                	lw	s0,8(a2)
     918:	0502                	c.slli64	a0
     91a:	0d54                	addi	a3,sp,660
     91c:	0000                	unimp
     91e:	04ae                	slli	s1,s1,0xb
     920:	0001                	nop
     922:	0010                	.2byte	0x10
     924:	0000                	unimp
     926:	0926                	slli	s2,s2,0x9
     928:	000d6403          	.4byte	0xd6403
     92c:	b100                	.2byte	0xb100
     92e:	01000003          	lb	zero,16(zero) # 10 <_prog_start-0xfff0>
     932:	0d6e                	slli	s10,s10,0x1b
     934:	0000                	unimp
     936:	000003bf 09000000 	.8byte	0x9000000000003bf
     93e:	0350                	addi	a2,sp,388
     940:	0001                	nop
     942:	0148                	addi	a0,sp,132
     944:	0000                	unimp
     946:	0000092f          	.4byte	0x92f
     94a:	0102                	c.slli64	sp
     94c:	055a                	slli	a0,a0,0x16
     94e:	01069003          	lh	zero,16(a3)
     952:	0000                	unimp
     954:	5c09                	li	s8,-30
     956:	32000103          	lb	sp,800(zero) # 320 <_prog_start-0xfce0>
     95a:	0001                	nop
     95c:	4d00                	lw	s0,24(a0)
     95e:	0009                	c.nop	2
     960:	0200                	addi	s0,sp,256
     962:	5a01                	li	s4,-32
     964:	0305                	addi	t1,t1,1
     966:	0698                	addi	a4,sp,832
     968:	0001                	nop
     96a:	0102                	c.slli64	sp
     96c:	000a035b          	.4byte	0xa035b
     970:	0010                	.2byte	0x10
     972:	6609                	lui	a2,0x2
     974:	32000103          	lb	sp,800(zero) # 320 <_prog_start-0xfce0>
     978:	0001                	nop
     97a:	6400                	.2byte	0x6400
     97c:	0009                	c.nop	2
     97e:	0200                	addi	s0,sp,256
     980:	5a01                	li	s4,-32
     982:	0305                	addi	t1,t1,1
     984:	06b0                	addi	a2,sp,840
     986:	0001                	nop
     988:	0900                	addi	s0,sp,144
     98a:	037a                	slli	t1,t1,0x1e
     98c:	0001                	nop
     98e:	0b69                	addi	s6,s6,26
     990:	0000                	unimp
     992:	0985                	addi	s3,s3,1
     994:	0000                	unimp
     996:	0102                	c.slli64	sp
     998:	025a                	slli	tp,tp,0x16
     99a:	5208                	lw	a0,32(a2)
     99c:	0102                	c.slli64	sp
     99e:	000a035b          	.4byte	0xa035b
     9a2:	0208                	addi	a0,sp,256
     9a4:	5c01                	li	s8,-32
     9a6:	0902                	c.slli64	s2
     9a8:	00e1                	addi	ra,ra,24
     9aa:	5a09                	li	s4,-30
     9ac:	0104                	addi	s1,sp,128
     9ae:	6900                	.2byte	0x6900
     9b0:	a300000b          	.4byte	0xa300000b
     9b4:	0009                	c.nop	2
     9b6:	0200                	addi	s0,sp,256
     9b8:	5a01                	li	s4,-32
     9ba:	0802                	c.slli64	a6
     9bc:	024c                	addi	a1,sp,260
     9be:	5b01                	li	s6,-32
     9c0:	3001                	jal	1c0 <_prog_start-0xfe40>
     9c2:	0102                	c.slli64	sp
     9c4:	015c                	addi	a5,sp,132
     9c6:	0031                	c.nop	12
     9c8:	780c                	.2byte	0x780c
     9ca:	0104                	addi	s1,sp,128
     9cc:	4800                	lw	s0,16(s0)
     9ce:	0001                	nop
     9d0:	0200                	addi	s0,sp,256
     9d2:	5a01                	li	s4,-32
     9d4:	0305                	addi	t1,t1,1
     9d6:	06d0                	addi	a2,sp,836
     9d8:	0001                	nop
     9da:	0000                	unimp
     9dc:	0900                	addi	s0,sp,144
     9de:	015a                	slli	sp,sp,0x16
     9e0:	0001                	nop
     9e2:	0148                	addi	a0,sp,132
     9e4:	0000                	unimp
     9e6:	000009cf          	.4byte	0x9cf
     9ea:	0102                	c.slli64	sp
     9ec:	055a                	slli	a0,a0,0x16
     9ee:	01066003          	.4byte	0x1066003
     9f2:	0000                	unimp
     9f4:	4a09                	li	s4,2
     9f6:	0102                	c.slli64	sp
     9f8:	4800                	lw	s0,16(s0)
     9fa:	0001                	nop
     9fc:	e600                	.2byte	0xe600
     9fe:	0009                	c.nop	2
     a00:	0200                	addi	s0,sp,256
     a02:	5a01                	li	s4,-32
     a04:	0305                	addi	t1,t1,1
     a06:	06d4                	addi	a3,sp,836
     a08:	0001                	nop
     a0a:	0900                	addi	s0,sp,144
     a0c:	0486                	slli	s1,s1,0x1
     a0e:	0001                	nop
     a10:	0148                	addi	a0,sp,132
     a12:	0000                	unimp
     a14:	09fd                	addi	s3,s3,31
     a16:	0000                	unimp
     a18:	0102                	c.slli64	sp
     a1a:	055a                	slli	a0,a0,0x16
     a1c:	0106dc03          	lhu	s8,16(a3)
     a20:	0000                	unimp
     a22:	9009                	srli	s0,s0,0x22
     a24:	0104                	addi	s1,sp,128
     a26:	4800                	lw	s0,16(s0)
     a28:	0001                	nop
     a2a:	1400                	addi	s0,sp,544
     a2c:	000a                	c.slli	zero,0x2
     a2e:	0200                	addi	s0,sp,256
     a30:	5a01                	li	s4,-32
     a32:	0305                	addi	t1,t1,1
     a34:	06e4                	addi	s1,sp,844
     a36:	0001                	nop
     a38:	0c00                	addi	s0,sp,528
     a3a:	049a                	slli	s1,s1,0x6
     a3c:	0001                	nop
     a3e:	0148                	addi	a0,sp,132
     a40:	0000                	unimp
     a42:	0102                	c.slli64	sp
     a44:	055a                	slli	a0,a0,0x16
     a46:	01071003          	lh	zero,16(a4)
     a4a:	0000                	unimp
     a4c:	0e00                	addi	s0,sp,784
     a4e:	01ee                	slli	gp,gp,0x1b
     a50:	0000                	unimp
     a52:	0ca2                	slli	s9,s9,0x8
     a54:	008e                	slli	ra,ra,0x3
     a56:	0000                	unimp
     a58:	8801                	andi	s0,s0,0
     a5a:	000a                	c.slli	zero,0x2
     a5c:	0600                	addi	s0,sp,768
     a5e:	0070                	addi	a2,sp,12
     a60:	a401                	j	c60 <_prog_start-0xf3a0>
     a62:	8814                	.2byte	0x8814
     a64:	000a                	c.slli	zero,0x2
     a66:	0600                	addi	s0,sp,768
     a68:	0069                	c.nop	26
     a6a:	a501                	j	106a <_prog_start-0xef96>
     a6c:	00006607          	.4byte	0x6607
     a70:	0600                	addi	s0,sp,768
     a72:	6372                	.2byte	0x6372
     a74:	0100                	addi	s0,sp,128
     a76:	06a6                	slli	a3,a3,0x9
     a78:	008e                	slli	ra,ra,0x3
     a7a:	0000                	unimp
     a7c:	72630617          	auipc	a2,0x72630
     a80:	b5010063          	beq	sp,a6,fffffdc0 <_sp+0x7feffdc0>
     a84:	ad0c                	.2byte	0xad0c
     a86:	0000                	unimp
     a88:	2300                	.2byte	0x2300
     a8a:	00da                	slli	ra,ra,0x16
     a8c:	0000                	unimp
     a8e:	b501                	j	88e <_prog_start-0xf772>
     a90:	ad11                	j	10a4 <_prog_start-0xef5c>
     a92:	0000                	unimp
     a94:	0600                	addi	s0,sp,768
     a96:	006e                	c.slli	zero,0x1b
     a98:	b601                	j	598 <_prog_start-0xfa68>
     a9a:	6608                	.2byte	0x6608
     a9c:	0000                	unimp
     a9e:	1700                	addi	s0,sp,928
     aa0:	7806                	.2byte	0x7806
     aa2:	0100                	addi	s0,sp,128
     aa4:	0cbc                	addi	a5,sp,600
     aa6:	009c                	addi	a5,sp,64
     aa8:	0000                	unimp
     aaa:	0000                	unimp
     aac:	0f00                	addi	s0,sp,912
     aae:	00a8                	addi	a0,sp,72
     ab0:	0000                	unimp
     ab2:	9a0e                	add	s4,s4,gp
     ab4:	0001                	nop
     ab6:	9300                	.2byte	0x9300
     ab8:	ad11                	j	10cc <_prog_start-0xef34>
     aba:	0000                	unimp
     abc:	0100                	addi	s0,sp,128
     abe:	0ab6                	slli	s5,s5,0xd
     ac0:	0000                	unimp
     ac2:	6311                	lui	t1,0x4
     ac4:	6372                	.2byte	0x6372
     ac6:	0100                	addi	s0,sp,128
     ac8:	00ad2693          	slti	a3,s10,10
     acc:	0000                	unimp
     ace:	a224                	.2byte	0xa224
     ad0:	0000                	unimp
     ad2:	0100                	addi	s0,sp,128
     ad4:	009c3393          	sltiu	t2,s8,9
     ad8:	0000                	unimp
     ada:	0e00                	addi	s0,sp,784
     adc:	000001db          	.4byte	0x1db
     ae0:	0c8a                	slli	s9,s9,0x2
     ae2:	008e                	slli	ra,ra,0x3
     ae4:	0000                	unimp
     ae6:	d201                	beqz	a2,9e6 <_prog_start-0xf61a>
     ae8:	000a                	c.slli	zero,0x2
     aea:	0600                	addi	s0,sp,768
     aec:	6372                	.2byte	0x6372
     aee:	0100                	addi	s0,sp,128
     af0:	068c                	addi	a1,sp,832
     af2:	008e                	slli	ra,ra,0x3
     af4:	0000                	unimp
     af6:	0e00                	addi	s0,sp,784
     af8:	00be                	slli	ra,ra,0xf
     afa:	0000                	unimp
     afc:	0c7d                	addi	s8,s8,31 # 1d01f <dtb+0xc897>
     afe:	008e                	slli	ra,ra,0x3
     b00:	0000                	unimp
     b02:	ee01                	bnez	a2,b1a <_prog_start-0xf4e6>
     b04:	000a                	c.slli	zero,0x2
     b06:	0600                	addi	s0,sp,768
     b08:	6372                	.2byte	0x6372
     b0a:	0100                	addi	s0,sp,128
     b0c:	067f                	.2byte	0x67f
     b0e:	008e                	slli	ra,ra,0x3
     b10:	0000                	unimp
     b12:	0e00                	addi	s0,sp,784
     b14:	01e4                	addi	s1,sp,204
     b16:	0000                	unimp
     b18:	0c72                	slli	s8,s8,0x1c
     b1a:	008e                	slli	ra,ra,0x3
     b1c:	0000                	unimp
     b1e:	0901                	addi	s2,s2,0
     b20:	0600000b          	.4byte	0x600000b
     b24:	0072                	c.slli	zero,0x1c
     b26:	7401                	lui	s0,0xfffe0
     b28:	9c0a                	add	s8,s8,sp
     b2a:	0000                	unimp
     b2c:	0000                	unimp
     b2e:	a718                	.2byte	0xa718
     b30:	0000                	unimp
     b32:	6c00                	.2byte	0x6c00
     b34:	010d                	addi	sp,sp,3
     b36:	800e                	c.mv	zero,gp
     b38:	0000                	unimp
     b3a:	5f00                	lw	s0,56(a4)
     b3c:	8e0c                	.2byte	0x8e0c
     b3e:	0000                	unimp
     b40:	0100                	addi	s0,sp,128
     b42:	0b2d                	addi	s6,s6,11
     b44:	0000                	unimp
     b46:	7206                	.2byte	0x7206
     b48:	61010063          	beq	sp,a6,1148 <_prog_start-0xeeb8>
     b4c:	8e06                	mv	t3,ra
     b4e:	0000                	unimp
     b50:	0000                	unimp
     b52:	6e0e                	.2byte	0x6e0e
     b54:	0000                	unimp
     b56:	5600                	lw	s0,40(a2)
     b58:	8e0c                	.2byte	0x8e0c
     b5a:	0000                	unimp
     b5c:	0100                	addi	s0,sp,128
     b5e:	0b49                	addi	s6,s6,18
     b60:	0000                	unimp
     b62:	7206                	.2byte	0x7206
     b64:	58010063          	beqz	sp,10e4 <_prog_start-0xef1c>
     b68:	8e06                	mv	t3,ra
     b6a:	0000                	unimp
     b6c:	0000                	unimp
     b6e:	0225                	addi	tp,tp,9 # 9 <_prog_start-0xfff7>
     b70:	0001                	nop
     b72:	0100                	addi	s0,sp,128
     b74:	61010d4b          	.4byte	0x61010d4b
     b78:	0600000b          	.4byte	0x600000b
     b7c:	0069                	c.nop	26
     b7e:	4d01                	li	s10,0
     b80:	00006607          	.4byte	0x6607
     b84:	0000                	unimp
     b86:	c518                	sw	a4,8(a0)
     b88:	0001                	nop
     b8a:	4400                	lw	s0,8(s0)
     b8c:	0314                	addi	a3,sp,384
     b8e:	a626                	.2byte	0xa626
     b90:	0001                	nop
     b92:	0100                	addi	s0,sp,128
     b94:	1029                	c.nop	-22
     b96:	009c                	addi	a5,sp,64
     b98:	0000                	unimp
     b9a:	008a                	slli	ra,ra,0x2
     b9c:	0001                	nop
     b9e:	00b4                	addi	a3,sp,72
     ba0:	0000                	unimp
     ba2:	9c01                	.2byte	0x9c01
     ba4:	00000d47          	.4byte	0xd47
     ba8:	6312                	.2byte	0x6312
     baa:	646d                	lui	s0,0x1b
     bac:	1f00                	addi	s0,sp,944
     bae:	009c                	addi	a5,sp,64
     bb0:	0000                	unimp
     bb2:	000003cb          	.4byte	0x3cb
     bb6:	6112                	.2byte	0x6112
     bb8:	6772                	.2byte	0x6772
     bba:	2d00                	.2byte	0x2d00
     bbc:	00c5                	addi	ra,ra,17
     bbe:	0000                	unimp
     bc0:	03e5                	addi	t2,t2,25
     bc2:	0000                	unimp
     bc4:	6312                	.2byte	0x6312
     bc6:	6372                	.2byte	0x6372
     bc8:	3a00                	.2byte	0x3a00
     bca:	009c                	addi	a5,sp,64
     bcc:	0000                	unimp
     bce:	03ff                	.2byte	0x3ff
     bd0:	0000                	unimp
     bd2:	6e06                	.2byte	0x6e06
     bd4:	0100                	addi	s0,sp,128
     bd6:	0079102b          	.4byte	0x79102b
     bda:	0000                	unimp
     bdc:	01007227          	.4byte	0x1007227
     be0:	0a2c                	addi	a1,sp,280
     be2:	009c                	addi	a5,sp,64
     be4:	0000                	unimp
     be6:	0419                	addi	s0,s0,6 # 1b006 <dtb+0xa87e>
     be8:	0000                	unimp
     bea:	ed28                	.2byte	0xed28
     bec:	0000                	unimp
     bee:	0100                	addi	s0,sp,128
     bf0:	0140                	addi	s0,sp,132
     bf2:	0132                	slli	sp,sp,0xc
     bf4:	0001                	nop
     bf6:	4704                	lw	s1,8(a4)
     bf8:	000d                	c.nop	3
     bfa:	9800                	.2byte	0x9800
     bfc:	0100                	addi	s0,sp,128
     bfe:	1000                	addi	s0,sp,32
     c00:	0000                	unimp
     c02:	2f00                	.2byte	0x2f00
     c04:	0702                	c.slli64	a4
     c06:	000c                	.2byte	0xc
     c08:	0500                	addi	s0,sp,640
     c0a:	0d54                	addi	a3,sp,660
     c0c:	0000                	unimp
     c0e:	0098                	addi	a4,sp,64
     c10:	0001                	nop
     c12:	0010                	.2byte	0x10
     c14:	0000                	unimp
     c16:	0926                	slli	s2,s2,0x9
     c18:	000d6403          	.4byte	0xd6403
     c1c:	3000                	.2byte	0x3000
     c1e:	0004                	.2byte	0x4
     c20:	0100                	addi	s0,sp,128
     c22:	0d6e                	slli	s10,s10,0x1b
     c24:	0000                	unimp
     c26:	043e                	slli	s0,s0,0xf
     c28:	0000                	unimp
     c2a:	0000                	unimp
     c2c:	5404                	lw	s1,40(s0)
     c2e:	000d                	c.nop	3
     c30:	a800                	.2byte	0xa800
     c32:	0100                	addi	s0,sp,128
     c34:	0c00                	addi	s0,sp,528
     c36:	0000                	unimp
     c38:	3000                	.2byte	0x3000
     c3a:	2d02                	.2byte	0x2d02
     c3c:	000c                	.2byte	0xc
     c3e:	0300                	addi	s0,sp,384
     c40:	0d64                	addi	s1,sp,668
     c42:	0000                	unimp
     c44:	044a                	slli	s0,s0,0x12
     c46:	0000                	unimp
     c48:	6e01                	.2byte	0x6e01
     c4a:	000d                	c.nop	3
     c4c:	5600                	lw	s0,40(a2)
     c4e:	0004                	.2byte	0x4
     c50:	0000                	unimp
     c52:	5404                	lw	s1,40(s0)
     c54:	000d                	c.nop	3
     c56:	b800                	.2byte	0xb800
     c58:	0100                	addi	s0,sp,128
     c5a:	0c00                	addi	s0,sp,528
     c5c:	0000                	unimp
     c5e:	3100                	.2byte	0x3100
     c60:	5302                	lw	t1,32(sp)
     c62:	000c                	.2byte	0xc
     c64:	0300                	addi	s0,sp,384
     c66:	0d64                	addi	s1,sp,668
     c68:	0000                	unimp
     c6a:	0462                	slli	s0,s0,0x18
     c6c:	0000                	unimp
     c6e:	6e01                	.2byte	0x6e01
     c70:	000d                	c.nop	3
     c72:	7d00                	.2byte	0x7d00
     c74:	0004                	.2byte	0x4
     c76:	0000                	unimp
     c78:	5404                	lw	s1,40(s0)
     c7a:	000d                	c.nop	3
     c7c:	c400                	sw	s0,8(s0)
     c7e:	0100                	addi	s0,sp,128
     c80:	0e00                	addi	s0,sp,784
     c82:	0000                	unimp
     c84:	3200                	.2byte	0x3200
     c86:	7902                	.2byte	0x7902
     c88:	000c                	.2byte	0xc
     c8a:	0300                	addi	s0,sp,384
     c8c:	0d64                	addi	s1,sp,668
     c8e:	0000                	unimp
     c90:	0489                	addi	s1,s1,2
     c92:	0000                	unimp
     c94:	6e01                	.2byte	0x6e01
     c96:	000d                	c.nop	3
     c98:	9900                	.2byte	0x9900
     c9a:	0004                	.2byte	0x4
     c9c:	0000                	unimp
     c9e:	000d5407          	.4byte	0xd5407
     ca2:	d200                	sw	s0,32(a2)
     ca4:	0100                	addi	s0,sp,128
     ca6:	0c00                	addi	s0,sp,528
     ca8:	0000                	unimp
     caa:	3300                	.2byte	0x3300
     cac:	a502                	.2byte	0xa502
     cae:	000c                	.2byte	0xc
     cb0:	0300                	addi	s0,sp,384
     cb2:	0d64                	addi	s1,sp,668
     cb4:	0000                	unimp
     cb6:	04a5                	addi	s1,s1,9
     cb8:	0000                	unimp
     cba:	0c08                	addi	a0,sp,528
     cbc:	0000                	unimp
     cbe:	0100                	addi	s0,sp,128
     cc0:	0d6e                	slli	s10,s10,0x1b
     cc2:	0000                	unimp
     cc4:	04b5                	addi	s1,s1,13
     cc6:	0000                	unimp
     cc8:	0000                	unimp
     cca:	5404                	lw	s1,40(s0)
     ccc:	000d                	c.nop	3
     cce:	e600                	.2byte	0xe600
     cd0:	0100                	addi	s0,sp,128
     cd2:	1000                	addi	s0,sp,32
     cd4:	0000                	unimp
     cd6:	3400                	.2byte	0x3400
     cd8:	cb02                	sw	zero,148(sp)
     cda:	000c                	.2byte	0xc
     cdc:	0300                	addi	s0,sp,384
     cde:	0d64                	addi	s1,sp,668
     ce0:	0000                	unimp
     ce2:	04c1                	addi	s1,s1,16
     ce4:	0000                	unimp
     ce6:	6e01                	.2byte	0x6e01
     ce8:	000d                	c.nop	3
     cea:	cd00                	sw	s0,24(a0)
     cec:	0004                	.2byte	0x4
     cee:	0000                	unimp
     cf0:	000d5407          	.4byte	0xd5407
     cf4:	f600                	.2byte	0xf600
     cf6:	0100                	addi	s0,sp,128
     cf8:	1f00                	addi	s0,sp,944
     cfa:	0000                	unimp
     cfc:	3500                	.2byte	0x3500
     cfe:	f702                	.2byte	0xf702
     d00:	000c                	.2byte	0xc
     d02:	0300                	addi	s0,sp,384
     d04:	0d64                	addi	s1,sp,668
     d06:	0000                	unimp
     d08:	04d9                	addi	s1,s1,22
     d0a:	0000                	unimp
     d0c:	1f08                	addi	a0,sp,944
     d0e:	0000                	unimp
     d10:	0100                	addi	s0,sp,128
     d12:	0d6e                	slli	s10,s10,0x1b
     d14:	0000                	unimp
     d16:	04e5                	addi	s1,s1,25
     d18:	0000                	unimp
     d1a:	0000                	unimp
     d1c:	000d4707          	.4byte	0xd4707
     d20:	0200                	addi	s0,sp,256
     d22:	0101                	addi	sp,sp,0
     d24:	3200                	.2byte	0x3200
     d26:	0000                	unimp
     d28:	3900                	.2byte	0x3900
     d2a:	000d3307          	.4byte	0xd3307
     d2e:	0a00                	addi	s0,sp,272
     d30:	0d54                	addi	a3,sp,660
     d32:	0000                	unimp
     d34:	0102                	c.slli64	sp
     d36:	0001                	nop
     d38:	0032                	c.slli	zero,0xc
     d3a:	0000                	unimp
     d3c:	0926                	slli	s2,s2,0x9
     d3e:	000d6403          	.4byte	0xd6403
     d42:	f100                	.2byte	0xf100
     d44:	0004                	.2byte	0x4
     d46:	0800                	addi	s0,sp,16
     d48:	0032                	c.slli	zero,0xc
     d4a:	0000                	unimp
     d4c:	6e01                	.2byte	0x6e01
     d4e:	000d                	c.nop	3
     d50:	ff00                	.2byte	0xff00
     d52:	0004                	.2byte	0x4
     d54:	0000                	unimp
     d56:	0000                	unimp
     d58:	320c                	.2byte	0x320c
     d5a:	0101                	addi	sp,sp,0
     d5c:	4800                	lw	s0,16(s0)
     d5e:	0001                	nop
     d60:	0200                	addi	s0,sp,256
     d62:	5a01                	li	s4,-32
     d64:	0305                	addi	t1,t1,1 # 4001 <_prog_start-0xbfff>
     d66:	0650                	addi	a2,sp,772
     d68:	0001                	nop
     d6a:	0000                	unimp
     d6c:	8829                	andi	s0,s0,10
     d6e:	0000                	unimp
     d70:	0100                	addi	s0,sp,128
     d72:	1724                	addi	s1,sp,936
     d74:	009c                	addi	a5,sp,64
     d76:	0000                	unimp
     d78:	00990e03          	lb	t3,9(s2)
     d7c:	0000                	unimp
     d7e:	1719                	addi	a4,a4,-26
     d80:	009c                	addi	a5,sp,64
     d82:	0000                	unimp
     d84:	000d7903          	.4byte	0xd7903
     d88:	1100                	addi	s0,sp,160
     d8a:	0064                	addi	s1,sp,12
     d8c:	1901                	addi	s2,s2,-32
     d8e:	9c28                	.2byte	0x9c28
     d90:	0000                	unimp
     d92:	0600                	addi	s0,sp,768
     d94:	0072                	c.slli	zero,0x1c
     d96:	1b01                	addi	s6,s6,-32
     d98:	b90a                	.2byte	0xb90a
     d9a:	0000                	unimp
     d9c:	0000                	unimp
     d9e:	d52a                	sw	a0,168(sp)
     da0:	0001                	nop
     da2:	0400                	addi	s0,sp,512
     da4:	1415                	addi	s0,s0,-27
     da6:	00631103          	lh	sp,6(t1)
     daa:	1504                	addi	s1,sp,672
     dac:	151f 0001 0600      	.byte	0x1f, 0x15, 0x01, 0x00, 0x00, 0x06
     db2:	7874                	.2byte	0x7874
     db4:	0400                	addi	s0,sp,512
     db6:	00e61517          	auipc	a0,0xe61
     dba:	0000                	unimp
     dbc:	7206                	.2byte	0x7206
     dbe:	0400                	addi	s0,sp,512
     dc0:	0a19                	addi	s4,s4,6
     dc2:	00b9                	addi	ra,ra,14
     dc4:	0000                	unimp
     dc6:	0000                	unimp
     dc8:	0361                	addi	t1,t1,24
     dca:	0000                	unimp
     dcc:	0005                	c.nop	1
     dce:	0401                	addi	s0,s0,0
     dd0:	026c                	addi	a1,sp,268
     dd2:	0000                	unimp
     dd4:	0d14                	addi	a3,sp,656
     dd6:	0001                	nop
     dd8:	1d00                	addi	s0,sp,688
     dda:	012c                	addi	a1,sp,136
     ddc:	0000                	unimp
     dde:	0000                	unimp
     de0:	0000                	unimp
     de2:	04c4                	addi	s1,sp,580
     de4:	0001                	nop
     de6:	014a                	slli	sp,sp,0x12
     de8:	0000                	unimp
     dea:	0000103f 00021503 	.8byte	0x215030000103f
     df2:	0300                	addi	s0,sp,384
     df4:	1b28                	addi	a0,sp,440
     df6:	0032                	c.slli	zero,0xc
     df8:	0000                	unimp
     dfa:	0415                	addi	s0,s0,5
     dfc:	000001fb          	.4byte	0x1fb
     e00:	00021c03          	lh	s8,0(tp) # 0 <_prog_start-0x10000>
     e04:	0300                	addi	s0,sp,384
     e06:	00261863          	bne	a2,sp,e16 <_prog_start-0xf1ea>
     e0a:	0000                	unimp
     e0c:	0101                	addi	sp,sp,0
     e0e:	b206                	.2byte	0xb206
     e10:	0000                	unimp
     e12:	0100                	addi	s0,sp,128
     e14:	0801                	addi	a6,a6,0
     e16:	00b0                	addi	a2,sp,72
     e18:	0000                	unimp
     e1a:	0201                	addi	tp,tp,0 # 0 <_prog_start-0x10000>
     e1c:	bb05                	j	b4c <_prog_start-0xf4b4>
     e1e:	0001                	nop
     e20:	0100                	addi	s0,sp,128
     e22:	0702                	c.slli64	a4
     e24:	000000c7          	.4byte	0xc7
     e28:	00007603          	.4byte	0x7603
     e2c:	0400                	addi	s0,sp,512
     e2e:	184d                	addi	a6,a6,-13
     e30:	006c                	addi	a1,sp,12
     e32:	0000                	unimp
     e34:	0401                	addi	s0,s0,0
     e36:	b205                	j	756 <_prog_start-0xf8aa>
     e38:	0001                	nop
     e3a:	0300                	addi	s0,sp,384
     e3c:	00f2                	slli	ra,ra,0x1c
     e3e:	0000                	unimp
     e40:	4f04                	lw	s1,24(a4)
     e42:	7f19                	lui	t5,0xfffe6
     e44:	0000                	unimp
     e46:	0100                	addi	s0,sp,128
     e48:	0704                	addi	s1,sp,896
     e4a:	0188                	addi	a0,sp,192
     e4c:	0000                	unimp
     e4e:	0801                	addi	a6,a6,0
     e50:	ad05                	j	1480 <_prog_start-0xeb80>
     e52:	0001                	nop
     e54:	0100                	addi	s0,sp,128
     e56:	0708                	addi	a0,sp,896
     e58:	00000183          	lb	gp,0(zero) # 0 <_prog_start-0x10000>
     e5c:	0416                	slli	s0,s0,0x5
     e5e:	6905                	lui	s2,0x1
     e60:	746e                	.2byte	0x746e
     e62:	0100                	addi	s0,sp,128
     e64:	0704                	addi	s1,sp,896
     e66:	018d                	addi	gp,gp,3
     e68:	0000                	unimp
     e6a:	00007803          	.4byte	0x7803
     e6e:	0500                	addi	s0,sp,640
     e70:	132c                	addi	a1,sp,424
     e72:	0060                	addi	s0,sp,12
     e74:	0000                	unimp
     e76:	0000f403          	.4byte	0xf403
     e7a:	0500                	addi	s0,sp,640
     e7c:	1430                	addi	a2,sp,552
     e7e:	00000073          	ecall
     e82:	0000ae17          	auipc	t3,0xa
     e86:	1800                	addi	s0,sp,48
     e88:	01d0                	addi	a2,sp,196
     e8a:	0000                	unimp
     e8c:	1302                	slli	t1,t1,0x20
     e8e:	d422                	sw	s0,40(sp)
     e90:	0000                	unimp
     e92:	0000                	unimp
     e94:	0000                	unimp
     e96:	0c64                	addi	s1,sp,540
     e98:	00ba                	slli	ra,ra,0xe
     e9a:	0000                	unimp
     e9c:	cf0d                	beqz	a4,ed6 <_prog_start-0xf12a>
     e9e:	0000                	unimp
     ea0:	0e00                	addi	s0,sp,784
     ea2:	0091                	addi	ra,ra,4
     ea4:	0000                	unimp
     ea6:	fc16                	.2byte	0xfc16
     ea8:	0104                	addi	s1,sp,128
     eaa:	1200                	addi	s0,sp,288
     eac:	0001                	nop
     eae:	0100                	addi	s0,sp,128
     eb0:	509c                	lw	a5,32(s1)
     eb2:	0002                	c.slli64	zero
     eb4:	0f00                	addi	s0,sp,912
     eb6:	6d66                	.2byte	0x6d66
     eb8:	0074                	addi	a3,sp,12
     eba:	1a16                	slli	s4,s4,0x25
     ebc:	0250                	addi	a2,sp,260
     ebe:	0000                	unimp
     ec0:	00000517          	auipc	a0,0x0
     ec4:	1a19                	addi	s4,s4,-26
     ec6:	6c76                	.2byte	0x6c76
     ec8:	0100                	addi	s0,sp,128
     eca:	0a18                	addi	a4,sp,272
     ecc:	0038                	addi	a4,sp,8
     ece:	0000                	unimp
     ed0:	9102                	jalr	sp
     ed2:	085c                	addi	a5,sp,20
     ed4:	0224                	addi	s1,sp,264
     ed6:	0000                	unimp
     ed8:	00026107          	.4byte	0x26107
     edc:	4600                	lw	s0,8(a2)
     ede:	0005                	c.nop	1
     ee0:	0800                	addi	s0,sp,16
     ee2:	020d                	addi	tp,tp,3 # 3 <_prog_start-0xfffd>
     ee4:	0000                	unimp
     ee6:	6112                	.2byte	0x6112
     ee8:	0002                	c.slli64	zero
     eea:	9600                	.2byte	0x9600
     eec:	0005                	c.nop	1
     eee:	0800                	addi	s0,sp,16
     ef0:	000001f3          	.4byte	0x1f3
     ef4:	0002611b          	.4byte	0x2611b
     ef8:	e500                	.2byte	0xe500
     efa:	0005                	c.nop	1
     efc:	0700                	addi	s0,sp,896
     efe:	071a0063          	beq	s4,a7,f5e <_prog_start-0xf0a2>
     f02:	0255                	addi	tp,tp,21 # 15 <_prog_start-0xffeb>
     f04:	0000                	unimp
     f06:	0634                	addi	a3,sp,776
     f08:	0000                	unimp
     f0a:	0002421b          	.4byte	0x2421b
     f0e:	a200                	.2byte	0xa200
     f10:	0001                	nop
     f12:	0700                	addi	s0,sp,896
     f14:	006e                	c.slli	zero,0x1b
     f16:	132a                	slli	t1,t1,0x2a
     f18:	007f                	.2byte	0x7f
     f1a:	0000                	unimp
     f1c:	0656                	slli	a2,a2,0x15
     f1e:	0000                	unimp
     f20:	2b006907          	.4byte	0x2b006907
     f24:	6c0a                	.2byte	0x6c0a
     f26:	0000                	unimp
     f28:	6d00                	.2byte	0x6d00
     f2a:	0006                	c.slli	zero,0x1
     f2c:	0600                	addi	s0,sp,768
     f2e:	0255                	addi	tp,tp,21 # 15 <_prog_start-0xffeb>
     f30:	0000                	unimp
     f32:	34006407          	.4byte	0x34006407
     f36:	00006c0b          	.4byte	0x6c0b
     f3a:	8500                	.2byte	0x8500
     f3c:	0006                	c.slli	zero,0x1
     f3e:	1000                	addi	s0,sp,32
     f40:	0000033b          	.4byte	0x33b
     f44:	0594                	addi	a3,sp,704
     f46:	0001                	nop
     f48:	0268                	addi	a0,sp,268
     f4a:	0000                	unimp
     f4c:	0636                	slli	a2,a2,0xd
     f4e:	4404                	lw	s1,8(s0)
     f50:	06000003          	lb	zero,96(zero) # 60 <_prog_start-0xffa0>
     f54:	0268                	addi	a0,sp,268
     f56:	0000                	unimp
     f58:	4e05                	li	t3,1
     f5a:	02000003          	lb	zero,32(zero) # 20 <_prog_start-0xffe0>
     f5e:	0359                	addi	t1,t1,22
     f60:	0000                	unimp
     f62:	0691                	addi	a3,a3,4
     f64:	0000                	unimp
     f66:	0000                	unimp
     f68:	0000                	unimp
     f6a:	3b11                	jal	c7e <_prog_start-0xf382>
     f6c:	26000003          	lb	zero,608(zero) # 260 <_prog_start-0xfda0>
     f70:	0105                	addi	sp,sp,1
     f72:	1300                	addi	s0,sp,416
     f74:	0002                	c.slli64	zero
     f76:	4700                	lw	s0,8(a4)
     f78:	cf04                	sw	s1,24(a4)
     f7a:	0001                	nop
     f7c:	0400                	addi	s0,sp,512
     f7e:	0344                	addi	s1,sp,388
     f80:	0000                	unimp
     f82:	1306                	slli	t1,t1,0x21
     f84:	0002                	c.slli64	zero
     f86:	0500                	addi	s0,sp,640
     f88:	034e                	slli	t1,t1,0x13
     f8a:	0000                	unimp
     f8c:	5902                	lw	s2,32(sp)
     f8e:	9d000003          	lb	zero,-1584(zero) # fffff9d0 <_sp+0x7feff9d0>
     f92:	0006                	c.slli	zero,0x1
     f94:	0000                	unimp
     f96:	1100                	addi	s0,sp,160
     f98:	0000033b          	.4byte	0x33b
     f9c:	0550                	addi	a2,sp,644
     f9e:	0001                	nop
     fa0:	0226                	slli	tp,tp,0x9
     fa2:	0000                	unimp
     fa4:	053e                	slli	a0,a0,0xf
     fa6:	0204                	addi	s1,sp,256
     fa8:	0000                	unimp
     faa:	4409                	li	s0,2
     fac:	a9000003          	lb	zero,-1392(zero) # fffffa90 <_sp+0x7feffa90>
     fb0:	0006                	c.slli	zero,0x1
     fb2:	0600                	addi	s0,sp,768
     fb4:	0226                	slli	tp,tp,0x9
     fb6:	0000                	unimp
     fb8:	4e02                	lw	t3,0(sp)
     fba:	b5000003          	lb	zero,-1200(zero) # fffffb50 <_sp+0x7feffb50>
     fbe:	0006                	c.slli	zero,0x1
     fc0:	0200                	addi	s0,sp,256
     fc2:	0359                	addi	t1,t1,22
     fc4:	0000                	unimp
     fc6:	06c4                	addi	s1,sp,836
     fc8:	0000                	unimp
     fca:	0000                	unimp
     fcc:	1910                	addi	a2,sp,176
     fce:	c2000003          	lb	zero,-992(zero) # fffffc20 <_sp+0x7feffc20>
     fd2:	0105                	addi	sp,sp,1
     fd4:	7b00                	.2byte	0x7b00
     fd6:	0002                	c.slli64	zero
     fd8:	3b00                	.2byte	0x3b00
     fda:	0905                	addi	s2,s2,1 # 1001 <_prog_start-0xefff>
     fdc:	0326                	slli	t1,t1,0x9
     fde:	0000                	unimp
     fe0:	06d0                	addi	a2,sp,836
     fe2:	0000                	unimp
     fe4:	7b06                	.2byte	0x7b06
     fe6:	0002                	c.slli64	zero
     fe8:	0200                	addi	s0,sp,256
     fea:	0330                	addi	a2,sp,392
     fec:	0000                	unimp
     fee:	06dc                	addi	a5,sp,836
     ff0:	0000                	unimp
     ff2:	3b0a                	.2byte	0x3b0a
     ff4:	cc000003          	lb	zero,-832(zero) # fffffcc0 <_sp+0x7feffcc0>
     ff8:	0105                	addi	sp,sp,1
     ffa:	0c00                	addi	s0,sp,528
     ffc:	0000                	unimp
     ffe:	0c00                	addi	s0,sp,528
    1000:	03440403          	lb	s0,52(s0)
    1004:	0000                	unimp
    1006:	4e05                	li	t3,1
    1008:	02000003          	lb	zero,32(zero) # 20 <_prog_start-0xffe0>
    100c:	0359                	addi	t1,t1,22
    100e:	0000                	unimp
    1010:	000006f3          	.4byte	0x6f3
    1014:	0000                	unimp
    1016:	0000                	unimp
    1018:	5c0c                	lw	a1,56(s0)
    101a:	0002                	c.slli64	zero
    101c:	0100                	addi	s0,sp,128
    101e:	0801                	addi	a6,a6,0
    1020:	00b9                	addi	ra,ra,14
    1022:	0000                	unimp
    1024:	550d                	li	a0,-29
    1026:	0002                	c.slli64	zero
    1028:	0100                	addi	s0,sp,128
    102a:	0201                	addi	tp,tp,0 # 0 <_prog_start-0x10000>
    102c:	0235                	addi	tp,tp,13 # d <_prog_start-0xfff3>
    102e:	0000                	unimp
    1030:	2f0e                	.2byte	0x2f0e
    1032:	0002                	c.slli64	zero
    1034:	0f00                	addi	s0,sp,912
    1036:	04c4                	addi	s1,sp,580
    1038:	0001                	nop
    103a:	0038                	addi	a4,sp,8
    103c:	0000                	unimp
    103e:	9c01                	.2byte	0x9c01
    1040:	0319                	addi	t1,t1,6
    1042:	0000                	unimp
    1044:	0f00730f          	.4byte	0xf00730f
    1048:	5018                	lw	a4,32(s0)
    104a:	0002                	c.slli64	zero
    104c:	ff00                	.2byte	0xff00
    104e:	0006                	c.slli	zero,0x1
    1050:	1200                	addi	s0,sp,288
    1052:	0319                	addi	t1,t1,6
    1054:	0000                	unimp
    1056:	04c4                	addi	s1,sp,580
    1058:	0001                	nop
    105a:	001a                	c.slli	zero,0x6
    105c:	0000                	unimp
    105e:	d111                	beqz	a0,f62 <_prog_start-0xf09e>
    1060:	0002                	c.slli64	zero
    1062:	0900                	addi	s0,sp,144
    1064:	0326                	slli	t1,t1,0x9
    1066:	0000                	unimp
    1068:	0719                	addi	a4,a4,6
    106a:	0000                	unimp
    106c:	3002                	.2byte	0x3002
    106e:	25000003          	lb	zero,592(zero) # 250 <_prog_start-0xfdb0>
    1072:	0a000007          	.4byte	0xa000007
    1076:	0000033b          	.4byte	0x33b
    107a:	04ca                	slli	s1,s1,0x12
    107c:	0001                	nop
    107e:	000c                	.2byte	0xc
    1080:	0000                	unimp
    1082:	030c                	addi	a1,sp,384
    1084:	4404                	lw	s1,8(s0)
    1086:	05000003          	lb	zero,80(zero) # 50 <_prog_start-0xffb0>
    108a:	034e                	slli	t1,t1,0x13
    108c:	0000                	unimp
    108e:	5902                	lw	s2,32(sp)
    1090:	3c000003          	lb	zero,960(zero) # 3c0 <_prog_start-0xfc40>
    1094:	00000007          	.4byte	0x7
    1098:	1200                	addi	s0,sp,288
    109a:	0000033b          	.4byte	0x33b
    109e:	04de                	slli	s1,s1,0x17
    10a0:	0001                	nop
    10a2:	000e                	c.slli	zero,0x3
    10a4:	0000                	unimp
    10a6:	f712                	.2byte	0xf712
    10a8:	0002                	c.slli64	zero
    10aa:	0400                	addi	s0,sp,512
    10ac:	0344                	addi	s1,sp,388
    10ae:	0000                	unimp
    10b0:	4e05                	li	t3,1
    10b2:	02000003          	lb	zero,32(zero) # 20 <_prog_start-0xffe0>
    10b6:	0359                	addi	t1,t1,22
    10b8:	0000                	unimp
    10ba:	0748                	addi	a0,sp,900
    10bc:	0000                	unimp
    10be:	0a00                	addi	s0,sp,272
    10c0:	0000033b          	.4byte	0x33b
    10c4:	04ec                	addi	a1,sp,588
    10c6:	0001                	nop
    10c8:	000e                	c.slli	zero,0x3
    10ca:	0000                	unimp
    10cc:	44040213          	addi	tp,s0,1088
    10d0:	05000003          	lb	zero,80(zero) # 50 <_prog_start-0xffb0>
    10d4:	034e                	slli	t1,t1,0x13
    10d6:	0000                	unimp
    10d8:	591c                	lw	a5,48(a0)
    10da:	01000003          	lb	zero,16(zero) # 10 <_prog_start-0xfff0>
    10de:	005d                	c.nop	23
    10e0:	1d00                	addi	s0,sp,688
    10e2:	022e                	slli	tp,tp,0xb
    10e4:	0000                	unimp
    10e6:	0801                	addi	a6,a6,0
    10e8:	0314                	addi	a3,sp,384
    10ea:	0000033b          	.4byte	0x33b
    10ee:	01007313          	andi	t1,zero,16
    10f2:	2708                	.2byte	0x2708
    10f4:	0250                	addi	a2,sp,260
    10f6:	0000                	unimp
    10f8:	0100630b          	.4byte	0x100630b
    10fc:	070a                	slli	a4,a4,0x2
    10fe:	0255                	addi	tp,tp,21 # 15 <_prog_start-0xffeb>
    1100:	0000                	unimp
    1102:	1e00                	addi	s0,sp,816
    1104:	01d5                	addi	gp,gp,21
    1106:	0000                	unimp
    1108:	1502                	slli	a0,a0,0x20
    110a:	0314                	addi	a3,sp,384
    110c:	02006313          	ori	t1,zero,32
    1110:	1f15                	addi	t5,t5,-27 # fffe5fe5 <_sp+0x7fee5fe5>
    1112:	0255                	addi	tp,tp,21 # 15 <_prog_start-0xffeb>
    1114:	0000                	unimp
    1116:	0078740b          	.4byte	0x78740b
    111a:	1702                	slli	a4,a4,0x20
    111c:	cf15                	beqz	a4,1158 <_prog_start-0xeea8>
    111e:	0000                	unimp
    1120:	0b00                	addi	s0,sp,400
    1122:	0072                	c.slli	zero,0x1c
    1124:	1902                	slli	s2,s2,0x20
    1126:	a20a                	.2byte	0xa20a
    1128:	0000                	unimp
    112a:	0000                	unimp
	...

Disassembly of section .debug_abbrev:

00000000 <.debug_abbrev>:
   0:	1101                	addi	sp,sp,-32
   2:	1000                	addi	s0,sp,32
   4:	12011117          	auipc	sp,0x12011
   8:	1b0e030f          	.4byte	0x1b0e030f
   c:	250e                	.2byte	0x250e
   e:	130e                	slli	t1,t1,0x23
  10:	0005                	c.nop	1
  12:	0000                	unimp
  14:	3401                	jal	fffffa14 <_sp+0x7feffa14>
  16:	3100                	.2byte	0x3100
  18:	00170213          	addi	tp,a4,1
  1c:	0200                	addi	s0,sp,256
  1e:	0049                	c.nop	18
  20:	1802                	slli	a6,a6,0x20
  22:	187e                	slli	a6,a6,0x3f
  24:	0000                	unimp
  26:	31000503          	lb	a0,784(zero) # 310 <_prog_start-0xfcf0>
  2a:	00170213          	addi	tp,a4,1
  2e:	0400                	addi	s0,sp,512
  30:	011d                	addi	sp,sp,7 # 1201100b <dtb+0x12000883>
  32:	1331                	addi	t1,t1,-20
  34:	0111                	addi	sp,sp,4
  36:	0612                	slli	a2,a2,0x4
  38:	2158                	.2byte	0x2158
  3a:	5901                	li	s2,-32
  3c:	010b570b          	.4byte	0x10b570b
  40:	05000013          	li	zero,80
  44:	011d                	addi	sp,sp,7
  46:	1331                	addi	t1,t1,-20
  48:	0111                	addi	sp,sp,4
  4a:	0612                	slli	a2,a2,0x4
  4c:	2158                	.2byte	0x2158
  4e:	5901                	li	s2,-32
  50:	000b570b          	.4byte	0xb570b
  54:	0600                	addi	s0,sp,768
  56:	0034                	addi	a3,sp,8
  58:	0b3a0803          	lb	a6,179(s4)
  5c:	0b390b3b          	.4byte	0xb390b3b
  60:	1349                	addi	t1,t1,-14
  62:	0000                	unimp
  64:	31011d07          	.4byte	0x31011d07
  68:	55015213          	.4byte	0x55015213
  6c:	01215817          	auipc	a6,0x1215
  70:	0b59                	addi	s6,s6,22
  72:	13010b57          	.4byte	0x13010b57
  76:	0000                	unimp
  78:	0b08                	addi	a0,sp,400
  7a:	5501                	li	a0,-32
  7c:	09000017          	auipc	zero,0x9000
  80:	0148                	addi	a0,sp,132
  82:	017d                	addi	sp,sp,31
  84:	137f                	.2byte	0x137f
  86:	1301                	addi	t1,t1,-32
  88:	0000                	unimp
  8a:	1d0a                	slli	s10,s10,0x22
  8c:	3101                	jal	fffffc8c <_sp+0x7feffc8c>
  8e:	55015213          	.4byte	0x55015213
  92:	01215817          	auipc	a6,0x1215
  96:	0b59                	addi	s6,s6,22
  98:	00000b57          	.4byte	0xb57
  9c:	0b00240b          	.4byte	0xb00240b
  a0:	030b3e0b          	.4byte	0x30b3e0b
  a4:	000e                	c.slli	zero,0x3
  a6:	0c00                	addi	s0,sp,528
  a8:	0148                	addi	a0,sp,132
  aa:	017d                	addi	sp,sp,31
  ac:	137f                	.2byte	0x137f
  ae:	0000                	unimp
  b0:	160d                	addi	a2,a2,-29 # 72630a5f <dtb+0x726202d7>
  b2:	0300                	addi	s0,sp,384
  b4:	3a0e                	.2byte	0x3a0e
  b6:	390b3b0b          	.4byte	0x390b3b0b
  ba:	0013490b          	.4byte	0x13490b
  be:	0e00                	addi	s0,sp,784
  c0:	012e                	slli	sp,sp,0xb
  c2:	213a0e03          	lb	t3,531(s4)
  c6:	3b01                	jal	fffffdd6 <_sp+0x7feffdd6>
  c8:	270b390b          	.4byte	0x270b390b
  cc:	4919                	li	s2,6
  ce:	010b2013          	slti	zero,s6,16
  d2:	0f000013          	li	zero,240
  d6:	210b000f          	.4byte	0x210b000f
  da:	4904                	lw	s1,16(a0)
  dc:	10000013          	li	zero,256
  e0:	0026                	c.slli	zero,0x9
  e2:	1349                	addi	t1,t1,-14
  e4:	0000                	unimp
  e6:	0511                	addi	a0,a0,4 # ec4 <_prog_start-0xf13c>
  e8:	0300                	addi	s0,sp,384
  ea:	3a08                	.2byte	0x3a08
  ec:	390b3b0b          	.4byte	0x390b3b0b
  f0:	0013490b          	.4byte	0x13490b
  f4:	1200                	addi	s0,sp,288
  f6:	0005                	c.nop	1
  f8:	213a0803          	lb	a6,531(s4)
  fc:	3b01                	jal	fffffe0c <_sp+0x7feffe0c>
  fe:	2921                	jal	516 <_prog_start-0xfaea>
 100:	0b39                	addi	s6,s6,14
 102:	1349                	addi	t1,t1,-14
 104:	1702                	slli	a4,a4,0x20
 106:	0000                	unimp
 108:	49003513          	sltiu	a0,zero,1168
 10c:	14000013          	li	zero,320
 110:	012e                	slli	sp,sp,0xb
 112:	0e03193f 3b04213a 	.8byte	0x3b04213a0e03193f
 11a:	0d21390b          	.4byte	0xd21390b
 11e:	193c1927          	.4byte	0x193c1927
 122:	1301                	addi	t1,t1,-32
 124:	0000                	unimp
 126:	0515                	addi	a0,a0,5
 128:	4900                	lw	s0,16(a0)
 12a:	16000013          	li	zero,352
 12e:	1331010b          	.4byte	0x1331010b
 132:	1755                	addi	a4,a4,-11
 134:	1301                	addi	t1,t1,-32
 136:	0000                	unimp
 138:	00010b17          	auipc	s6,0x10
 13c:	1800                	addi	s0,sp,48
 13e:	002e                	c.slli	zero,0xb
 140:	213a0e03          	lb	t3,531(s4)
 144:	3b01                	jal	fffffe54 <_sp+0x7feffe54>
 146:	270b390b          	.4byte	0x270b390b
 14a:	2019                	jal	150 <_prog_start-0xfeb0>
 14c:	1900000b          	.4byte	0x1900000b
 150:	0111                	addi	sp,sp,4
 152:	0e25                	addi	t3,t3,9 # ae8b <_prog_start-0x5175>
 154:	1f030b13          	addi	s6,t1,496
 158:	17551f1b          	.4byte	0x17551f1b
 15c:	0111                	addi	sp,sp,4
 15e:	1710                	addi	a2,sp,928
 160:	0000                	unimp
 162:	241a                	.2byte	0x241a
 164:	0b00                	addi	s0,sp,400
 166:	030b3e0b          	.4byte	0x30b3e0b
 16a:	0008                	.2byte	0x8
 16c:	1b00                	addi	s0,sp,432
 16e:	0034                	addi	a3,sp,8
 170:	0b3a0e03          	lb	t3,179(s4)
 174:	0b390b3b          	.4byte	0xb390b3b
 178:	1349                	addi	t1,t1,-14
 17a:	061c                	addi	a5,sp,768
 17c:	0000                	unimp
 17e:	341c                	.2byte	0x341c
 180:	0300                	addi	s0,sp,384
 182:	3a08                	.2byte	0x3a08
 184:	390b3b0b          	.4byte	0x390b3b0b
 188:	1c13490b          	.4byte	0x1c13490b
 18c:	0006                	c.slli	zero,0x1
 18e:	1d00                	addi	s0,sp,688
 190:	0101                	addi	sp,sp,0
 192:	1349                	addi	t1,t1,-14
 194:	1301                	addi	t1,t1,-32
 196:	0000                	unimp
 198:	211e                	.2byte	0x211e
 19a:	4900                	lw	s0,16(a0)
 19c:	000b2f13          	slti	t5,s6,0
 1a0:	1f00                	addi	s0,sp,944
 1a2:	0034                	addi	a3,sp,8
 1a4:	0b3a0e03          	lb	t3,179(s4)
 1a8:	0b390b3b          	.4byte	0xb390b3b
 1ac:	1349                	addi	t1,t1,-14
 1ae:	0a1c                	addi	a5,sp,272
 1b0:	0000                	unimp
 1b2:	1820                	addi	s0,sp,56
 1b4:	0000                	unimp
 1b6:	2100                	.2byte	0x2100
 1b8:	012e                	slli	sp,sp,0xb
 1ba:	0e03193f 0b3b0b3a 	.8byte	0xb3b0b3a0e03193f
 1c2:	0b39                	addi	s6,s6,14 # 10146 <main+0x8>
 1c4:	13491927          	.4byte	0x13491927
 1c8:	0111                	addi	sp,sp,4
 1ca:	0612                	slli	a2,a2,0x4
 1cc:	1840                	addi	s0,sp,52
 1ce:	197a                	slli	s2,s2,0x3e
 1d0:	1301                	addi	t1,t1,-32
 1d2:	0000                	unimp
 1d4:	0522                	slli	a0,a0,0x8
 1d6:	3100                	.2byte	0x3100
 1d8:	23000013          	li	zero,560
 1dc:	0034                	addi	a3,sp,8
 1de:	0b3a0e03          	lb	t3,179(s4)
 1e2:	0b390b3b          	.4byte	0xb390b3b
 1e6:	1349                	addi	t1,t1,-14
 1e8:	0000                	unimp
 1ea:	0524                	addi	s1,sp,648
 1ec:	0300                	addi	s0,sp,384
 1ee:	3a0e                	.2byte	0x3a0e
 1f0:	390b3b0b          	.4byte	0x390b3b0b
 1f4:	0013490b          	.4byte	0x13490b
 1f8:	2500                	.2byte	0x2500
 1fa:	012e                	slli	sp,sp,0xb
 1fc:	0b3a0e03          	lb	t3,179(s4)
 200:	0b390b3b          	.4byte	0xb390b3b
 204:	0b201927          	.4byte	0xb201927
 208:	1301                	addi	t1,t1,-32
 20a:	0000                	unimp
 20c:	2e26                	.2byte	0x2e26
 20e:	0301                	addi	t1,t1,0
 210:	3a0e                	.2byte	0x3a0e
 212:	390b3b0b          	.4byte	0x390b3b0b
 216:	4919270b          	.4byte	0x4919270b
 21a:	12011113          	.4byte	0x12011113
 21e:	4006                	.2byte	0x4006
 220:	7a18                	.2byte	0x7a18
 222:	0119                	addi	sp,sp,6
 224:	27000013          	li	zero,624
 228:	0034                	addi	a3,sp,8
 22a:	0b3a0803          	lb	a6,179(s4)
 22e:	0b390b3b          	.4byte	0xb390b3b
 232:	1349                	addi	t1,t1,-14
 234:	1702                	slli	a4,a4,0x20
 236:	0000                	unimp
 238:	0a28                	addi	a0,sp,280
 23a:	0300                	addi	s0,sp,384
 23c:	3a0e                	.2byte	0x3a0e
 23e:	390b3b0b          	.4byte	0x390b3b0b
 242:	0001110b          	.4byte	0x1110b
 246:	2900                	.2byte	0x2900
 248:	002e                	c.slli	zero,0xb
 24a:	0b3a0e03          	lb	t3,179(s4)
 24e:	0b390b3b          	.4byte	0xb390b3b
 252:	13491927          	.4byte	0x13491927
 256:	0b20                	addi	s0,sp,408
 258:	0000                	unimp
 25a:	2e2a                	.2byte	0x2e2a
 25c:	0301                	addi	t1,t1,0
 25e:	3a0e                	.2byte	0x3a0e
 260:	390b3b0b          	.4byte	0x390b3b0b
 264:	2019270b          	.4byte	0x2019270b
 268:	0000000b          	.4byte	0xb
 26c:	2401                	jal	46c <_prog_start-0xfb94>
 26e:	0b00                	addi	s0,sp,400
 270:	030b3e0b          	.4byte	0x30b3e0b
 274:	000e                	c.slli	zero,0x3
 276:	0200                	addi	s0,sp,256
 278:	0034                	addi	a3,sp,8
 27a:	1331                	addi	t1,t1,-20
 27c:	1702                	slli	a4,a4,0x20
 27e:	0000                	unimp
 280:	03001603          	lh	a2,48(zero) # 30 <_prog_start-0xffd0>
 284:	3a0e                	.2byte	0x3a0e
 286:	390b3b0b          	.4byte	0x390b3b0b
 28a:	0013490b          	.4byte	0x13490b
 28e:	0400                	addi	s0,sp,512
 290:	0005                	c.nop	1
 292:	1331                	addi	t1,t1,-20
 294:	0000                	unimp
 296:	3405                	jal	fffffcb6 <_sp+0x7feffcb6>
 298:	3100                	.2byte	0x3100
 29a:	06000013          	li	zero,96
 29e:	1755010b          	.4byte	0x1755010b
 2a2:	0000                	unimp
 2a4:	03003407          	.4byte	0x3003407
 2a8:	3a08                	.2byte	0x3a08
 2aa:	0121                	addi	sp,sp,8
 2ac:	0b390b3b          	.4byte	0xb390b3b
 2b0:	1349                	addi	t1,t1,-14
 2b2:	1702                	slli	a4,a4,0x20
 2b4:	0000                	unimp
 2b6:	3408                	.2byte	0x3408
 2b8:	0300                	addi	s0,sp,384
 2ba:	3a0e                	.2byte	0x3a0e
 2bc:	0121                	addi	sp,sp,8
 2be:	3919213b          	.4byte	0x3919213b
 2c2:	0213490b          	.4byte	0x213490b
 2c6:	09000017          	auipc	zero,0x9000
 2ca:	0005                	c.nop	1
 2cc:	1331                	addi	t1,t1,-20
 2ce:	1702                	slli	a4,a4,0x20
 2d0:	0000                	unimp
 2d2:	1d0a                	slli	s10,s10,0x22
 2d4:	3101                	jal	fffffed4 <_sp+0x7feffed4>
 2d6:	12011113          	.4byte	0x12011113
 2da:	5806                	lw	a6,96(sp)
 2dc:	0121                	addi	sp,sp,8
 2de:	0b59                	addi	s6,s6,22
 2e0:	00000b57          	.4byte	0xb57
 2e4:	0300340b          	.4byte	0x300340b
 2e8:	3a08                	.2byte	0x3a08
 2ea:	390b3b0b          	.4byte	0x390b3b0b
 2ee:	0013490b          	.4byte	0x13490b
 2f2:	0c00                	addi	s0,sp,528
 2f4:	210b000f          	.4byte	0x210b000f
 2f8:	4904                	lw	s1,16(a0)
 2fa:	0d000013          	li	zero,208
 2fe:	0026                	c.slli	zero,0x9
 300:	1349                	addi	t1,t1,-14
 302:	0000                	unimp
 304:	2e0e                	.2byte	0x2e0e
 306:	3f01                	jal	216 <_prog_start-0xfdea>
 308:	0319                	addi	t1,t1,6
 30a:	3a0e                	.2byte	0x3a0e
 30c:	0121                	addi	sp,sp,8
 30e:	21390b3b          	.4byte	0x21390b3b
 312:	2706                	.2byte	0x2706
 314:	1119                	addi	sp,sp,-26
 316:	1201                	addi	tp,tp,-32 # ffffffe0 <_sp+0x7fefffe0>
 318:	4006                	.2byte	0x4006
 31a:	7a18                	.2byte	0x7a18
 31c:	0119                	addi	sp,sp,6
 31e:	0f000013          	li	zero,240
 322:	0005                	c.nop	1
 324:	213a0803          	lb	a6,531(s4)
 328:	3b01                	jal	38 <_prog_start-0xffc8>
 32a:	490b390b          	.4byte	0x490b390b
 32e:	00170213          	addi	tp,a4,1
 332:	1000                	addi	s0,sp,32
 334:	011d                	addi	sp,sp,7
 336:	1331                	addi	t1,t1,-20
 338:	0152                	slli	sp,sp,0x14
 33a:	1755                	addi	a4,a4,-11
 33c:	2158                	.2byte	0x2158
 33e:	5901                	li	s2,-32
 340:	000b570b          	.4byte	0xb570b
 344:	1100                	addi	s0,sp,160
 346:	011d                	addi	sp,sp,7
 348:	1331                	addi	t1,t1,-20
 34a:	0152                	slli	sp,sp,0x14
 34c:	1755                	addi	a4,a4,-11
 34e:	2158                	.2byte	0x2158
 350:	5901                	li	s2,-32
 352:	010b570b          	.4byte	0x10b570b
 356:	12000013          	li	zero,288
 35a:	011d                	addi	sp,sp,7
 35c:	1331                	addi	t1,t1,-20
 35e:	0111                	addi	sp,sp,4
 360:	0612                	slli	a2,a2,0x4
 362:	2158                	.2byte	0x2158
 364:	5901                	li	s2,-32
 366:	0221570b          	.4byte	0x221570b
 36a:	1301                	addi	t1,t1,-32
 36c:	0000                	unimp
 36e:	03000513          	li	a0,48
 372:	3a08                	.2byte	0x3a08
 374:	390b3b0b          	.4byte	0x390b3b0b
 378:	0013490b          	.4byte	0x13490b
 37c:	1400                	addi	s0,sp,544
 37e:	0111                	addi	sp,sp,4
 380:	0e25                	addi	t3,t3,9
 382:	1f030b13          	addi	s6,t1,496
 386:	01111f1b          	.4byte	0x1111f1b
 38a:	0612                	slli	a2,a2,0x4
 38c:	1710                	addi	a2,sp,928
 38e:	0000                	unimp
 390:	0f15                	addi	t5,t5,5
 392:	0b00                	addi	s0,sp,400
 394:	000e030b          	.4byte	0xe030b
 398:	1600                	addi	s0,sp,800
 39a:	0024                	addi	s1,sp,8
 39c:	0b3e0b0b          	.4byte	0xb3e0b0b
 3a0:	00000803          	lb	a6,0(zero) # 0 <_prog_start-0x10000>
 3a4:	49003517          	auipc	a0,0x49003
 3a8:	18000013          	li	zero,384
 3ac:	0034                	addi	a3,sp,8
 3ae:	0b3a0e03          	lb	t3,179(s4)
 3b2:	0b390b3b          	.4byte	0xb390b3b
 3b6:	1349                	addi	t1,t1,-14
 3b8:	061c                	addi	a5,sp,768
 3ba:	0000                	unimp
 3bc:	1819                	addi	a6,a6,-26 # 1215078 <dtb+0x12048f0>
 3be:	0000                	unimp
 3c0:	1a00                	addi	s0,sp,304
 3c2:	0034                	addi	a3,sp,8
 3c4:	0b3a0803          	lb	a6,179(s4)
 3c8:	0b390b3b          	.4byte	0xb390b3b
 3cc:	1349                	addi	t1,t1,-14
 3ce:	1802                	slli	a6,a6,0x20
 3d0:	0000                	unimp
 3d2:	55010b1b          	.4byte	0x55010b1b
 3d6:	00130117          	auipc	sp,0x130
 3da:	1c00                	addi	s0,sp,560
 3dc:	0034                	addi	a3,sp,8
 3de:	1331                	addi	t1,t1,-20
 3e0:	1802                	slli	a6,a6,0x20
 3e2:	0000                	unimp
 3e4:	2e1d                	jal	71a <_prog_start-0xf8e6>
 3e6:	0301                	addi	t1,t1,0
 3e8:	3a0e                	.2byte	0x3a0e
 3ea:	390b3b0b          	.4byte	0x390b3b0b
 3ee:	2019270b          	.4byte	0x2019270b
 3f2:	0013010b          	.4byte	0x13010b
 3f6:	1e00                	addi	s0,sp,816
 3f8:	012e                	slli	sp,sp,0xb
 3fa:	0b3a0e03          	lb	t3,179(s4)
 3fe:	0b390b3b          	.4byte	0xb390b3b
 402:	0b201927          	.4byte	0xb201927
 406:	0000                	unimp
	...

Disassembly of section .debug_aranges:

00000000 <.debug_aranges>:
   0:	001c                	.2byte	0x1c
   2:	0000                	unimp
   4:	0002                	c.slli64	zero
   6:	0000                	unimp
   8:	0000                	unimp
   a:	0004                	.2byte	0x4
   c:	0000                	unimp
   e:	0000                	unimp
  10:	0000                	unimp
  12:	0001                	nop
  14:	008a                	slli	ra,ra,0x2
	...
  1e:	0000                	unimp
  20:	0024                	addi	s1,sp,8
  22:	0000                	unimp
  24:	0002                	c.slli64	zero
  26:	0025                	c.nop	9
  28:	0000                	unimp
  2a:	0004                	.2byte	0x4
  2c:	0000                	unimp
  2e:	0000                	unimp
  30:	008a                	slli	ra,ra,0x2
  32:	0001                	nop
  34:	00b4                	addi	a3,sp,72
  36:	0000                	unimp
  38:	013e                	slli	sp,sp,0xf
  3a:	0001                	nop
  3c:	0386                	slli	t2,t2,0x1
	...
  46:	0000                	unimp
  48:	001c                	.2byte	0x1c
  4a:	0000                	unimp
  4c:	0002                	c.slli64	zero
  4e:	0dc8                	addi	a0,sp,724
  50:	0000                	unimp
  52:	0004                	.2byte	0x4
  54:	0000                	unimp
  56:	0000                	unimp
  58:	04c4                	addi	s1,sp,580
  5a:	0001                	nop
  5c:	014a                	slli	sp,sp,0x12
	...

Disassembly of section .debug_str:

00000000 <.debug_str>:
   0:	6568                	.2byte	0x6568
   2:	6461                	lui	s0,0x18
   4:	532e                	lw	t1,232(sp)
   6:	2f00                	.2byte	0x2f00
   8:	6f68                	.2byte	0x6f68
   a:	656d                	lui	a0,0x1b
   c:	6e75682f          	.4byte	0x6e75682f
  10:	6f687467          	.4byte	0x6f687467
  14:	6b69                	lui	s6,0x1a
  16:	3432                	.2byte	0x3432
  18:	5349522f          	.4byte	0x5349522f
  1c:	75545643          	.4byte	0x75545643
  20:	6f74                	.2byte	0x6f74
  22:	6972                	.2byte	0x6972
  24:	6c61                	lui	s8,0x18
  26:	2f31                	jal	742 <_prog_start-0xf8be>
  28:	7066                	.2byte	0x7066
  2a:	732f6167          	.4byte	0x732f6167
  2e:	6372                	.2byte	0x6372
  30:	69616d2f          	.4byte	0x69616d2f
  34:	2f6e                	.2byte	0x2f6e
  36:	6572                	.2byte	0x6572
  38:	72756f73          	csrrsi	t5,mhpmevent7h,10
  3c:	2f736563          	bltu	t1,s7,326 <_prog_start-0xfcda>
  40:	7261                	lui	tp,0xffff8
  42:	7974                	.2byte	0x7974
  44:	3031                	jal	fffff850 <_sp+0x7feff850>
  46:	7430                	.2byte	0x7430
  48:	6264732f          	.4byte	0x6264732f
  4c:	00746f6f          	jal	t5,46852 <dtb+0x360ca>
  50:	20554e47          	.4byte	0x20554e47
  54:	5341                	li	t1,-16
  56:	3220                	.2byte	0x3220
  58:	332e                	.2byte	0x332e
  5a:	0039                	c.nop	14
  5c:	6e697073          	csrci	0x6e6,18
  60:	656e                	.2byte	0x656e
  62:	0072                	c.slli	zero,0x1c
  64:	5f5f 6975 746e      	.byte	0x5f, 0x5f, 0x75, 0x69, 0x6e, 0x74
  6a:	5f38                	lw	a4,120(a4)
  6c:	0074                	addi	a3,sp,12
  6e:	635f6473          	csrrsi	s0,0x635,30
  72:	646d                	lui	s0,0x1b
  74:	0030                	addi	a2,sp,8
  76:	5f5f 6e69 3374      	.byte	0x5f, 0x5f, 0x69, 0x6e, 0x74, 0x33
  7c:	5f32                	lw	t5,44(sp)
  7e:	0074                	addi	a3,sp,12
  80:	635f6473          	csrrsi	s0,0x635,30
  84:	646d                	lui	s0,0x1b
  86:	0038                	addi	a4,sp,8
  88:	645f6473          	csrrsi	s0,hvip,30
  8c:	6d75                	lui	s10,0x1d
  8e:	796d                	lui	s2,0xffffb
  90:	6b00                	.2byte	0x6b00
  92:	7270                	.2byte	0x7270
  94:	6e69                	lui	t3,0x1a
  96:	6674                	.2byte	0x6674
  98:	7300                	.2byte	0x7300
  9a:	6970                	.2byte	0x6970
  9c:	785f 6566 0072      	.byte	0x5f, 0x78, 0x66, 0x65, 0x72, 0x00
  a2:	6164                	.2byte	0x6164
  a4:	6174                	.2byte	0x6174
  a6:	7300                	.2byte	0x7300
  a8:	5f64                	lw	s1,124(a4)
  aa:	35646d63          	bltu	s0,s6,404 <_prog_start-0xfbfc>
  ae:	0035                	c.nop	13
  b0:	6e75                	lui	t3,0x1d
  b2:	6e676973          	csrrsi	s2,0x6e6,14
  b6:	6465                	lui	s0,0x19
  b8:	6320                	.2byte	0x6320
  ba:	6168                	.2byte	0x6168
  bc:	0072                	c.slli	zero,0x1c
  be:	635f6473          	csrrsi	s0,0x635,30
  c2:	646d                	lui	s0,0x1b
  c4:	3835                	jal	fffff900 <_sp+0x7feff900>
  c6:	7300                	.2byte	0x7300
  c8:	6f68                	.2byte	0x6f68
  ca:	7472                	.2byte	0x7472
  cc:	7520                	.2byte	0x7520
  ce:	736e                	.2byte	0x736e
  d0:	6769                	lui	a4,0x1a
  d2:	656e                	.2byte	0x656e
  d4:	2064                	.2byte	0x2064
  d6:	6e69                	lui	t3,0x1a
  d8:	0074                	addi	a3,sp,12
  da:	5f637263          	bgeu	t1,s6,6be <_prog_start-0xf942>
  de:	7865                	lui	a6,0xffff9
  e0:	0070                	addi	a2,sp,12
  e2:	5f5f 6975 746e      	.byte	0x5f, 0x5f, 0x75, 0x69, 0x6e, 0x74
  e8:	3631                	jal	fffffbf4 <_sp+0x7feffbf4>
  ea:	745f 6400 6e6f      	.byte	0x5f, 0x74, 0x00, 0x64, 0x6f, 0x6e
  f0:	0065                	c.nop	25
  f2:	5f5f 6975 746e      	.byte	0x5f, 0x5f, 0x75, 0x69, 0x6e, 0x74
  f8:	745f3233          	.4byte	0x745f3233
  fc:	6d00                	.2byte	0x6d00
  fe:	6961                	lui	s2,0x18
 100:	006e                	c.slli	zero,0x1b
 102:	705f6473          	csrrsi	s0,0x705,30
 106:	7265776f          	jal	a4,5782c <dtb+0x470a4>
 10a:	47006e6f          	jal	t3,657a <_prog_start-0x9a86>
 10e:	554e                	lw	a0,240(sp)
 110:	4320                	lw	s0,64(a4)
 112:	3131                	jal	fffffd1e <_sp+0x7feffd1e>
 114:	3120                	.2byte	0x3120
 116:	2e32                	.2byte	0x2e32
 118:	2e32                	.2byte	0x2e32
 11a:	2030                	.2byte	0x2030
 11c:	6d2d                	lui	s10,0xb
 11e:	646f6d63          	bltu	t5,t1,778 <_prog_start-0xf888>
 122:	6c65                	lui	s8,0x19
 124:	6d3d                	lui	s10,0xf
 126:	6465                	lui	s0,0x19
 128:	6e61                	lui	t3,0x18
 12a:	2079                	jal	1b8 <_prog_start-0xfe48>
 12c:	6d2d                	lui	s10,0xb
 12e:	6261                	lui	tp,0x18
 130:	3d69                	jal	ffffffca <_sp+0x7fefffca>
 132:	6c69                	lui	s8,0x1a
 134:	3370                	.2byte	0x3370
 136:	2032                	.2byte	0x2032
 138:	6d2d                	lui	s10,0xb
 13a:	7574                	.2byte	0x7574
 13c:	656e                	.2byte	0x656e
 13e:	723d                	lui	tp,0xfffef
 140:	656b636f          	jal	t1,b6796 <dtb+0xa600e>
 144:	2074                	.2byte	0x2074
 146:	6d2d                	lui	s10,0xb
 148:	7369                	lui	t1,0xffffa
 14a:	2d61                	jal	7e2 <_prog_start-0xf81e>
 14c:	63657073          	csrci	0x636,10
 150:	323d                	jal	fffffa7e <_sp+0x7feffa7e>
 152:	322e                	.2byte	0x322e
 154:	2d20                	.2byte	0x2d20
 156:	616d                	addi	sp,sp,240
 158:	6372                	.2byte	0x6372
 15a:	3d68                	.2byte	0x3d68
 15c:	7672                	.2byte	0x7672
 15e:	6d693233          	.4byte	0x6d693233
 162:	6361                	lui	t1,0x18
 164:	2d20                	.2byte	0x2d20
 166:	4f2d2067          	.4byte	0x4f2d2067
 16a:	2032                	.2byte	0x2032
 16c:	732d                	lui	t1,0xfffeb
 16e:	6474                	.2byte	0x6474
 170:	673d                	lui	a4,0xf
 172:	756e                	.2byte	0x756e
 174:	3131                	jal	fffffd80 <_sp+0x7feffd80>
 176:	2d20                	.2byte	0x2d20
 178:	6e66                	.2byte	0x6e66
 17a:	6f632d6f          	jal	s10,32870 <dtb+0x220e8>
 17e:	6d6d                	lui	s10,0x1b
 180:	6c006e6f          	jal	t3,6840 <_prog_start-0x97c0>
 184:	20676e6f          	jal	t3,7638a <dtb+0x65c02>
 188:	6f6c                	.2byte	0x6f6c
 18a:	676e                	.2byte	0x676e
 18c:	7520                	.2byte	0x7520
 18e:	736e                	.2byte	0x736e
 190:	6769                	lui	a4,0x1a
 192:	656e                	.2byte	0x656e
 194:	2064                	.2byte	0x2064
 196:	6e69                	lui	t3,0x1a
 198:	0074                	addi	a3,sp,12
 19a:	31637263          	bgeu	t1,s6,49e <_prog_start-0xfb62>
 19e:	5f36                	lw	t5,108(sp)
 1a0:	6f72                	.2byte	0x6f72
 1a2:	6e75                	lui	t3,0x1d
 1a4:	0064                	addi	s1,sp,12
 1a6:	635f6473          	csrrsi	s0,0x635,30
 1aa:	646d                	lui	s0,0x1b
 1ac:	6c00                	.2byte	0x6c00
 1ae:	20676e6f          	jal	t3,763b4 <dtb+0x65c2c>
 1b2:	6f6c                	.2byte	0x6f6c
 1b4:	676e                	.2byte	0x676e
 1b6:	6920                	.2byte	0x6920
 1b8:	746e                	.2byte	0x746e
 1ba:	7300                	.2byte	0x7300
 1bc:	6f68                	.2byte	0x6f68
 1be:	7472                	.2byte	0x7472
 1c0:	6920                	.2byte	0x6920
 1c2:	746e                	.2byte	0x746e
 1c4:	7300                	.2byte	0x7300
 1c6:	5f64                	lw	s1,124(a4)
 1c8:	5f646d63          	bltu	s0,s6,7c2 <_prog_start-0xf83e>
 1cc:	6e65                	lui	t3,0x19
 1ce:	0064                	addi	s1,sp,12
 1d0:	6175                	addi	sp,sp,368
 1d2:	7472                	.2byte	0x7472
 1d4:	6b00                	.2byte	0x6b00
 1d6:	7570                	.2byte	0x7570
 1d8:	6374                	.2byte	0x6374
 1da:	7300                	.2byte	0x7300
 1dc:	5f64                	lw	s1,124(a4)
 1de:	31646d63          	bltu	s0,s6,4f8 <_prog_start-0xfb08>
 1e2:	0036                	c.slli	zero,0xd
 1e4:	615f6473          	csrrsi	s0,htimedeltah,30
 1e8:	34646d63          	bltu	s0,t1,542 <_prog_start-0xfabe>
 1ec:	0031                	c.nop	12
 1ee:	79706f63          	bltu	zero,s7,98c <_prog_start-0xf674>
 1f2:	6900                	.2byte	0x6900
 1f4:	68635f73          	csrrwi	t5,0x686,6
 1f8:	7261                	lui	tp,0xffff8
 1fa:	5f00                	lw	s0,56(a4)
 1fc:	625f 6975 746c      	.byte	0x5f, 0x62, 0x75, 0x69, 0x6c, 0x74
 202:	6e69                	lui	t3,0x1a
 204:	765f 5f61 696c      	.byte	0x5f, 0x76, 0x61, 0x5f, 0x6c, 0x69
 20a:	69007473          	csrrci	s0,0x690,0
 20e:	6f6c5f73          	csrrwi	t5,0x6f6,24
 212:	676e                	.2byte	0x676e
 214:	5f00                	lw	s0,56(a4)
 216:	675f 756e 5f63      	.byte	0x5f, 0x67, 0x6e, 0x75, 0x63, 0x5f
 21c:	6176                	.2byte	0x6176
 21e:	6c5f 7369 0074      	.byte	0x5f, 0x6c, 0x69, 0x73, 0x74, 0x00
 224:	7369                	lui	t1,0xffffa
 226:	665f 726f 616d      	.byte	0x5f, 0x66, 0x6f, 0x72, 0x6d, 0x61
 22c:	0074                	addi	a3,sp,12
 22e:	6b5f 7570 7374      	.byte	0x5f, 0x6b, 0x70, 0x75, 0x74, 0x73
 234:	5f00                	lw	s0,56(a4)
 236:	6f42                	.2byte	0x6f42
 238:	6f 6c 00            	Address 0x0000000000000238 is out of bounds.


Disassembly of section .debug_loclists:

00000000 <.debug_loclists>:
   0:	00000507          	.4byte	0x507
   4:	0005                	c.nop	1
   6:	0004                	.2byte	0x4
   8:	0000                	unimp
   a:	0000                	unimp
   c:	01016807          	.4byte	0x1016807
  10:	7200                	.2byte	0x7200
  12:	0101                	addi	sp,sp,0 # 1303d6 <dtb+0x11fc4e>
  14:	0200                	addi	s0,sp,256
  16:	9f3a                	add	t5,t5,a4
  18:	0700                	addi	s0,sp,896
  1a:	0172                	slli	sp,sp,0x1c
  1c:	0001                	nop
  1e:	017a                	slli	sp,sp,0x1e
  20:	0001                	nop
  22:	9fff0903          	lb	s2,-1537(t5)
  26:	0700                	addi	s0,sp,896
  28:	0176                	slli	sp,sp,0x1d
  2a:	0001                	nop
  2c:	017a                	slli	sp,sp,0x1e
  2e:	0001                	nop
  30:	5f01                	li	t5,-32
  32:	0700                	addi	s0,sp,896
  34:	0198                	addi	a4,sp,192
  36:	0001                	nop
  38:	01ac                	addi	a1,sp,200
  3a:	0001                	nop
  3c:	08007a0b          	.4byte	0x8007a0b
  40:	1aff                	.2byte	0x1aff
  42:	2e31                	jal	35e <_prog_start-0xfca2>
  44:	ff08                	.2byte	0xff08
  46:	9f1a                	add	t5,t5,t1
  48:	0700                	addi	s0,sp,896
  4a:	0198                	addi	a4,sp,192
  4c:	0001                	nop
  4e:	01a8                	addi	a0,sp,200
  50:	0001                	nop
  52:	9fff0903          	lb	s2,-1537(t5)
  56:	0700                	addi	s0,sp,896
  58:	01a4                	addi	s1,sp,200
  5a:	0001                	nop
  5c:	01a8                	addi	a0,sp,200
  5e:	0001                	nop
  60:	5f01                	li	t5,-32
  62:	0700                	addi	s0,sp,896
  64:	01d6                	slli	gp,gp,0x15
  66:	0001                	nop
  68:	0210                	addi	a2,sp,256
  6a:	0001                	nop
  6c:	7c06                	.2byte	0x7c06
  6e:	0800                	addi	s0,sp,16
  70:	1aff                	.2byte	0x1aff
  72:	079f 0210 0001      	.byte	0x9f, 0x07, 0x10, 0x02, 0x01, 0x00
  78:	0228                	addi	a0,sp,264
  7a:	0001                	nop
  7c:	7c09                	lui	s8,0xfffe2
  7e:	7f00                	.2byte	0x7f00
  80:	2100                	.2byte	0x2100
  82:	ff08                	.2byte	0xff08
  84:	9f1a                	add	t5,t5,t1
  86:	01022a07          	.4byte	0x1022a07
  8a:	3e00                	.2byte	0x3e00
  8c:	0102                	c.slli64	sp
  8e:	0600                	addi	s0,sp,768
  90:	007c                	addi	a5,sp,12
  92:	ff08                	.2byte	0xff08
  94:	9f1a                	add	t5,t5,t1
  96:	0700                	addi	s0,sp,896
  98:	01d6                	slli	gp,gp,0x15
  9a:	0001                	nop
  9c:	01e2                	slli	gp,gp,0x18
  9e:	0001                	nop
  a0:	9fff0903          	lb	s2,-1537(t5)
  a4:	0700                	addi	s0,sp,896
  a6:	01de                	slli	gp,gp,0x17
  a8:	0001                	nop
  aa:	01e2                	slli	gp,gp,0x18
  ac:	0001                	nop
  ae:	5f01                	li	t5,-32
  b0:	0700                	addi	s0,sp,896
  b2:	01e2                	slli	gp,gp,0x18
  b4:	0001                	nop
  b6:	01f2                	slli	gp,gp,0x1c
  b8:	0001                	nop
  ba:	9fff0903          	lb	s2,-1537(t5)
  be:	0700                	addi	s0,sp,896
  c0:	01ee                	slli	gp,gp,0x1b
  c2:	0001                	nop
  c4:	01f2                	slli	gp,gp,0x1c
  c6:	0001                	nop
  c8:	5f01                	li	t5,-32
  ca:	0700                	addi	s0,sp,896
  cc:	01f2                	slli	gp,gp,0x1c
  ce:	0001                	nop
  d0:	0202                	c.slli64	tp
  d2:	0001                	nop
  d4:	9fff0903          	lb	s2,-1537(t5)
  d8:	0700                	addi	s0,sp,896
  da:	01fe                	slli	gp,gp,0x1f
  dc:	0001                	nop
  de:	0202                	c.slli64	tp
  e0:	0001                	nop
  e2:	5f01                	li	t5,-32
  e4:	0700                	addi	s0,sp,896
  e6:	0210                	addi	a2,sp,256
  e8:	0001                	nop
  ea:	021a                	slli	tp,tp,0x6
  ec:	0001                	nop
  ee:	9fff0903          	lb	s2,-1537(t5)
  f2:	0700                	addi	s0,sp,896
  f4:	0216                	slli	tp,tp,0x5
  f6:	0001                	nop
  f8:	021a                	slli	tp,tp,0x6
  fa:	0001                	nop
  fc:	5e01                	li	t3,-32
  fe:	0700                	addi	s0,sp,896
 100:	022a                	slli	tp,tp,0xa
 102:	0001                	nop
 104:	023a                	slli	tp,tp,0xe
 106:	0001                	nop
 108:	9fff0903          	lb	s2,-1537(t5)
 10c:	0700                	addi	s0,sp,896
 10e:	0236                	slli	tp,tp,0xd
 110:	0001                	nop
 112:	023a                	slli	tp,tp,0xe
 114:	0001                	nop
 116:	5f01                	li	t5,-32
 118:	0700                	addi	s0,sp,896
 11a:	0296                	slli	t0,t0,0x5
 11c:	0001                	nop
 11e:	029a                	slli	t0,t0,0x6
 120:	0001                	nop
 122:	5a01                	li	s4,-32
 124:	0700                	addi	s0,sp,896
 126:	027a                	slli	tp,tp,0x1e
 128:	0001                	nop
 12a:	0284                	addi	s1,sp,320
 12c:	0001                	nop
 12e:	9fff0903          	lb	s2,-1537(t5)
 132:	0700                	addi	s0,sp,896
 134:	0280                	addi	s0,sp,320
 136:	0001                	nop
 138:	0284                	addi	s1,sp,320
 13a:	0001                	nop
 13c:	5f01                	li	t5,-32
 13e:	0700                	addi	s0,sp,896
 140:	02ba                	slli	t0,t0,0xe
 142:	0001                	nop
 144:	0314                	addi	a3,sp,384
 146:	0001                	nop
 148:	7d06                	.2byte	0x7d06
 14a:	0800                	addi	s0,sp,16
 14c:	1aff                	.2byte	0x1aff
 14e:	009f ba07 0102      	.byte	0x9f, 0x00, 0x07, 0xba, 0x02, 0x01
 154:	c600                	sw	s0,8(a2)
 156:	0102                	c.slli64	sp
 158:	0300                	addi	s0,sp,384
 15a:	ff09                	bnez	a4,74 <_prog_start-0xff8c>
 15c:	009f c207 0102      	.byte	0x9f, 0x00, 0x07, 0xc2, 0x02, 0x01
 162:	c600                	sw	s0,8(a2)
 164:	0102                	c.slli64	sp
 166:	0100                	addi	s0,sp,128
 168:	005f d007 0102      	.byte	0x5f, 0x00, 0x07, 0xd0, 0x02, 0x01
 16e:	e000                	.2byte	0xe000
 170:	0102                	c.slli64	sp
 172:	0300                	addi	s0,sp,384
 174:	ff09                	bnez	a4,8e <_prog_start-0xff72>
 176:	009f dc07 0102      	.byte	0x9f, 0x00, 0x07, 0xdc, 0x02, 0x01
 17c:	e000                	.2byte	0xe000
 17e:	0102                	c.slli64	sp
 180:	0100                	addi	s0,sp,128
 182:	005f e007 0102      	.byte	0x5f, 0x00, 0x07, 0xe0, 0x02, 0x01
 188:	f000                	.2byte	0xf000
 18a:	0102                	c.slli64	sp
 18c:	0300                	addi	s0,sp,384
 18e:	ff09                	bnez	a4,a8 <_prog_start-0xff58>
 190:	009f ec07 0102      	.byte	0x9f, 0x00, 0x07, 0xec, 0x02, 0x01
 196:	f000                	.2byte	0xf000
 198:	0102                	c.slli64	sp
 19a:	0100                	addi	s0,sp,128
 19c:	005f f007 0102      	.byte	0x5f, 0x00, 0x07, 0xf0, 0x02, 0x01
 1a2:	0000                	unimp
 1a4:	03000103          	lb	sp,48(zero) # 30 <_prog_start-0xffd0>
 1a8:	ff09                	bnez	a4,c2 <_prog_start-0xff3e>
 1aa:	009f fc07 0102      	.byte	0x9f, 0x00, 0x07, 0xfc, 0x02, 0x01
 1b0:	0000                	unimp
 1b2:	01000103          	lb	sp,16(zero) # 10 <_prog_start-0xfff0>
 1b6:	005f 0007 0103      	.byte	0x5f, 0x00, 0x07, 0x00, 0x03, 0x01
 1bc:	1000                	addi	s0,sp,32
 1be:	03000103          	lb	sp,48(zero) # 30 <_prog_start-0xffd0>
 1c2:	ff09                	bnez	a4,dc <_prog_start-0xff24>
 1c4:	009f 0c07 0103      	.byte	0x9f, 0x00, 0x07, 0x0c, 0x03, 0x01
 1ca:	1000                	addi	s0,sp,32
 1cc:	01000103          	lb	sp,16(zero) # 10 <_prog_start-0xfff0>
 1d0:	005f 3407 0103      	.byte	0x5f, 0x00, 0x07, 0x34, 0x03, 0x01
 1d6:	4200                	lw	s0,0(a2)
 1d8:	0a000103          	lb	sp,160(zero) # a0 <_prog_start-0xff60>
 1dc:	007e                	c.slli	zero,0x1f
 1de:	2448                	.2byte	0x2448
 1e0:	2e30                	.2byte	0x2e30
 1e2:	ff08                	.2byte	0xff08
 1e4:	9f1a                	add	t5,t5,t1
 1e6:	0700                	addi	s0,sp,896
 1e8:	0334                	addi	a3,sp,392
 1ea:	0001                	nop
 1ec:	033e                	slli	t1,t1,0xf
 1ee:	0001                	nop
 1f0:	9fff0903          	lb	s2,-1537(t5)
 1f4:	0700                	addi	s0,sp,896
 1f6:	033a                	slli	t1,t1,0xe
 1f8:	0001                	nop
 1fa:	033e                	slli	t1,t1,0xf
 1fc:	0001                	nop
 1fe:	5f01                	li	t5,-32
 200:	0700                	addi	s0,sp,896
 202:	0346                	slli	t1,t1,0x11
 204:	0001                	nop
 206:	039e                	slli	t2,t2,0x7
 208:	0001                	nop
 20a:	4005                	c.li	zero,1
 20c:	9f1f244b          	.4byte	0x9f1f244b
 210:	01039e07          	.4byte	0x1039e07
 214:	ba00                	.2byte	0xba00
 216:	01000103          	lb	sp,16(zero) # 10 <_prog_start-0xfff0>
 21a:	076e                	slli	a4,a4,0x1b
 21c:	03ba                	slli	t2,t2,0xe
 21e:	0001                	nop
 220:	03fc                	addi	a5,sp,460
 222:	0001                	nop
 224:	5c01                	li	s8,-32
 226:	0103fc07          	.4byte	0x103fc07
 22a:	3800                	.2byte	0x3800
 22c:	0104                	addi	s1,sp,128
 22e:	0100                	addi	s0,sp,128
 230:	075e                	slli	a4,a4,0x17
 232:	04a0                	addi	s0,sp,584
 234:	0001                	nop
 236:	04a9                	addi	s1,s1,10
 238:	0001                	nop
 23a:	5e01                	li	t3,-32
 23c:	0104ae07          	.4byte	0x104ae07
 240:	c200                	sw	s0,0(a2)
 242:	0104                	addi	s1,sp,128
 244:	0500                	addi	s0,sp,640
 246:	4b40                	lw	s0,20(a4)
 248:	1f24                	addi	s1,sp,952
 24a:	009f 4607 0103      	.byte	0x9f, 0x00, 0x07, 0x46, 0x03, 0x01
 250:	9e00                	.2byte	0x9e00
 252:	02000103          	lb	sp,32(zero) # 20 <_prog_start-0xffe0>
 256:	9f38                	.2byte	0x9f38
 258:	0104ae07          	.4byte	0x104ae07
 25c:	c200                	sw	s0,0(a2)
 25e:	0104                	addi	s1,sp,128
 260:	0200                	addi	s0,sp,256
 262:	9f38                	.2byte	0x9f38
 264:	0700                	addi	s0,sp,896
 266:	0346                	slli	t1,t1,0x11
 268:	0001                	nop
 26a:	0438                	addi	a4,sp,520
 26c:	0001                	nop
 26e:	3002                	.2byte	0x3002
 270:	079f 0438 0001      	.byte	0x9f, 0x07, 0x38, 0x04, 0x01, 0x00
 276:	0478                	addi	a4,sp,524
 278:	0001                	nop
 27a:	5801                	li	a6,-32
 27c:	0104a007          	.4byte	0x104a007
 280:	aa00                	.2byte	0xaa00
 282:	0104                	addi	s1,sp,128
 284:	0200                	addi	s0,sp,256
 286:	9f30                	.2byte	0x9f30
 288:	0104aa07          	.4byte	0x104aa07
 28c:	ae00                	.2byte	0xae00
 28e:	0104                	addi	s1,sp,128
 290:	0200                	addi	s0,sp,256
 292:	9f31                	.2byte	0x9f31
 294:	0104ae07          	.4byte	0x104ae07
 298:	c200                	sw	s0,0(a2)
 29a:	0104                	addi	s1,sp,128
 29c:	0200                	addi	s0,sp,256
 29e:	9f30                	.2byte	0x9f30
 2a0:	0700                	addi	s0,sp,896
 2a2:	039e                	slli	t2,t2,0x7
 2a4:	0001                	nop
 2a6:	03be                	slli	t2,t2,0xf
 2a8:	0001                	nop
 2aa:	3002                	.2byte	0x3002
 2ac:	079f 03be 0001      	.byte	0x9f, 0x07, 0xbe, 0x03, 0x01, 0x00
 2b2:	03ce                	slli	t2,t2,0x13
 2b4:	0001                	nop
 2b6:	5f01                	li	t5,-32
 2b8:	01040207          	.4byte	0x1040207
 2bc:	3800                	.2byte	0x3800
 2be:	0104                	addi	s1,sp,128
 2c0:	0100                	addi	s0,sp,128
 2c2:	075f 04a0 0001      	.byte	0x5f, 0x07, 0xa0, 0x04, 0x01, 0x00
 2c8:	04a9                	addi	s1,s1,10
 2ca:	0001                	nop
 2cc:	5f01                	li	t5,-32
 2ce:	0700                	addi	s0,sp,896
 2d0:	041e                	slli	s0,s0,0x7
 2d2:	0001                	nop
 2d4:	0428                	addi	a0,sp,520
 2d6:	0001                	nop
 2d8:	5d01                	li	s10,-32
 2da:	01042807          	.4byte	0x1042807
 2de:	2e00                	.2byte	0x2e00
 2e0:	0104                	addi	s1,sp,128
 2e2:	0900                	addi	s0,sp,144
 2e4:	007c                	addi	a5,sp,12
 2e6:	ff08                	.2byte	0xff08
 2e8:	7d1a                	.2byte	0x7d1a
 2ea:	2100                	.2byte	0x2100
 2ec:	009f 9e07 0103      	.byte	0x9f, 0x00, 0x07, 0x9e, 0x03, 0x01
 2f2:	be00                	.2byte	0xbe00
 2f4:	04000103          	lb	sp,64(zero) # 40 <_prog_start-0xffc0>
 2f8:	000a                	c.slli	zero,0x2
 2fa:	9f02                	jalr	t5
 2fc:	0700                	addi	s0,sp,896
 2fe:	03d6                	slli	t2,t2,0x15
 300:	0001                	nop
 302:	040e                	slli	s0,s0,0x3
 304:	0001                	nop
 306:	5d01                	li	s10,-32
 308:	0700                	addi	s0,sp,896
 30a:	0400                	addi	s0,sp,512
 30c:	0001                	nop
 30e:	0402                	c.slli64	s0
 310:	0001                	nop
 312:	5d01                	li	s10,-32
 314:	0700                	addi	s0,sp,896
 316:	03be                	slli	t2,t2,0xf
 318:	0001                	nop
 31a:	03d6                	slli	t2,t2,0x15
 31c:	0001                	nop
 31e:	9fff0903          	lb	s2,-1537(t5)
 322:	0700                	addi	s0,sp,896
 324:	03c4                	addi	s1,sp,452
 326:	0001                	nop
 328:	03d6                	slli	t2,t2,0x15
 32a:	0001                	nop
 32c:	5d01                	li	s10,-32
 32e:	0700                	addi	s0,sp,896
 330:	03a2                	slli	t2,t2,0x8
 332:	0001                	nop
 334:	03aa                	slli	t2,t2,0xa
 336:	0001                	nop
 338:	9fff0903          	lb	s2,-1537(t5)
 33c:	0700                	addi	s0,sp,896
 33e:	03a6                	slli	t2,t2,0x9
 340:	0001                	nop
 342:	03aa                	slli	t2,t2,0xa
 344:	0001                	nop
 346:	5f01                	li	t5,-32
 348:	0700                	addi	s0,sp,896
 34a:	040a                	slli	s0,s0,0x2
 34c:	0001                	nop
 34e:	0414                	addi	a3,sp,512
 350:	0001                	nop
 352:	9fff0903          	lb	s2,-1537(t5)
 356:	0700                	addi	s0,sp,896
 358:	0410                	addi	a2,sp,512
 35a:	0001                	nop
 35c:	0414                	addi	a3,sp,512
 35e:	0001                	nop
 360:	5d01                	li	s10,-32
 362:	0700                	addi	s0,sp,896
 364:	041e                	slli	s0,s0,0x7
 366:	0001                	nop
 368:	0428                	addi	a0,sp,520
 36a:	0001                	nop
 36c:	9fff0903          	lb	s2,-1537(t5)
 370:	0700                	addi	s0,sp,896
 372:	0424                	addi	s1,sp,520
 374:	0001                	nop
 376:	0428                	addi	a0,sp,520
 378:	0001                	nop
 37a:	5c01                	li	s8,-32
 37c:	0700                	addi	s0,sp,896
 37e:	0438                	addi	a4,sp,520
 380:	0001                	nop
 382:	044c                	addi	a1,sp,516
 384:	0001                	nop
 386:	9fff0903          	lb	s2,-1537(t5)
 38a:	0700                	addi	s0,sp,896
 38c:	0448                	addi	a0,sp,516
 38e:	0001                	nop
 390:	044c                	addi	a1,sp,516
 392:	0001                	nop
 394:	5f01                	li	t5,-32
 396:	0700                	addi	s0,sp,896
 398:	045a                	slli	s0,s0,0x16
 39a:	0001                	nop
 39c:	046a                	slli	s0,s0,0x1a
 39e:	0001                	nop
 3a0:	9fff0903          	lb	s2,-1537(t5)
 3a4:	0700                	addi	s0,sp,896
 3a6:	0466                	slli	s0,s0,0x19
 3a8:	0001                	nop
 3aa:	046a                	slli	s0,s0,0x1a
 3ac:	0001                	nop
 3ae:	5e01                	li	t3,-32
 3b0:	0700                	addi	s0,sp,896
 3b2:	04ae                	slli	s1,s1,0xb
 3b4:	0001                	nop
 3b6:	04be                	slli	s1,s1,0xf
 3b8:	0001                	nop
 3ba:	9fff0903          	lb	s2,-1537(t5)
 3be:	0700                	addi	s0,sp,896
 3c0:	04ba                	slli	s1,s1,0xe
 3c2:	0001                	nop
 3c4:	04be                	slli	s1,s1,0xf
 3c6:	0001                	nop
 3c8:	5e01                	li	t3,-32
 3ca:	0700                	addi	s0,sp,896
 3cc:	008a                	slli	ra,ra,0x2
 3ce:	0001                	nop
 3d0:	0130                	addi	a2,sp,136
 3d2:	0001                	nop
 3d4:	5a01                	li	s4,-32
 3d6:	01013007          	.4byte	0x1013007
 3da:	3e00                	.2byte	0x3e00
 3dc:	0101                	addi	sp,sp,0
 3de:	0400                	addi	s0,sp,512
 3e0:	9f5a01a3          	sb	s5,-1565(s4)
 3e4:	0700                	addi	s0,sp,896
 3e6:	008a                	slli	ra,ra,0x2
 3e8:	0001                	nop
 3ea:	00ea                	slli	ra,ra,0x1a
 3ec:	0001                	nop
 3ee:	5b01                	li	s6,-32
 3f0:	0100ea07          	.4byte	0x100ea07
 3f4:	3e00                	.2byte	0x3e00
 3f6:	0101                	addi	sp,sp,0
 3f8:	0400                	addi	s0,sp,512
 3fa:	9f5b01a3          	sb	s5,-1565(s6) # 199e3 <dtb+0x925b>
 3fe:	0700                	addi	s0,sp,896
 400:	008a                	slli	ra,ra,0x2
 402:	0001                	nop
 404:	0112                	slli	sp,sp,0x4
 406:	0001                	nop
 408:	5c01                	li	s8,-32
 40a:	01011207          	.4byte	0x1011207
 40e:	3e00                	.2byte	0x3e00
 410:	0101                	addi	sp,sp,0
 412:	0400                	addi	s0,sp,512
 414:	9f5c01a3          	sb	s5,-1565(s8) # fffe19e3 <_sp+0x7fee19e3>
 418:	0700                	addi	s0,sp,896
 41a:	011a                	slli	sp,sp,0x6
 41c:	0001                	nop
 41e:	013a                	slli	sp,sp,0xe
 420:	0001                	nop
 422:	5801                	li	a6,-32
 424:	01013a07          	.4byte	0x1013a07
 428:	3e00                	.2byte	0x3e00
 42a:	0101                	addi	sp,sp,0
 42c:	0100                	addi	s0,sp,128
 42e:	005a                	c.slli	zero,0x16
 430:	01009807          	.4byte	0x1009807
 434:	a800                	.2byte	0xa800
 436:	0100                	addi	s0,sp,128
 438:	0300                	addi	s0,sp,384
 43a:	ff09                	bnez	a4,354 <_prog_start-0xfcac>
 43c:	009f a407 0100      	.byte	0x9f, 0x00, 0x07, 0xa4, 0x00, 0x01
 442:	a800                	.2byte	0xa800
 444:	0100                	addi	s0,sp,128
 446:	0100                	addi	s0,sp,128
 448:	005f a807 0100      	.byte	0x5f, 0x00, 0x07, 0xa8, 0x00, 0x01
 44e:	b400                	.2byte	0xb400
 450:	0100                	addi	s0,sp,128
 452:	0100                	addi	s0,sp,128
 454:	005a                	c.slli	zero,0x16
 456:	0100b007          	.4byte	0x100b007
 45a:	b400                	.2byte	0xb400
 45c:	0100                	addi	s0,sp,128
 45e:	0100                	addi	s0,sp,128
 460:	005f b807 0100      	.byte	0x5f, 0x00, 0x07, 0xb8, 0x00, 0x01
 466:	be00                	.2byte	0xbe00
 468:	0100                	addi	s0,sp,128
 46a:	0100                	addi	s0,sp,128
 46c:	075f 00be 0001      	.byte	0x5f, 0x07, 0xbe, 0x00, 0x01, 0x00
 472:	00c4                	addi	s1,sp,68
 474:	0001                	nop
 476:	7e05                	lui	t3,0xfffe1
 478:	00c8                	addi	a0,sp,68
 47a:	9f06                	add	t5,t5,ra
 47c:	0700                	addi	s0,sp,896
 47e:	00c0                	addi	s0,sp,68
 480:	0001                	nop
 482:	00c4                	addi	s1,sp,68
 484:	0001                	nop
 486:	5f01                	li	t5,-32
 488:	0700                	addi	s0,sp,896
 48a:	00c4                	addi	s1,sp,68
 48c:	0001                	nop
 48e:	00d2                	slli	ra,ra,0x14
 490:	0001                	nop
 492:	7b05                	lui	s6,0xfffe1
 494:	4000                	lw	s0,0(s0)
 496:	9f25                	.2byte	0x9f25
 498:	0700                	addi	s0,sp,896
 49a:	00ce                	slli	ra,ra,0x13
 49c:	0001                	nop
 49e:	00d2                	slli	ra,ra,0x14
 4a0:	0001                	nop
 4a2:	5f01                	li	t5,-32
 4a4:	0700                	addi	s0,sp,896
 4a6:	00d2                	slli	ra,ra,0x14
 4a8:	0001                	nop
 4aa:	00e6                	slli	ra,ra,0x19
 4ac:	0001                	nop
 4ae:	7b05                	lui	s6,0xfffe1
 4b0:	3800                	.2byte	0x3800
 4b2:	9f25                	.2byte	0x9f25
 4b4:	0700                	addi	s0,sp,896
 4b6:	00e2                	slli	ra,ra,0x18
 4b8:	0001                	nop
 4ba:	00e6                	slli	ra,ra,0x19
 4bc:	0001                	nop
 4be:	5f01                	li	t5,-32
 4c0:	0700                	addi	s0,sp,896
 4c2:	00e6                	slli	ra,ra,0x19
 4c4:	0001                	nop
 4c6:	00ea                	slli	ra,ra,0x1a
 4c8:	0001                	nop
 4ca:	5b01                	li	s6,-32
 4cc:	0700                	addi	s0,sp,896
 4ce:	00f2                	slli	ra,ra,0x1c
 4d0:	0001                	nop
 4d2:	00f6                	slli	ra,ra,0x1d
 4d4:	0001                	nop
 4d6:	5f01                	li	t5,-32
 4d8:	0700                	addi	s0,sp,896
 4da:	00f6                	slli	ra,ra,0x1d
 4dc:	0001                	nop
 4de:	0112                	slli	sp,sp,0x4
 4e0:	0001                	nop
 4e2:	5c01                	li	s8,-32
 4e4:	0700                	addi	s0,sp,896
 4e6:	00fe                	slli	ra,ra,0x1f
 4e8:	0001                	nop
 4ea:	0106                	slli	sp,sp,0x1
 4ec:	0001                	nop
 4ee:	5f01                	li	t5,-32
 4f0:	0700                	addi	s0,sp,896
 4f2:	0112                	slli	sp,sp,0x4
 4f4:	0001                	nop
 4f6:	011a                	slli	sp,sp,0x6
 4f8:	0001                	nop
 4fa:	9fff0903          	lb	s2,-1537(t5)
 4fe:	0700                	addi	s0,sp,896
 500:	0116                	slli	sp,sp,0x5
 502:	0001                	nop
 504:	011a                	slli	sp,sp,0x6
 506:	0001                	nop
 508:	5801                	li	a6,-32
 50a:	4500                	lw	s0,8(a0)
 50c:	0002                	c.slli64	zero
 50e:	0500                	addi	s0,sp,640
 510:	0400                	addi	s0,sp,512
 512:	0000                	unimp
 514:	0000                	unimp
 516:	0700                	addi	s0,sp,896
 518:	04fc                	addi	a5,sp,588
 51a:	0001                	nop
 51c:	0514                	addi	a3,sp,640
 51e:	0001                	nop
 520:	5a01                	li	s4,-32
 522:	01051407          	.4byte	0x1051407
 526:	1c00                	addi	s0,sp,560
 528:	0105                	addi	sp,sp,1
 52a:	0300                	addi	s0,sp,384
 52c:	017a                	slli	sp,sp,0x1e
 52e:	079f 051c 0001      	.byte	0x9f, 0x07, 0x1c, 0x05, 0x01, 0x00
 534:	0574                	addi	a3,sp,652
 536:	0001                	nop
 538:	5b01                	li	s6,-32
 53a:	01057807          	.4byte	0x1057807
 53e:	0e00                	addi	s0,sp,784
 540:	0106                	slli	sp,sp,0x1
 542:	0100                	addi	s0,sp,128
 544:	1407005b          	.4byte	0x1407005b
 548:	0105                	addi	sp,sp,1
 54a:	3400                	.2byte	0x3400
 54c:	0105                	addi	sp,sp,1
 54e:	0200                	addi	s0,sp,256
 550:	9f30                	.2byte	0x9f30
 552:	01053407          	.4byte	0x1053407
 556:	5000                	lw	s0,32(s0)
 558:	0105                	addi	sp,sp,1
 55a:	0100                	addi	s0,sp,128
 55c:	075d                	addi	a4,a4,23 # 1a017 <dtb+0x988f>
 55e:	056a                	slli	a0,a0,0x1a
 560:	0001                	nop
 562:	0574                	addi	a3,sp,652
 564:	0001                	nop
 566:	5d01                	li	s10,-32
 568:	01057807          	.4byte	0x1057807
 56c:	7e00                	.2byte	0x7e00
 56e:	0105                	addi	sp,sp,1
 570:	0100                	addi	s0,sp,128
 572:	075d                	addi	a4,a4,23
 574:	05be                	slli	a1,a1,0xf
 576:	0001                	nop
 578:	05d0                	addi	a2,sp,708
 57a:	0001                	nop
 57c:	5d01                	li	s10,-32
 57e:	0105e207          	.4byte	0x105e207
 582:	fc00                	.2byte	0xfc00
 584:	0105                	addi	sp,sp,1
 586:	0200                	addi	s0,sp,256
 588:	9f30                	.2byte	0x9f30
 58a:	01060607          	.4byte	0x1060607
 58e:	0e00                	addi	s0,sp,784
 590:	0106                	slli	sp,sp,0x1
 592:	0100                	addi	s0,sp,128
 594:	005d                	c.nop	23
 596:	01051407          	.4byte	0x1051407
 59a:	3400                	.2byte	0x3400
 59c:	0105                	addi	sp,sp,1
 59e:	0200                	addi	s0,sp,256
 5a0:	9f30                	.2byte	0x9f30
 5a2:	01053407          	.4byte	0x1053407
 5a6:	6400                	.2byte	0x6400
 5a8:	0105                	addi	sp,sp,1
 5aa:	0100                	addi	s0,sp,128
 5ac:	075a                	slli	a4,a4,0x16
 5ae:	056a                	slli	a0,a0,0x1a
 5b0:	0001                	nop
 5b2:	0574                	addi	a3,sp,652
 5b4:	0001                	nop
 5b6:	5a01                	li	s4,-32
 5b8:	01057807          	.4byte	0x1057807
 5bc:	8400                	.2byte	0x8400
 5be:	0105                	addi	sp,sp,1
 5c0:	0100                	addi	s0,sp,128
 5c2:	075a                	slli	a4,a4,0x16
 5c4:	05be                	slli	a1,a1,0xf
 5c6:	0001                	nop
 5c8:	05c2                	slli	a1,a1,0x10
 5ca:	0001                	nop
 5cc:	5a01                	li	s4,-32
 5ce:	0105e207          	.4byte	0x105e207
 5d2:	0400                	addi	s0,sp,512
 5d4:	0106                	slli	sp,sp,0x1
 5d6:	0100                	addi	s0,sp,128
 5d8:	075a                	slli	a4,a4,0x16
 5da:	0606                	slli	a2,a2,0x1
 5dc:	0001                	nop
 5de:	060c                	addi	a1,sp,768
 5e0:	0001                	nop
 5e2:	5a01                	li	s4,-32
 5e4:	0700                	addi	s0,sp,896
 5e6:	0514                	addi	a3,sp,640
 5e8:	0001                	nop
 5ea:	0534                	addi	a3,sp,648
 5ec:	0001                	nop
 5ee:	3002                	.2byte	0x3002
 5f0:	079f 0534 0001      	.byte	0x9f, 0x07, 0x34, 0x05, 0x01, 0x00
 5f6:	0558                	addi	a4,sp,644
 5f8:	0001                	nop
 5fa:	5e01                	li	t3,-32
 5fc:	01056a07          	.4byte	0x1056a07
 600:	7400                	.2byte	0x7400
 602:	0105                	addi	sp,sp,1
 604:	0100                	addi	s0,sp,128
 606:	075e                	slli	a4,a4,0x17
 608:	0578                	addi	a4,sp,652
 60a:	0001                	nop
 60c:	059a                	slli	a1,a1,0x6
 60e:	0001                	nop
 610:	5e01                	li	t3,-32
 612:	0105be07          	.4byte	0x105be07
 616:	ca00                	sw	s0,16(a2)
 618:	0105                	addi	sp,sp,1
 61a:	0100                	addi	s0,sp,128
 61c:	075e                	slli	a4,a4,0x17
 61e:	05e2                	slli	a1,a1,0x18
 620:	0001                	nop
 622:	0608                	addi	a0,sp,768
 624:	0001                	nop
 626:	5e01                	li	t3,-32
 628:	01060a07          	.4byte	0x1060a07
 62c:	0e00                	addi	s0,sp,784
 62e:	0106                	slli	sp,sp,0x1
 630:	0100                	addi	s0,sp,128
 632:	005e                	c.slli	zero,0x17
 634:	01051407          	.4byte	0x1051407
 638:	3a00                	.2byte	0x3a00
 63a:	0105                	addi	sp,sp,1
 63c:	0100                	addi	s0,sp,128
 63e:	0756                	slli	a4,a4,0x15
 640:	0570                	addi	a2,sp,652
 642:	0001                	nop
 644:	0578                	addi	a4,sp,652
 646:	0001                	nop
 648:	5601                	li	a2,-32
 64a:	0105e207          	.4byte	0x105e207
 64e:	fc00                	.2byte	0xfc00
 650:	0105                	addi	sp,sp,1
 652:	0100                	addi	s0,sp,128
 654:	0056                	c.slli	zero,0x15
 656:	01059a07          	.4byte	0x1059a07
 65a:	be00                	.2byte	0xbe00
 65c:	0105                	addi	sp,sp,1
 65e:	0100                	addi	s0,sp,128
 660:	0600076f          	jal	a4,6c0 <_prog_start-0xf940>
 664:	0001                	nop
 666:	0606                	slli	a2,a2,0x1
 668:	0001                	nop
 66a:	6f01                	.2byte	0x6f01
 66c:	0700                	addi	s0,sp,896
 66e:	059a                	slli	a1,a1,0x6
 670:	0001                	nop
 672:	05be                	slli	a1,a1,0xf
 674:	0001                	nop
 676:	5a01                	li	s4,-32
 678:	01060007          	.4byte	0x1060007
 67c:	0600                	addi	s0,sp,768
 67e:	0106                	slli	sp,sp,0x1
 680:	0200                	addi	s0,sp,256
 682:	9f4c                	.2byte	0x9f4c
 684:	0700                	addi	s0,sp,896
 686:	05a2                	slli	a1,a1,0x8
 688:	0001                	nop
 68a:	05be                	slli	a1,a1,0xf
 68c:	0001                	nop
 68e:	6001                	.2byte	0x6001
 690:	0700                	addi	s0,sp,896
 692:	05b2                	slli	a1,a1,0xc
 694:	0001                	nop
 696:	05b6                	slli	a1,a1,0xd
 698:	0001                	nop
 69a:	5d01                	li	s10,-32
 69c:	0700                	addi	s0,sp,896
 69e:	05ee                	slli	a1,a1,0x1b
 6a0:	0001                	nop
 6a2:	05fc                	addi	a5,sp,716
 6a4:	0001                	nop
 6a6:	5f01                	li	t5,-32
 6a8:	0700                	addi	s0,sp,896
 6aa:	0558                	addi	a4,sp,644
 6ac:	0001                	nop
 6ae:	0564                	addi	s1,sp,652
 6b0:	0001                	nop
 6b2:	5e01                	li	t3,-32
 6b4:	0700                	addi	s0,sp,896
 6b6:	0558                	addi	a4,sp,644
 6b8:	0001                	nop
 6ba:	0564                	addi	s1,sp,652
 6bc:	0001                	nop
 6be:	4904                	lw	s1,16(a0)
 6c0:	244a                	.2byte	0x244a
 6c2:	009f 6007 0105      	.byte	0x9f, 0x00, 0x07, 0x60, 0x05, 0x01
 6c8:	6400                	.2byte	0x6400
 6ca:	0105                	addi	sp,sp,1
 6cc:	0100                	addi	s0,sp,128
 6ce:	005d                	c.nop	23
 6d0:	0105c207          	.4byte	0x105c207
 6d4:	e200                	.2byte	0xe200
 6d6:	0105                	addi	sp,sp,1
 6d8:	0100                	addi	s0,sp,128
 6da:	005a                	c.slli	zero,0x16
 6dc:	0105ca07          	.4byte	0x105ca07
 6e0:	dc00                	sw	s0,56(s0)
 6e2:	0105                	addi	sp,sp,1
 6e4:	0100                	addi	s0,sp,128
 6e6:	075e                	slli	a4,a4,0x17
 6e8:	05de                	slli	a1,a1,0x17
 6ea:	0001                	nop
 6ec:	05e2                	slli	a1,a1,0x18
 6ee:	0001                	nop
 6f0:	5e01                	li	t3,-32
 6f2:	0700                	addi	s0,sp,896
 6f4:	05d4                	addi	a3,sp,708
 6f6:	0001                	nop
 6f8:	05d8                	addi	a4,sp,708
 6fa:	0001                	nop
 6fc:	5d01                	li	s10,-32
 6fe:	0700                	addi	s0,sp,896
 700:	04c4                	addi	s1,sp,580
 702:	0001                	nop
 704:	04ce                	slli	s1,s1,0x13
 706:	0001                	nop
 708:	5a01                	li	s4,-32
 70a:	0104ce07          	.4byte	0x104ce07
 70e:	fc00                	.2byte	0xfc00
 710:	0104                	addi	s1,sp,128
 712:	0400                	addi	s0,sp,512
 714:	9f5a01a3          	sb	s5,-1565(s4)
 718:	0700                	addi	s0,sp,896
 71a:	04c4                	addi	s1,sp,580
 71c:	0001                	nop
 71e:	04e4                	addi	s1,sp,588
 720:	0001                	nop
 722:	5a01                	li	s4,-32
 724:	0700                	addi	s0,sp,896
 726:	04c8                	addi	a0,sp,580
 728:	0001                	nop
 72a:	04da                	slli	s1,s1,0x16
 72c:	0001                	nop
 72e:	5e01                	li	t3,-32
 730:	0104dc07          	.4byte	0x104dc07
 734:	e400                	.2byte	0xe400
 736:	0104                	addi	s1,sp,128
 738:	0100                	addi	s0,sp,128
 73a:	005e                	c.slli	zero,0x17
 73c:	0104d207          	.4byte	0x104d207
 740:	d600                	sw	s0,40(a2)
 742:	0104                	addi	s1,sp,128
 744:	0100                	addi	s0,sp,128
 746:	005d                	c.nop	23
 748:	0104e807          	.4byte	0x104e807
 74c:	f200                	.2byte	0xf200
 74e:	0104                	addi	s1,sp,128
 750:	0100                	addi	s0,sp,128
 752:	005d                	c.nop	23

Disassembly of section .debug_rnglists:

00000000 <.debug_rnglists>:
   0:	00000203          	lb	tp,0(zero) # 0 <_prog_start-0x10000>
   4:	0005                	c.nop	1
   6:	0004                	.2byte	0x4
   8:	0000                	unimp
   a:	0000                	unimp
   c:	d206                	sw	ra,36(sp)
   e:	0100                	addi	s0,sp,128
  10:	d200                	sw	s0,32(a2)
  12:	0100                	addi	s0,sp,128
  14:	0600                	addi	s0,sp,768
  16:	00da                	slli	ra,ra,0x16
  18:	0001                	nop
  1a:	00e6                	slli	ra,ra,0x19
  1c:	0001                	nop
  1e:	0600                	addi	s0,sp,768
  20:	00f6                	slli	ra,ra,0x1d
  22:	0001                	nop
  24:	0102                	c.slli64	sp
  26:	0001                	nop
  28:	0606                	slli	a2,a2,0x1
  2a:	0101                	addi	sp,sp,0
  2c:	0a00                	addi	s0,sp,272
  2e:	0101                	addi	sp,sp,0
  30:	0000                	unimp
  32:	0206                	slli	tp,tp,0x1
  34:	0101                	addi	sp,sp,0
  36:	0600                	addi	s0,sp,768
  38:	0101                	addi	sp,sp,0
  3a:	0600                	addi	s0,sp,768
  3c:	010a                	slli	sp,sp,0x2
  3e:	0001                	nop
  40:	0112                	slli	sp,sp,0x4
  42:	0001                	nop
  44:	1206                	slli	tp,tp,0x21
  46:	0101                	addi	sp,sp,0
  48:	1a00                	addi	s0,sp,304
  4a:	0101                	addi	sp,sp,0
  4c:	0000                	unimp
  4e:	5a06                	lw	s4,96(sp)
  50:	0101                	addi	sp,sp,0
  52:	7e00                	.2byte	0x7e00
  54:	0101                	addi	sp,sp,0
  56:	0600                	addi	s0,sp,768
  58:	0186                	slli	gp,gp,0x1
  5a:	0001                	nop
  5c:	018a                	slli	gp,gp,0x2
  5e:	0001                	nop
  60:	0600                	addi	s0,sp,768
  62:	0162                	slli	sp,sp,0x18
  64:	0001                	nop
  66:	0166                	slli	sp,sp,0x19
  68:	0001                	nop
  6a:	6806                	.2byte	0x6806
  6c:	0101                	addi	sp,sp,0
  6e:	6c00                	.2byte	0x6c00
  70:	0101                	addi	sp,sp,0
  72:	0600                	addi	s0,sp,768
  74:	016e                	slli	sp,sp,0x1b
  76:	0001                	nop
  78:	0172                	slli	sp,sp,0x1c
  7a:	0001                	nop
  7c:	7206                	.2byte	0x7206
  7e:	0101                	addi	sp,sp,0
  80:	7a00                	.2byte	0x7a00
  82:	0101                	addi	sp,sp,0
  84:	0000                	unimp
  86:	7e06                	.2byte	0x7e06
  88:	0101                	addi	sp,sp,0
  8a:	8600                	.2byte	0x8600
  8c:	0101                	addi	sp,sp,0
  8e:	0600                	addi	s0,sp,768
  90:	018a                	slli	gp,gp,0x2
  92:	0001                	nop
  94:	01ac                	addi	a1,sp,200
  96:	0001                	nop
  98:	0600                	addi	s0,sp,768
  9a:	01ce                	slli	gp,gp,0x13
  9c:	0001                	nop
  9e:	01d2                	slli	gp,gp,0x14
  a0:	0001                	nop
  a2:	d606                	sw	ra,44(sp)
  a4:	0101                	addi	sp,sp,0
  a6:	e200                	.2byte	0xe200
  a8:	0101                	addi	sp,sp,0
  aa:	0000                	unimp
  ac:	0406                	slli	s0,s0,0x1
  ae:	0102                	c.slli64	sp
  b0:	0800                	addi	s0,sp,16
  b2:	0102                	c.slli64	sp
  b4:	0600                	addi	s0,sp,768
  b6:	020a                	slli	tp,tp,0x2
  b8:	0001                	nop
  ba:	020c                	addi	a1,sp,256
  bc:	0001                	nop
  be:	1006                	c.slli	zero,0x21
  c0:	0102                	c.slli64	sp
  c2:	1a00                	addi	s0,sp,304
  c4:	0102                	c.slli64	sp
  c6:	0000                	unimp
  c8:	6406                	.2byte	0x6406
  ca:	0102                	c.slli64	sp
  cc:	6c00                	.2byte	0x6c00
  ce:	0102                	c.slli64	sp
  d0:	0600                	addi	s0,sp,768
  d2:	026e                	slli	tp,tp,0x1b
  d4:	0001                	nop
  d6:	0288                	addi	a0,sp,320
  d8:	0001                	nop
  da:	0600                	addi	s0,sp,768
  dc:	0264                	addi	s1,sp,268
  de:	0001                	nop
  e0:	026c                	addi	a1,sp,268
  e2:	0001                	nop
  e4:	7a06                	.2byte	0x7a06
  e6:	0102                	c.slli64	sp
  e8:	8800                	.2byte	0x8800
  ea:	0102                	c.slli64	sp
  ec:	0000                	unimp
  ee:	6406                	.2byte	0x6406
  f0:	0102                	c.slli64	sp
  f2:	6c00                	.2byte	0x6c00
  f4:	0102                	c.slli64	sp
  f6:	0600                	addi	s0,sp,768
  f8:	027a                	slli	tp,tp,0x1e
  fa:	0001                	nop
  fc:	0284                	addi	s1,sp,320
  fe:	0001                	nop
 100:	0600                	addi	s0,sp,768
 102:	02b2                	slli	t0,t0,0xc
 104:	0001                	nop
 106:	02b6                	slli	t0,t0,0xd
 108:	0001                	nop
 10a:	ba06                	.2byte	0xba06
 10c:	0102                	c.slli64	sp
 10e:	c600                	sw	s0,8(a2)
 110:	0102                	c.slli64	sp
 112:	0000                	unimp
 114:	2c06                	.2byte	0x2c06
 116:	32000103          	lb	sp,800(zero) # 320 <_prog_start-0xfce0>
 11a:	06000103          	lb	sp,96(zero) # 60 <_prog_start-0xffa0>
 11e:	0334                	addi	a3,sp,392
 120:	0001                	nop
 122:	0342                	slli	t1,t1,0x10
 124:	0001                	nop
 126:	0600                	addi	s0,sp,768
 128:	032c                	addi	a1,sp,392
 12a:	0001                	nop
 12c:	0332                	slli	t1,t1,0xc
 12e:	0001                	nop
 130:	3406                	.2byte	0x3406
 132:	3e000103          	lb	sp,992(zero) # 3e0 <_prog_start-0xfc20>
 136:	00000103          	lb	sp,0(zero) # 0 <_prog_start-0x10000>
 13a:	4606                	lw	a2,64(sp)
 13c:	78000103          	lb	sp,1920(zero) # 780 <_prog_start-0xf880>
 140:	0104                	addi	s1,sp,128
 142:	0600                	addi	s0,sp,768
 144:	04a0                	addi	s0,sp,584
 146:	0001                	nop
 148:	04c4                	addi	s1,sp,580
 14a:	0001                	nop
 14c:	0600                	addi	s0,sp,768
 14e:	0382                	c.slli64	t2
 150:	0001                	nop
 152:	039a                	slli	t2,t2,0x6
 154:	0001                	nop
 156:	9e06                	add	t3,t3,ra
 158:	32000103          	lb	sp,800(zero) # 320 <_prog_start-0xfce0>
 15c:	0104                	addi	s1,sp,128
 15e:	0600                	addi	s0,sp,768
 160:	04a0                	addi	s0,sp,584
 162:	0001                	nop
 164:	04ae                	slli	s1,s1,0xb
 166:	0001                	nop
 168:	0600                	addi	s0,sp,768
 16a:	0382                	c.slli64	t2
 16c:	0001                	nop
 16e:	0384                	addi	s1,sp,448
 170:	0001                	nop
 172:	9806                	add	a6,a6,ra
 174:	9a000103          	lb	sp,-1632(zero) # fffff9a0 <_sp+0x7feff9a0>
 178:	06000103          	lb	sp,96(zero) # 60 <_prog_start-0xffa0>
 17c:	03ba                	slli	t2,t2,0xe
 17e:	0001                	nop
 180:	03be                	slli	t2,t2,0xf
 182:	0001                	nop
 184:	be06                	.2byte	0xbe06
 186:	02000103          	lb	sp,32(zero) # 20 <_prog_start-0xffe0>
 18a:	0104                	addi	s1,sp,128
 18c:	0600                	addi	s0,sp,768
 18e:	0406                	slli	s0,s0,0x1
 190:	0001                	nop
 192:	040a                	slli	s0,s0,0x2
 194:	0001                	nop
 196:	0600                	addi	s0,sp,768
 198:	0382                	c.slli64	t2
 19a:	0001                	nop
 19c:	0384                	addi	s1,sp,448
 19e:	0001                	nop
 1a0:	9806                	add	a6,a6,ra
 1a2:	9a000103          	lb	sp,-1632(zero) # fffff9a0 <_sp+0x7feff9a0>
 1a6:	06000103          	lb	sp,96(zero) # 60 <_prog_start-0xffa0>
 1aa:	03d8                	addi	a4,sp,452
 1ac:	0001                	nop
 1ae:	03f8                	addi	a4,sp,460
 1b0:	0001                	nop
 1b2:	0006                	c.slli	zero,0x1
 1b4:	0104                	addi	s1,sp,128
 1b6:	0200                	addi	s0,sp,256
 1b8:	0104                	addi	s1,sp,128
 1ba:	0000                	unimp
 1bc:	ba06                	.2byte	0xba06
 1be:	be000103          	lb	sp,-1056(zero) # fffffbe0 <_sp+0x7feffbe0>
 1c2:	06000103          	lb	sp,96(zero) # 60 <_prog_start-0xffa0>
 1c6:	03be                	slli	t2,t2,0xf
 1c8:	0001                	nop
 1ca:	03d6                	slli	t2,t2,0x15
 1cc:	0001                	nop
 1ce:	0600                	addi	s0,sp,768
 1d0:	0384                	addi	s1,sp,448
 1d2:	0001                	nop
 1d4:	0390                	addi	a2,sp,448
 1d6:	0001                	nop
 1d8:	9406                	add	s0,s0,ra
 1da:	98000103          	lb	sp,-1664(zero) # fffff980 <_sp+0x7feff980>
 1de:	06000103          	lb	sp,96(zero) # 60 <_prog_start-0xffa0>
 1e2:	039e                	slli	t2,t2,0x7
 1e4:	0001                	nop
 1e6:	03a2                	slli	t2,t2,0x8
 1e8:	0001                	nop
 1ea:	a206                	.2byte	0xa206
 1ec:	aa000103          	lb	sp,-1376(zero) # fffffaa0 <_sp+0x7feffaa0>
 1f0:	00000103          	lb	sp,0(zero) # 0 <_prog_start-0x10000>
 1f4:	8a06                	mv	s4,ra
 1f6:	0100                	addi	s0,sp,128
 1f8:	3e00                	.2byte	0x3e00
 1fa:	0101                	addi	sp,sp,0
 1fc:	0600                	addi	s0,sp,768
 1fe:	013e                	slli	sp,sp,0xf
 200:	0001                	nop
 202:	04c4                	addi	s1,sp,580
 204:	0001                	nop
 206:	8300                	.2byte	0x8300
 208:	0000                	unimp
 20a:	0500                	addi	s0,sp,640
 20c:	0400                	addi	s0,sp,512
 20e:	0000                	unimp
 210:	0000                	unimp
 212:	0600                	addi	s0,sp,768
 214:	0526                	slli	a0,a0,0x9
 216:	0001                	nop
 218:	052a                	slli	a0,a0,0xa
 21a:	0001                	nop
 21c:	ea06                	.2byte	0xea06
 21e:	0105                	addi	sp,sp,1
 220:	fc00                	.2byte	0xfc00
 222:	0105                	addi	sp,sp,1
 224:	0000                	unimp
 226:	5006                	.2byte	0x5006
 228:	0105                	addi	sp,sp,1
 22a:	5400                	lw	s0,40(s0)
 22c:	0105                	addi	sp,sp,1
 22e:	0600                	addi	s0,sp,768
 230:	0558                	addi	a4,sp,644
 232:	0001                	nop
 234:	0558                	addi	a4,sp,644
 236:	0001                	nop
 238:	5c06                	lw	s8,96(sp)
 23a:	0105                	addi	sp,sp,1
 23c:	6400                	.2byte	0x6400
 23e:	0105                	addi	sp,sp,1
 240:	0000                	unimp
 242:	7806                	.2byte	0x7806
 244:	0105                	addi	sp,sp,1
 246:	be00                	.2byte	0xbe00
 248:	0105                	addi	sp,sp,1
 24a:	0600                	addi	s0,sp,768
 24c:	05fc                	addi	a5,sp,716
 24e:	0001                	nop
 250:	0606                	slli	a2,a2,0x1
 252:	0001                	nop
 254:	0600                	addi	s0,sp,768
 256:	0592                	slli	a1,a1,0x4
 258:	0001                	nop
 25a:	0598                	addi	a4,sp,704
 25c:	0001                	nop
 25e:	9a06                	add	s4,s4,ra
 260:	0105                	addi	sp,sp,1
 262:	b600                	.2byte	0xb600
 264:	0105                	addi	sp,sp,1
 266:	0000                	unimp
 268:	9406                	add	s0,s0,ra
 26a:	0105                	addi	sp,sp,1
 26c:	9800                	.2byte	0x9800
 26e:	0105                	addi	sp,sp,1
 270:	0600                	addi	s0,sp,768
 272:	05ae                	slli	a1,a1,0xb
 274:	0001                	nop
 276:	05b6                	slli	a1,a1,0xd
 278:	0001                	nop
 27a:	0600                	addi	s0,sp,768
 27c:	05c2                	slli	a1,a1,0x10
 27e:	0001                	nop
 280:	05c2                	slli	a1,a1,0x10
 282:	0001                	nop
 284:	c606                	sw	ra,12(sp)
 286:	0105                	addi	sp,sp,1
 288:	e200                	.2byte	0xe200
 28a:	0105                	addi	sp,sp,1
	...

Disassembly of section .debug_frame:

00000000 <.debug_frame>:
   0:	000c                	.2byte	0xc
   2:	0000                	unimp
   4:	ffff                	.2byte	0xffff
   6:	ffff                	.2byte	0xffff
   8:	7c010003          	lb	zero,1984(sp)
   c:	0d01                	addi	s10,s10,0 # 1b000 <dtb+0xa878>
   e:	0002                	c.slli64	zero
  10:	001c                	.2byte	0x1c
  12:	0000                	unimp
  14:	0000                	unimp
  16:	0000                	unimp
  18:	008a                	slli	ra,ra,0x2
  1a:	0001                	nop
  1c:	00b4                	addi	a3,sp,72
  1e:	0000                	unimp
  20:	0e42                	slli	t3,t3,0x10
  22:	4410                	lw	a2,8(s0)
  24:	0181                	addi	gp,gp,0
  26:	0288                	addi	a0,sp,320
  28:	a402                	.2byte	0xa402
  2a:	46c1                	li	a3,16
  2c:	42c8                	lw	a0,4(a3)
  2e:	000e                	c.slli	zero,0x3
  30:	0028                	addi	a0,sp,8
  32:	0000                	unimp
  34:	0000                	unimp
  36:	0000                	unimp
  38:	013e                	slli	sp,sp,0xf
  3a:	0001                	nop
  3c:	0386                	slli	t2,t2,0x1
  3e:	0000                	unimp
  40:	0e42                	slli	t3,t3,0x10
  42:	4e10                	lw	a2,24(a2)
  44:	0288                	addi	a0,sp,320
  46:	0181                	addi	gp,gp,0
  48:	0389                	addi	t2,t2,2
  4a:	0492                	slli	s1,s1,0x4
  4c:	0a010003          	lb	zero,160(sp)
  50:	44c1                	li	s1,16
  52:	42c8                	lw	a0,4(a3)
  54:	42c9                	li	t0,18
  56:	42d2                	lw	t0,20(sp)
  58:	000e                	c.slli	zero,0x3
  5a:	0b42                	slli	s6,s6,0x10
  5c:	000c                	.2byte	0xc
  5e:	0000                	unimp
  60:	ffff                	.2byte	0xffff
  62:	ffff                	.2byte	0xffff
  64:	7c010003          	lb	zero,1984(sp)
  68:	0d01                	addi	s10,s10,0
  6a:	0002                	c.slli64	zero
  6c:	000c                	.2byte	0xc
  6e:	0000                	unimp
  70:	005c                	addi	a5,sp,4
  72:	0000                	unimp
  74:	04c4                	addi	s1,sp,580
  76:	0001                	nop
  78:	0038                	addi	a4,sp,8
  7a:	0000                	unimp
  7c:	0018                	.2byte	0x18
  7e:	0000                	unimp
  80:	005c                	addi	a5,sp,4
  82:	0000                	unimp
  84:	04fc                	addi	a5,sp,588
  86:	0001                	nop
  88:	0112                	slli	sp,sp,0x4
  8a:	0000                	unimp
  8c:	0e42                	slli	t3,t3,0x10
  8e:	0230                	addi	a2,sp,264
  90:	0a78                	addi	a4,sp,284
  92:	000e                	c.slli	zero,0x3
  94:	0b42                	slli	s6,s6,0x10
	...
